firstName,lastName,dateOfBirth,gender,relationship,principalIdNumber,idNumber,phone,email,isExample
Perf00001,Load00001,1961-02-02,FEMALE,PRINCIPAL,,CFPERF00001,+256710000001,perf.00001+uat@example.invalid,false
Perf00002,Load00002,1962-03-03,OTHER,PRINCIPAL,,CFPERF00002,+256710000002,perf.00002+uat@example.invalid,false
Perf00003,Load00003,1963-04-04,MALE,PRINCIPAL,,CFPERF00003,+256710000003,perf.00003+uat@example.invalid,false
Perf00004,Load00004,1964-05-05,FEMALE,PRINCIPAL,,CFPERF00004,+256710000004,perf.00004+uat@example.invalid,false
Perf00005,Load00005,1965-06-06,OTHER,PRINCIPAL,,CFPERF00005,+256710000005,perf.00005+uat@example.invalid,false
Perf00006,Load00006,1966-07-07,MALE,PRINCIPAL,,CFPERF00006,+256710000006,perf.00006+uat@example.invalid,false
Perf00007,Load00007,1967-08-08,FEMALE,PRINCIPAL,,CFPERF00007,+256710000007,perf.00007+uat@example.invalid,false
Perf00008,Load00008,1968-09-09,OTHER,PRINCIPAL,,CFPERF00008,+256710000008,perf.00008+uat@example.invalid,false
Perf00009,Load00009,1969-10-10,MALE,PRINCIPAL,,CFPERF00009,+256710000009,perf.00009+uat@example.invalid,false
Perf00010,Load00010,1970-11-11,FEMALE,PRINCIPAL,,CFPERF00010,+256710000010,perf.00010+uat@example.invalid,false
Perf00011,Load00011,1971-12-12,OTHER,PRINCIPAL,,CFPERF00011,+256710000011,perf.00011+uat@example.invalid,false
Perf00012,Load00012,1972-01-13,MALE,PRINCIPAL,,CFPERF00012,+256710000012,perf.00012+uat@example.invalid,false
Perf00013,Load00013,1973-02-14,FEMALE,PRINCIPAL,,CFPERF00013,+256710000013,perf.00013+uat@example.invalid,false
Perf00014,Load00014,1974-03-15,OTHER,PRINCIPAL,,CFPERF00014,+256710000014,perf.00014+uat@example.invalid,false
Perf00015,Load00015,1975-04-16,MALE,PRINCIPAL,,CFPERF00015,+256710000015,perf.00015+uat@example.invalid,false
Perf00016,Load00016,1976-05-17,FEMALE,PRINCIPAL,,CFPERF00016,+256710000016,perf.00016+uat@example.invalid,false
Perf00017,Load00017,1977-06-18,OTHER,PRINCIPAL,,CFPERF00017,+256710000017,perf.00017+uat@example.invalid,false
Perf00018,Load00018,1978-07-19,MALE,PRINCIPAL,,CFPERF00018,+256710000018,perf.00018+uat@example.invalid,false
Perf00019,Load00019,1979-08-20,FEMALE,PRINCIPAL,,CFPERF00019,+256710000019,perf.00019+uat@example.invalid,false
Perf00020,Load00020,1980-09-21,OTHER,PRINCIPAL,,CFPERF00020,+256710000020,perf.00020+uat@example.invalid,false
Perf00021,Load00021,1981-10-22,MALE,PRINCIPAL,,CFPERF00021,+256710000021,perf.00021+uat@example.invalid,false
Perf00022,Load00022,1982-11-23,FEMALE,PRINCIPAL,,CFPERF00022,+256710000022,perf.00022+uat@example.invalid,false
Perf00023,Load00023,1983-12-24,OTHER,PRINCIPAL,,CFPERF00023,+256710000023,perf.00023+uat@example.invalid,false
Perf00024,Load00024,1984-01-25,MALE,PRINCIPAL,,CFPERF00024,+256710000024,perf.00024+uat@example.invalid,false
Perf00025,Load00025,1985-02-26,FEMALE,PRINCIPAL,,CFPERF00025,+256710000025,perf.00025+uat@example.invalid,false
Perf00026,Load00026,1986-03-27,OTHER,PRINCIPAL,,CFPERF00026,+256710000026,perf.00026+uat@example.invalid,false
Perf00027,Load00027,1987-04-01,MALE,PRINCIPAL,,CFPERF00027,+256710000027,perf.00027+uat@example.invalid,false
Perf00028,Load00028,1988-05-02,FEMALE,PRINCIPAL,,CFPERF00028,+256710000028,perf.00028+uat@example.invalid,false
Perf00029,Load00029,1989-06-03,OTHER,PRINCIPAL,,CFPERF00029,+256710000029,perf.00029+uat@example.invalid,false
Perf00030,Load00030,1990-07-04,MALE,PRINCIPAL,,CFPERF00030,+256710000030,perf.00030+uat@example.invalid,false
Perf00031,Load00031,1991-08-05,FEMALE,PRINCIPAL,,CFPERF00031,+256710000031,perf.00031+uat@example.invalid,false
Perf00032,Load00032,1992-09-06,OTHER,PRINCIPAL,,CFPERF00032,+256710000032,perf.00032+uat@example.invalid,false
Perf00033,Load00033,1993-10-07,MALE,PRINCIPAL,,CFPERF00033,+256710000033,perf.00033+uat@example.invalid,false
Perf00034,Load00034,1994-11-08,FEMALE,PRINCIPAL,,CFPERF00034,+256710000034,perf.00034+uat@example.invalid,false
Perf00035,Load00035,1995-12-09,OTHER,PRINCIPAL,,CFPERF00035,+256710000035,perf.00035+uat@example.invalid,false
Perf00036,Load00036,1996-01-10,MALE,PRINCIPAL,,CFPERF00036,+256710000036,perf.00036+uat@example.invalid,false
Perf00037,Load00037,1997-02-11,FEMALE,PRINCIPAL,,CFPERF00037,+256710000037,perf.00037+uat@example.invalid,false
Perf00038,Load00038,1998-03-12,OTHER,PRINCIPAL,,CFPERF00038,+256710000038,perf.00038+uat@example.invalid,false
Perf00039,Load00039,1999-04-13,MALE,PRINCIPAL,,CFPERF00039,+256710000039,perf.00039+uat@example.invalid,false
Perf00040,Load00040,2000-05-14,FEMALE,PRINCIPAL,,CFPERF00040,+256710000040,perf.00040+uat@example.invalid,false
Perf00041,Load00041,2001-06-15,OTHER,PRINCIPAL,,CFPERF00041,+256710000041,perf.00041+uat@example.invalid,false
Perf00042,Load00042,2002-07-16,MALE,PRINCIPAL,,CFPERF00042,+256710000042,perf.00042+uat@example.invalid,false
Perf00043,Load00043,2003-08-17,FEMALE,PRINCIPAL,,CFPERF00043,+256710000043,perf.00043+uat@example.invalid,false
Perf00044,Load00044,2004-09-18,OTHER,PRINCIPAL,,CFPERF00044,+256710000044,perf.00044+uat@example.invalid,false
Perf00045,Load00045,1960-10-19,MALE,PRINCIPAL,,CFPERF00045,+256710000045,perf.00045+uat@example.invalid,false
Perf00046,Load00046,1961-11-20,FEMALE,PRINCIPAL,,CFPERF00046,+256710000046,perf.00046+uat@example.invalid,false
Perf00047,Load00047,1962-12-21,OTHER,PRINCIPAL,,CFPERF00047,+256710000047,perf.00047+uat@example.invalid,false
Perf00048,Load00048,1963-01-22,MALE,PRINCIPAL,,CFPERF00048,+256710000048,perf.00048+uat@example.invalid,false
Perf00049,Load00049,1964-02-23,FEMALE,PRINCIPAL,,CFPERF00049,+256710000049,perf.00049+uat@example.invalid,false
Perf00050,Load00050,1965-03-24,OTHER,PRINCIPAL,,CFPERF00050,+256710000050,perf.00050+uat@example.invalid,false
Perf00051,Load00051,1966-04-25,MALE,PRINCIPAL,,CFPERF00051,+256710000051,perf.00051+uat@example.invalid,false
Perf00052,Load00052,1967-05-26,FEMALE,PRINCIPAL,,CFPERF00052,+256710000052,perf.00052+uat@example.invalid,false
Perf00053,Load00053,1968-06-27,OTHER,PRINCIPAL,,CFPERF00053,+256710000053,perf.00053+uat@example.invalid,false
Perf00054,Load00054,1969-07-01,MALE,PRINCIPAL,,CFPERF00054,+256710000054,perf.00054+uat@example.invalid,false
Perf00055,Load00055,1970-08-02,FEMALE,PRINCIPAL,,CFPERF00055,+256710000055,perf.00055+uat@example.invalid,false
Perf00056,Load00056,1971-09-03,OTHER,PRINCIPAL,,CFPERF00056,+256710000056,perf.00056+uat@example.invalid,false
Perf00057,Load00057,1972-10-04,MALE,PRINCIPAL,,CFPERF00057,+256710000057,perf.00057+uat@example.invalid,false
Perf00058,Load00058,1973-11-05,FEMALE,PRINCIPAL,,CFPERF00058,+256710000058,perf.00058+uat@example.invalid,false
Perf00059,Load00059,1974-12-06,OTHER,PRINCIPAL,,CFPERF00059,+256710000059,perf.00059+uat@example.invalid,false
Perf00060,Load00060,1975-01-07,MALE,PRINCIPAL,,CFPERF00060,+256710000060,perf.00060+uat@example.invalid,false
Perf00061,Load00061,1976-02-08,FEMALE,PRINCIPAL,,CFPERF00061,+256710000061,perf.00061+uat@example.invalid,false
Perf00062,Load00062,1977-03-09,OTHER,PRINCIPAL,,CFPERF00062,+256710000062,perf.00062+uat@example.invalid,false
Perf00063,Load00063,1978-04-10,MALE,PRINCIPAL,,CFPERF00063,+256710000063,perf.00063+uat@example.invalid,false
Perf00064,Load00064,1979-05-11,FEMALE,PRINCIPAL,,CFPERF00064,+256710000064,perf.00064+uat@example.invalid,false
Perf00065,Load00065,1980-06-12,OTHER,PRINCIPAL,,CFPERF00065,+256710000065,perf.00065+uat@example.invalid,false
Perf00066,Load00066,1981-07-13,MALE,PRINCIPAL,,CFPERF00066,+256710000066,perf.00066+uat@example.invalid,false
Perf00067,Load00067,1982-08-14,FEMALE,PRINCIPAL,,CFPERF00067,+256710000067,perf.00067+uat@example.invalid,false
Perf00068,Load00068,1983-09-15,OTHER,PRINCIPAL,,CFPERF00068,+256710000068,perf.00068+uat@example.invalid,false
Perf00069,Load00069,1984-10-16,MALE,PRINCIPAL,,CFPERF00069,+256710000069,perf.00069+uat@example.invalid,false
Perf00070,Load00070,1985-11-17,FEMALE,PRINCIPAL,,CFPERF00070,+256710000070,perf.00070+uat@example.invalid,false
Perf00071,Load00071,1986-12-18,OTHER,PRINCIPAL,,CFPERF00071,+256710000071,perf.00071+uat@example.invalid,false
Perf00072,Load00072,1987-01-19,MALE,PRINCIPAL,,CFPERF00072,+256710000072,perf.00072+uat@example.invalid,false
Perf00073,Load00073,1988-02-20,FEMALE,PRINCIPAL,,CFPERF00073,+256710000073,perf.00073+uat@example.invalid,false
Perf00074,Load00074,1989-03-21,OTHER,PRINCIPAL,,CFPERF00074,+256710000074,perf.00074+uat@example.invalid,false
Perf00075,Load00075,1990-04-22,MALE,PRINCIPAL,,CFPERF00075,+256710000075,perf.00075+uat@example.invalid,false
Perf00076,Load00076,1991-05-23,FEMALE,PRINCIPAL,,CFPERF00076,+256710000076,perf.00076+uat@example.invalid,false
Perf00077,Load00077,1992-06-24,OTHER,PRINCIPAL,,CFPERF00077,+256710000077,perf.00077+uat@example.invalid,false
Perf00078,Load00078,1993-07-25,MALE,PRINCIPAL,,CFPERF00078,+256710000078,perf.00078+uat@example.invalid,false
Perf00079,Load00079,1994-08-26,FEMALE,PRINCIPAL,,CFPERF00079,+256710000079,perf.00079+uat@example.invalid,false
Perf00080,Load00080,1995-09-27,OTHER,PRINCIPAL,,CFPERF00080,+256710000080,perf.00080+uat@example.invalid,false
Perf00081,Load00081,1996-10-01,MALE,PRINCIPAL,,CFPERF00081,+256710000081,perf.00081+uat@example.invalid,false
Perf00082,Load00082,1997-11-02,FEMALE,PRINCIPAL,,CFPERF00082,+256710000082,perf.00082+uat@example.invalid,false
Perf00083,Load00083,1998-12-03,OTHER,PRINCIPAL,,CFPERF00083,+256710000083,perf.00083+uat@example.invalid,false
Perf00084,Load00084,1999-01-04,MALE,PRINCIPAL,,CFPERF00084,+256710000084,perf.00084+uat@example.invalid,false
Perf00085,Load00085,2000-02-05,FEMALE,PRINCIPAL,,CFPERF00085,+256710000085,perf.00085+uat@example.invalid,false
Perf00086,Load00086,2001-03-06,OTHER,PRINCIPAL,,CFPERF00086,+256710000086,perf.00086+uat@example.invalid,false
Perf00087,Load00087,2002-04-07,MALE,PRINCIPAL,,CFPERF00087,+256710000087,perf.00087+uat@example.invalid,false
Perf00088,Load00088,2003-05-08,FEMALE,PRINCIPAL,,CFPERF00088,+256710000088,perf.00088+uat@example.invalid,false
Perf00089,Load00089,2004-06-09,OTHER,PRINCIPAL,,CFPERF00089,+256710000089,perf.00089+uat@example.invalid,false
Perf00090,Load00090,1960-07-10,MALE,PRINCIPAL,,CFPERF00090,+256710000090,perf.00090+uat@example.invalid,false
Perf00091,Load00091,1961-08-11,FEMALE,PRINCIPAL,,CFPERF00091,+256710000091,perf.00091+uat@example.invalid,false
Perf00092,Load00092,1962-09-12,OTHER,PRINCIPAL,,CFPERF00092,+256710000092,perf.00092+uat@example.invalid,false
Perf00093,Load00093,1963-10-13,MALE,PRINCIPAL,,CFPERF00093,+256710000093,perf.00093+uat@example.invalid,false
Perf00094,Load00094,1964-11-14,FEMALE,PRINCIPAL,,CFPERF00094,+256710000094,perf.00094+uat@example.invalid,false
Perf00095,Load00095,1965-12-15,OTHER,PRINCIPAL,,CFPERF00095,+256710000095,perf.00095+uat@example.invalid,false
Perf00096,Load00096,1966-01-16,MALE,PRINCIPAL,,CFPERF00096,+256710000096,perf.00096+uat@example.invalid,false
Perf00097,Load00097,1967-02-17,FEMALE,PRINCIPAL,,CFPERF00097,+256710000097,perf.00097+uat@example.invalid,false
Perf00098,Load00098,1968-03-18,OTHER,PRINCIPAL,,CFPERF00098,+256710000098,perf.00098+uat@example.invalid,false
Perf00099,Load00099,1969-04-19,MALE,PRINCIPAL,,CFPERF00099,+256710000099,perf.00099+uat@example.invalid,false
Perf00100,Load00100,1970-05-20,FEMALE,PRINCIPAL,,CFPERF00100,+256710000100,perf.00100+uat@example.invalid,false
Perf00101,Load00101,1971-06-21,OTHER,PRINCIPAL,,CFPERF00101,+256710000101,perf.00101+uat@example.invalid,false
Perf00102,Load00102,1972-07-22,MALE,PRINCIPAL,,CFPERF00102,+256710000102,perf.00102+uat@example.invalid,false
Perf00103,Load00103,1973-08-23,FEMALE,PRINCIPAL,,CFPERF00103,+256710000103,perf.00103+uat@example.invalid,false
Perf00104,Load00104,1974-09-24,OTHER,PRINCIPAL,,CFPERF00104,+256710000104,perf.00104+uat@example.invalid,false
Perf00105,Load00105,1975-10-25,MALE,PRINCIPAL,,CFPERF00105,+256710000105,perf.00105+uat@example.invalid,false
Perf00106,Load00106,1976-11-26,FEMALE,PRINCIPAL,,CFPERF00106,+256710000106,perf.00106+uat@example.invalid,false
Perf00107,Load00107,1977-12-27,OTHER,PRINCIPAL,,CFPERF00107,+256710000107,perf.00107+uat@example.invalid,false
Perf00108,Load00108,1978-01-01,MALE,PRINCIPAL,,CFPERF00108,+256710000108,perf.00108+uat@example.invalid,false
Perf00109,Load00109,1979-02-02,FEMALE,PRINCIPAL,,CFPERF00109,+256710000109,perf.00109+uat@example.invalid,false
Perf00110,Load00110,1980-03-03,OTHER,PRINCIPAL,,CFPERF00110,+256710000110,perf.00110+uat@example.invalid,false
Perf00111,Load00111,1981-04-04,MALE,PRINCIPAL,,CFPERF00111,+256710000111,perf.00111+uat@example.invalid,false
Perf00112,Load00112,1982-05-05,FEMALE,PRINCIPAL,,CFPERF00112,+256710000112,perf.00112+uat@example.invalid,false
Perf00113,Load00113,1983-06-06,OTHER,PRINCIPAL,,CFPERF00113,+256710000113,perf.00113+uat@example.invalid,false
Perf00114,Load00114,1984-07-07,MALE,PRINCIPAL,,CFPERF00114,+256710000114,perf.00114+uat@example.invalid,false
Perf00115,Load00115,1985-08-08,FEMALE,PRINCIPAL,,CFPERF00115,+256710000115,perf.00115+uat@example.invalid,false
Perf00116,Load00116,1986-09-09,OTHER,PRINCIPAL,,CFPERF00116,+256710000116,perf.00116+uat@example.invalid,false
Perf00117,Load00117,1987-10-10,MALE,PRINCIPAL,,CFPERF00117,+256710000117,perf.00117+uat@example.invalid,false
Perf00118,Load00118,1988-11-11,FEMALE,PRINCIPAL,,CFPERF00118,+256710000118,perf.00118+uat@example.invalid,false
Perf00119,Load00119,1989-12-12,OTHER,PRINCIPAL,,CFPERF00119,+256710000119,perf.00119+uat@example.invalid,false
Perf00120,Load00120,1990-01-13,MALE,PRINCIPAL,,CFPERF00120,+256710000120,perf.00120+uat@example.invalid,false
Perf00121,Load00121,1991-02-14,FEMALE,PRINCIPAL,,CFPERF00121,+256710000121,perf.00121+uat@example.invalid,false
Perf00122,Load00122,1992-03-15,OTHER,PRINCIPAL,,CFPERF00122,+256710000122,perf.00122+uat@example.invalid,false
Perf00123,Load00123,1993-04-16,MALE,PRINCIPAL,,CFPERF00123,+256710000123,perf.00123+uat@example.invalid,false
Perf00124,Load00124,1994-05-17,FEMALE,PRINCIPAL,,CFPERF00124,+256710000124,perf.00124+uat@example.invalid,false
Perf00125,Load00125,1995-06-18,OTHER,PRINCIPAL,,CFPERF00125,+256710000125,perf.00125+uat@example.invalid,false
Perf00126,Load00126,1996-07-19,MALE,PRINCIPAL,,CFPERF00126,+256710000126,perf.00126+uat@example.invalid,false
Perf00127,Load00127,1997-08-20,FEMALE,PRINCIPAL,,CFPERF00127,+256710000127,perf.00127+uat@example.invalid,false
Perf00128,Load00128,1998-09-21,OTHER,PRINCIPAL,,CFPERF00128,+256710000128,perf.00128+uat@example.invalid,false
Perf00129,Load00129,1999-10-22,MALE,PRINCIPAL,,CFPERF00129,+256710000129,perf.00129+uat@example.invalid,false
Perf00130,Load00130,2000-11-23,FEMALE,PRINCIPAL,,CFPERF00130,+256710000130,perf.00130+uat@example.invalid,false
Perf00131,Load00131,2001-12-24,OTHER,PRINCIPAL,,CFPERF00131,+256710000131,perf.00131+uat@example.invalid,false
Perf00132,Load00132,2002-01-25,MALE,PRINCIPAL,,CFPERF00132,+256710000132,perf.00132+uat@example.invalid,false
Perf00133,Load00133,2003-02-26,FEMALE,PRINCIPAL,,CFPERF00133,+256710000133,perf.00133+uat@example.invalid,false
Perf00134,Load00134,2004-03-27,OTHER,PRINCIPAL,,CFPERF00134,+256710000134,perf.00134+uat@example.invalid,false
Perf00135,Load00135,1960-04-01,MALE,PRINCIPAL,,CFPERF00135,+256710000135,perf.00135+uat@example.invalid,false
Perf00136,Load00136,1961-05-02,FEMALE,PRINCIPAL,,CFPERF00136,+256710000136,perf.00136+uat@example.invalid,false
Perf00137,Load00137,1962-06-03,OTHER,PRINCIPAL,,CFPERF00137,+256710000137,perf.00137+uat@example.invalid,false
Perf00138,Load00138,1963-07-04,MALE,PRINCIPAL,,CFPERF00138,+256710000138,perf.00138+uat@example.invalid,false
Perf00139,Load00139,1964-08-05,FEMALE,PRINCIPAL,,CFPERF00139,+256710000139,perf.00139+uat@example.invalid,false
Perf00140,Load00140,1965-09-06,OTHER,PRINCIPAL,,CFPERF00140,+256710000140,perf.00140+uat@example.invalid,false
Perf00141,Load00141,1966-10-07,MALE,PRINCIPAL,,CFPERF00141,+256710000141,perf.00141+uat@example.invalid,false
Perf00142,Load00142,1967-11-08,FEMALE,PRINCIPAL,,CFPERF00142,+256710000142,perf.00142+uat@example.invalid,false
Perf00143,Load00143,1968-12-09,OTHER,PRINCIPAL,,CFPERF00143,+256710000143,perf.00143+uat@example.invalid,false
Perf00144,Load00144,1969-01-10,MALE,PRINCIPAL,,CFPERF00144,+256710000144,perf.00144+uat@example.invalid,false
Perf00145,Load00145,1970-02-11,FEMALE,PRINCIPAL,,CFPERF00145,+256710000145,perf.00145+uat@example.invalid,false
Perf00146,Load00146,1971-03-12,OTHER,PRINCIPAL,,CFPERF00146,+256710000146,perf.00146+uat@example.invalid,false
Perf00147,Load00147,1972-04-13,MALE,PRINCIPAL,,CFPERF00147,+256710000147,perf.00147+uat@example.invalid,false
Perf00148,Load00148,1973-05-14,FEMALE,PRINCIPAL,,CFPERF00148,+256710000148,perf.00148+uat@example.invalid,false
Perf00149,Load00149,1974-06-15,OTHER,PRINCIPAL,,CFPERF00149,+256710000149,perf.00149+uat@example.invalid,false
Perf00150,Load00150,1975-07-16,MALE,PRINCIPAL,,CFPERF00150,+256710000150,perf.00150+uat@example.invalid,false
Perf00151,Load00151,1976-08-17,FEMALE,PRINCIPAL,,CFPERF00151,+256710000151,perf.00151+uat@example.invalid,false
Perf00152,Load00152,1977-09-18,OTHER,PRINCIPAL,,CFPERF00152,+256710000152,perf.00152+uat@example.invalid,false
Perf00153,Load00153,1978-10-19,MALE,PRINCIPAL,,CFPERF00153,+256710000153,perf.00153+uat@example.invalid,false
Perf00154,Load00154,1979-11-20,FEMALE,PRINCIPAL,,CFPERF00154,+256710000154,perf.00154+uat@example.invalid,false
Perf00155,Load00155,1980-12-21,OTHER,PRINCIPAL,,CFPERF00155,+256710000155,perf.00155+uat@example.invalid,false
Perf00156,Load00156,1981-01-22,MALE,PRINCIPAL,,CFPERF00156,+256710000156,perf.00156+uat@example.invalid,false
Perf00157,Load00157,1982-02-23,FEMALE,PRINCIPAL,,CFPERF00157,+256710000157,perf.00157+uat@example.invalid,false
Perf00158,Load00158,1983-03-24,OTHER,PRINCIPAL,,CFPERF00158,+256710000158,perf.00158+uat@example.invalid,false
Perf00159,Load00159,1984-04-25,MALE,PRINCIPAL,,CFPERF00159,+256710000159,perf.00159+uat@example.invalid,false
Perf00160,Load00160,1985-05-26,FEMALE,PRINCIPAL,,CFPERF00160,+256710000160,perf.00160+uat@example.invalid,false
Perf00161,Load00161,1986-06-27,OTHER,PRINCIPAL,,CFPERF00161,+256710000161,perf.00161+uat@example.invalid,false
Perf00162,Load00162,1987-07-01,MALE,PRINCIPAL,,CFPERF00162,+256710000162,perf.00162+uat@example.invalid,false
Perf00163,Load00163,1988-08-02,FEMALE,PRINCIPAL,,CFPERF00163,+256710000163,perf.00163+uat@example.invalid,false
Perf00164,Load00164,1989-09-03,OTHER,PRINCIPAL,,CFPERF00164,+256710000164,perf.00164+uat@example.invalid,false
Perf00165,Load00165,1990-10-04,MALE,PRINCIPAL,,CFPERF00165,+256710000165,perf.00165+uat@example.invalid,false
Perf00166,Load00166,1991-11-05,FEMALE,PRINCIPAL,,CFPERF00166,+256710000166,perf.00166+uat@example.invalid,false
Perf00167,Load00167,1992-12-06,OTHER,PRINCIPAL,,CFPERF00167,+256710000167,perf.00167+uat@example.invalid,false
Perf00168,Load00168,1993-01-07,MALE,PRINCIPAL,,CFPERF00168,+256710000168,perf.00168+uat@example.invalid,false
Perf00169,Load00169,1994-02-08,FEMALE,PRINCIPAL,,CFPERF00169,+256710000169,perf.00169+uat@example.invalid,false
Perf00170,Load00170,1995-03-09,OTHER,PRINCIPAL,,CFPERF00170,+256710000170,perf.00170+uat@example.invalid,false
Perf00171,Load00171,1996-04-10,MALE,PRINCIPAL,,CFPERF00171,+256710000171,perf.00171+uat@example.invalid,false
Perf00172,Load00172,1997-05-11,FEMALE,PRINCIPAL,,CFPERF00172,+256710000172,perf.00172+uat@example.invalid,false
Perf00173,Load00173,1998-06-12,OTHER,PRINCIPAL,,CFPERF00173,+256710000173,perf.00173+uat@example.invalid,false
Perf00174,Load00174,1999-07-13,MALE,PRINCIPAL,,CFPERF00174,+256710000174,perf.00174+uat@example.invalid,false
Perf00175,Load00175,2000-08-14,FEMALE,PRINCIPAL,,CFPERF00175,+256710000175,perf.00175+uat@example.invalid,false
Perf00176,Load00176,2001-09-15,OTHER,PRINCIPAL,,CFPERF00176,+256710000176,perf.00176+uat@example.invalid,false
Perf00177,Load00177,2002-10-16,MALE,PRINCIPAL,,CFPERF00177,+256710000177,perf.00177+uat@example.invalid,false
Perf00178,Load00178,2003-11-17,FEMALE,PRINCIPAL,,CFPERF00178,+256710000178,perf.00178+uat@example.invalid,false
Perf00179,Load00179,2004-12-18,OTHER,PRINCIPAL,,CFPERF00179,+256710000179,perf.00179+uat@example.invalid,false
Perf00180,Load00180,1960-01-19,MALE,PRINCIPAL,,CFPERF00180,+256710000180,perf.00180+uat@example.invalid,false
Perf00181,Load00181,1961-02-20,FEMALE,PRINCIPAL,,CFPERF00181,+256710000181,perf.00181+uat@example.invalid,false
Perf00182,Load00182,1962-03-21,OTHER,PRINCIPAL,,CFPERF00182,+256710000182,perf.00182+uat@example.invalid,false
Perf00183,Load00183,1963-04-22,MALE,PRINCIPAL,,CFPERF00183,+256710000183,perf.00183+uat@example.invalid,false
Perf00184,Load00184,1964-05-23,FEMALE,PRINCIPAL,,CFPERF00184,+256710000184,perf.00184+uat@example.invalid,false
Perf00185,Load00185,1965-06-24,OTHER,PRINCIPAL,,CFPERF00185,+256710000185,perf.00185+uat@example.invalid,false
Perf00186,Load00186,1966-07-25,MALE,PRINCIPAL,,CFPERF00186,+256710000186,perf.00186+uat@example.invalid,false
Perf00187,Load00187,1967-08-26,FEMALE,PRINCIPAL,,CFPERF00187,+256710000187,perf.00187+uat@example.invalid,false
Perf00188,Load00188,1968-09-27,OTHER,PRINCIPAL,,CFPERF00188,+256710000188,perf.00188+uat@example.invalid,false
Perf00189,Load00189,1969-10-01,MALE,PRINCIPAL,,CFPERF00189,+256710000189,perf.00189+uat@example.invalid,false
Perf00190,Load00190,1970-11-02,FEMALE,PRINCIPAL,,CFPERF00190,+256710000190,perf.00190+uat@example.invalid,false
Perf00191,Load00191,1971-12-03,OTHER,PRINCIPAL,,CFPERF00191,+256710000191,perf.00191+uat@example.invalid,false
Perf00192,Load00192,1972-01-04,MALE,PRINCIPAL,,CFPERF00192,+256710000192,perf.00192+uat@example.invalid,false
Perf00193,Load00193,1973-02-05,FEMALE,PRINCIPAL,,CFPERF00193,+256710000193,perf.00193+uat@example.invalid,false
Perf00194,Load00194,1974-03-06,OTHER,PRINCIPAL,,CFPERF00194,+256710000194,perf.00194+uat@example.invalid,false
Perf00195,Load00195,1975-04-07,MALE,PRINCIPAL,,CFPERF00195,+256710000195,perf.00195+uat@example.invalid,false
Perf00196,Load00196,1976-05-08,FEMALE,PRINCIPAL,,CFPERF00196,+256710000196,perf.00196+uat@example.invalid,false
Perf00197,Load00197,1977-06-09,OTHER,PRINCIPAL,,CFPERF00197,+256710000197,perf.00197+uat@example.invalid,false
Perf00198,Load00198,1978-07-10,MALE,PRINCIPAL,,CFPERF00198,+256710000198,perf.00198+uat@example.invalid,false
Perf00199,Load00199,1979-08-11,FEMALE,PRINCIPAL,,CFPERF00199,+256710000199,perf.00199+uat@example.invalid,false
Perf00200,Load00200,1980-09-12,OTHER,PRINCIPAL,,CFPERF00200,+256710000200,perf.00200+uat@example.invalid,false
Perf00201,Load00201,1981-10-13,MALE,PRINCIPAL,,CFPERF00201,+256710000201,perf.00201+uat@example.invalid,false
Perf00202,Load00202,1982-11-14,FEMALE,PRINCIPAL,,CFPERF00202,+256710000202,perf.00202+uat@example.invalid,false
Perf00203,Load00203,1983-12-15,OTHER,PRINCIPAL,,CFPERF00203,+256710000203,perf.00203+uat@example.invalid,false
Perf00204,Load00204,1984-01-16,MALE,PRINCIPAL,,CFPERF00204,+256710000204,perf.00204+uat@example.invalid,false
Perf00205,Load00205,1985-02-17,FEMALE,PRINCIPAL,,CFPERF00205,+256710000205,perf.00205+uat@example.invalid,false
Perf00206,Load00206,1986-03-18,OTHER,PRINCIPAL,,CFPERF00206,+256710000206,perf.00206+uat@example.invalid,false
Perf00207,Load00207,1987-04-19,MALE,PRINCIPAL,,CFPERF00207,+256710000207,perf.00207+uat@example.invalid,false
Perf00208,Load00208,1988-05-20,FEMALE,PRINCIPAL,,CFPERF00208,+256710000208,perf.00208+uat@example.invalid,false
Perf00209,Load00209,1989-06-21,OTHER,PRINCIPAL,,CFPERF00209,+256710000209,perf.00209+uat@example.invalid,false
Perf00210,Load00210,1990-07-22,MALE,PRINCIPAL,,CFPERF00210,+256710000210,perf.00210+uat@example.invalid,false
Perf00211,Load00211,1991-08-23,FEMALE,PRINCIPAL,,CFPERF00211,+256710000211,perf.00211+uat@example.invalid,false
Perf00212,Load00212,1992-09-24,OTHER,PRINCIPAL,,CFPERF00212,+256710000212,perf.00212+uat@example.invalid,false
Perf00213,Load00213,1993-10-25,MALE,PRINCIPAL,,CFPERF00213,+256710000213,perf.00213+uat@example.invalid,false
Perf00214,Load00214,1994-11-26,FEMALE,PRINCIPAL,,CFPERF00214,+256710000214,perf.00214+uat@example.invalid,false
Perf00215,Load00215,1995-12-27,OTHER,PRINCIPAL,,CFPERF00215,+256710000215,perf.00215+uat@example.invalid,false
Perf00216,Load00216,1996-01-01,MALE,PRINCIPAL,,CFPERF00216,+256710000216,perf.00216+uat@example.invalid,false
Perf00217,Load00217,1997-02-02,FEMALE,PRINCIPAL,,CFPERF00217,+256710000217,perf.00217+uat@example.invalid,false
Perf00218,Load00218,1998-03-03,OTHER,PRINCIPAL,,CFPERF00218,+256710000218,perf.00218+uat@example.invalid,false
Perf00219,Load00219,1999-04-04,MALE,PRINCIPAL,,CFPERF00219,+256710000219,perf.00219+uat@example.invalid,false
Perf00220,Load00220,2000-05-05,FEMALE,PRINCIPAL,,CFPERF00220,+256710000220,perf.00220+uat@example.invalid,false
Perf00221,Load00221,2001-06-06,OTHER,PRINCIPAL,,CFPERF00221,+256710000221,perf.00221+uat@example.invalid,false
Perf00222,Load00222,2002-07-07,MALE,PRINCIPAL,,CFPERF00222,+256710000222,perf.00222+uat@example.invalid,false
Perf00223,Load00223,2003-08-08,FEMALE,PRINCIPAL,,CFPERF00223,+256710000223,perf.00223+uat@example.invalid,false
Perf00224,Load00224,2004-09-09,OTHER,PRINCIPAL,,CFPERF00224,+256710000224,perf.00224+uat@example.invalid,false
Perf00225,Load00225,1960-10-10,MALE,PRINCIPAL,,CFPERF00225,+256710000225,perf.00225+uat@example.invalid,false
Perf00226,Load00226,1961-11-11,FEMALE,PRINCIPAL,,CFPERF00226,+256710000226,perf.00226+uat@example.invalid,false
Perf00227,Load00227,1962-12-12,OTHER,PRINCIPAL,,CFPERF00227,+256710000227,perf.00227+uat@example.invalid,false
Perf00228,Load00228,1963-01-13,MALE,PRINCIPAL,,CFPERF00228,+256710000228,perf.00228+uat@example.invalid,false
Perf00229,Load00229,1964-02-14,FEMALE,PRINCIPAL,,CFPERF00229,+256710000229,perf.00229+uat@example.invalid,false
Perf00230,Load00230,1965-03-15,OTHER,PRINCIPAL,,CFPERF00230,+256710000230,perf.00230+uat@example.invalid,false
Perf00231,Load00231,1966-04-16,MALE,PRINCIPAL,,CFPERF00231,+256710000231,perf.00231+uat@example.invalid,false
Perf00232,Load00232,1967-05-17,FEMALE,PRINCIPAL,,CFPERF00232,+256710000232,perf.00232+uat@example.invalid,false
Perf00233,Load00233,1968-06-18,OTHER,PRINCIPAL,,CFPERF00233,+256710000233,perf.00233+uat@example.invalid,false
Perf00234,Load00234,1969-07-19,MALE,PRINCIPAL,,CFPERF00234,+256710000234,perf.00234+uat@example.invalid,false
Perf00235,Load00235,1970-08-20,FEMALE,PRINCIPAL,,CFPERF00235,+256710000235,perf.00235+uat@example.invalid,false
Perf00236,Load00236,1971-09-21,OTHER,PRINCIPAL,,CFPERF00236,+256710000236,perf.00236+uat@example.invalid,false
Perf00237,Load00237,1972-10-22,MALE,PRINCIPAL,,CFPERF00237,+256710000237,perf.00237+uat@example.invalid,false
Perf00238,Load00238,1973-11-23,FEMALE,PRINCIPAL,,CFPERF00238,+256710000238,perf.00238+uat@example.invalid,false
Perf00239,Load00239,1974-12-24,OTHER,PRINCIPAL,,CFPERF00239,+256710000239,perf.00239+uat@example.invalid,false
Perf00240,Load00240,1975-01-25,MALE,PRINCIPAL,,CFPERF00240,+256710000240,perf.00240+uat@example.invalid,false
Perf00241,Load00241,1976-02-26,FEMALE,PRINCIPAL,,CFPERF00241,+256710000241,perf.00241+uat@example.invalid,false
Perf00242,Load00242,1977-03-27,OTHER,PRINCIPAL,,CFPERF00242,+256710000242,perf.00242+uat@example.invalid,false
Perf00243,Load00243,1978-04-01,MALE,PRINCIPAL,,CFPERF00243,+256710000243,perf.00243+uat@example.invalid,false
Perf00244,Load00244,1979-05-02,FEMALE,PRINCIPAL,,CFPERF00244,+256710000244,perf.00244+uat@example.invalid,false
Perf00245,Load00245,1980-06-03,OTHER,PRINCIPAL,,CFPERF00245,+256710000245,perf.00245+uat@example.invalid,false
Perf00246,Load00246,1981-07-04,MALE,PRINCIPAL,,CFPERF00246,+256710000246,perf.00246+uat@example.invalid,false
Perf00247,Load00247,1982-08-05,FEMALE,PRINCIPAL,,CFPERF00247,+256710000247,perf.00247+uat@example.invalid,false
Perf00248,Load00248,1983-09-06,OTHER,PRINCIPAL,,CFPERF00248,+256710000248,perf.00248+uat@example.invalid,false
Perf00249,Load00249,1984-10-07,MALE,PRINCIPAL,,CFPERF00249,+256710000249,perf.00249+uat@example.invalid,false
Perf00250,Load00250,1985-11-08,FEMALE,PRINCIPAL,,CFPERF00250,+256710000250,perf.00250+uat@example.invalid,false
Perf00251,Load00251,1986-12-09,OTHER,PRINCIPAL,,CFPERF00251,+256710000251,perf.00251+uat@example.invalid,false
Perf00252,Load00252,1987-01-10,MALE,PRINCIPAL,,CFPERF00252,+256710000252,perf.00252+uat@example.invalid,false
Perf00253,Load00253,1988-02-11,FEMALE,PRINCIPAL,,CFPERF00253,+256710000253,perf.00253+uat@example.invalid,false
Perf00254,Load00254,1989-03-12,OTHER,PRINCIPAL,,CFPERF00254,+256710000254,perf.00254+uat@example.invalid,false
Perf00255,Load00255,1990-04-13,MALE,PRINCIPAL,,CFPERF00255,+256710000255,perf.00255+uat@example.invalid,false
Perf00256,Load00256,1991-05-14,FEMALE,PRINCIPAL,,CFPERF00256,+256710000256,perf.00256+uat@example.invalid,false
Perf00257,Load00257,1992-06-15,OTHER,PRINCIPAL,,CFPERF00257,+256710000257,perf.00257+uat@example.invalid,false
Perf00258,Load00258,1993-07-16,MALE,PRINCIPAL,,CFPERF00258,+256710000258,perf.00258+uat@example.invalid,false
Perf00259,Load00259,1994-08-17,FEMALE,PRINCIPAL,,CFPERF00259,+256710000259,perf.00259+uat@example.invalid,false
Perf00260,Load00260,1995-09-18,OTHER,PRINCIPAL,,CFPERF00260,+256710000260,perf.00260+uat@example.invalid,false
Perf00261,Load00261,1996-10-19,MALE,PRINCIPAL,,CFPERF00261,+256710000261,perf.00261+uat@example.invalid,false
Perf00262,Load00262,1997-11-20,FEMALE,PRINCIPAL,,CFPERF00262,+256710000262,perf.00262+uat@example.invalid,false
Perf00263,Load00263,1998-12-21,OTHER,PRINCIPAL,,CFPERF00263,+256710000263,perf.00263+uat@example.invalid,false
Perf00264,Load00264,1999-01-22,MALE,PRINCIPAL,,CFPERF00264,+256710000264,perf.00264+uat@example.invalid,false
Perf00265,Load00265,2000-02-23,FEMALE,PRINCIPAL,,CFPERF00265,+256710000265,perf.00265+uat@example.invalid,false
Perf00266,Load00266,2001-03-24,OTHER,PRINCIPAL,,CFPERF00266,+256710000266,perf.00266+uat@example.invalid,false
Perf00267,Load00267,2002-04-25,MALE,PRINCIPAL,,CFPERF00267,+256710000267,perf.00267+uat@example.invalid,false
Perf00268,Load00268,2003-05-26,FEMALE,PRINCIPAL,,CFPERF00268,+256710000268,perf.00268+uat@example.invalid,false
Perf00269,Load00269,2004-06-27,OTHER,PRINCIPAL,,CFPERF00269,+256710000269,perf.00269+uat@example.invalid,false
Perf00270,Load00270,1960-07-01,MALE,PRINCIPAL,,CFPERF00270,+256710000270,perf.00270+uat@example.invalid,false
Perf00271,Load00271,1961-08-02,FEMALE,PRINCIPAL,,CFPERF00271,+256710000271,perf.00271+uat@example.invalid,false
Perf00272,Load00272,1962-09-03,OTHER,PRINCIPAL,,CFPERF00272,+256710000272,perf.00272+uat@example.invalid,false
Perf00273,Load00273,1963-10-04,MALE,PRINCIPAL,,CFPERF00273,+256710000273,perf.00273+uat@example.invalid,false
Perf00274,Load00274,1964-11-05,FEMALE,PRINCIPAL,,CFPERF00274,+256710000274,perf.00274+uat@example.invalid,false
Perf00275,Load00275,1965-12-06,OTHER,PRINCIPAL,,CFPERF00275,+256710000275,perf.00275+uat@example.invalid,false
Perf00276,Load00276,1966-01-07,MALE,PRINCIPAL,,CFPERF00276,+256710000276,perf.00276+uat@example.invalid,false
Perf00277,Load00277,1967-02-08,FEMALE,PRINCIPAL,,CFPERF00277,+256710000277,perf.00277+uat@example.invalid,false
Perf00278,Load00278,1968-03-09,OTHER,PRINCIPAL,,CFPERF00278,+256710000278,perf.00278+uat@example.invalid,false
Perf00279,Load00279,1969-04-10,MALE,PRINCIPAL,,CFPERF00279,+256710000279,perf.00279+uat@example.invalid,false
Perf00280,Load00280,1970-05-11,FEMALE,PRINCIPAL,,CFPERF00280,+256710000280,perf.00280+uat@example.invalid,false
Perf00281,Load00281,1971-06-12,OTHER,PRINCIPAL,,CFPERF00281,+256710000281,perf.00281+uat@example.invalid,false
Perf00282,Load00282,1972-07-13,MALE,PRINCIPAL,,CFPERF00282,+256710000282,perf.00282+uat@example.invalid,false
Perf00283,Load00283,1973-08-14,FEMALE,PRINCIPAL,,CFPERF00283,+256710000283,perf.00283+uat@example.invalid,false
Perf00284,Load00284,1974-09-15,OTHER,PRINCIPAL,,CFPERF00284,+256710000284,perf.00284+uat@example.invalid,false
Perf00285,Load00285,1975-10-16,MALE,PRINCIPAL,,CFPERF00285,+256710000285,perf.00285+uat@example.invalid,false
Perf00286,Load00286,1976-11-17,FEMALE,PRINCIPAL,,CFPERF00286,+256710000286,perf.00286+uat@example.invalid,false
Perf00287,Load00287,1977-12-18,OTHER,PRINCIPAL,,CFPERF00287,+256710000287,perf.00287+uat@example.invalid,false
Perf00288,Load00288,1978-01-19,MALE,PRINCIPAL,,CFPERF00288,+256710000288,perf.00288+uat@example.invalid,false
Perf00289,Load00289,1979-02-20,FEMALE,PRINCIPAL,,CFPERF00289,+256710000289,perf.00289+uat@example.invalid,false
Perf00290,Load00290,1980-03-21,OTHER,PRINCIPAL,,CFPERF00290,+256710000290,perf.00290+uat@example.invalid,false
Perf00291,Load00291,1981-04-22,MALE,PRINCIPAL,,CFPERF00291,+256710000291,perf.00291+uat@example.invalid,false
Perf00292,Load00292,1982-05-23,FEMALE,PRINCIPAL,,CFPERF00292,+256710000292,perf.00292+uat@example.invalid,false
Perf00293,Load00293,1983-06-24,OTHER,PRINCIPAL,,CFPERF00293,+256710000293,perf.00293+uat@example.invalid,false
Perf00294,Load00294,1984-07-25,MALE,PRINCIPAL,,CFPERF00294,+256710000294,perf.00294+uat@example.invalid,false
Perf00295,Load00295,1985-08-26,FEMALE,PRINCIPAL,,CFPERF00295,+256710000295,perf.00295+uat@example.invalid,false
Perf00296,Load00296,1986-09-27,OTHER,PRINCIPAL,,CFPERF00296,+256710000296,perf.00296+uat@example.invalid,false
Perf00297,Load00297,1987-10-01,MALE,PRINCIPAL,,CFPERF00297,+256710000297,perf.00297+uat@example.invalid,false
Perf00298,Load00298,1988-11-02,FEMALE,PRINCIPAL,,CFPERF00298,+256710000298,perf.00298+uat@example.invalid,false
Perf00299,Load00299,1989-12-03,OTHER,PRINCIPAL,,CFPERF00299,+256710000299,perf.00299+uat@example.invalid,false
Perf00300,Load00300,1990-01-04,MALE,PRINCIPAL,,CFPERF00300,+256710000300,perf.00300+uat@example.invalid,false
Perf00301,Load00301,1991-02-05,FEMALE,PRINCIPAL,,CFPERF00301,+256710000301,perf.00301+uat@example.invalid,false
Perf00302,Load00302,1992-03-06,OTHER,PRINCIPAL,,CFPERF00302,+256710000302,perf.00302+uat@example.invalid,false
Perf00303,Load00303,1993-04-07,MALE,PRINCIPAL,,CFPERF00303,+256710000303,perf.00303+uat@example.invalid,false
Perf00304,Load00304,1994-05-08,FEMALE,PRINCIPAL,,CFPERF00304,+256710000304,perf.00304+uat@example.invalid,false
Perf00305,Load00305,1995-06-09,OTHER,PRINCIPAL,,CFPERF00305,+256710000305,perf.00305+uat@example.invalid,false
Perf00306,Load00306,1996-07-10,MALE,PRINCIPAL,,CFPERF00306,+256710000306,perf.00306+uat@example.invalid,false
Perf00307,Load00307,1997-08-11,FEMALE,PRINCIPAL,,CFPERF00307,+256710000307,perf.00307+uat@example.invalid,false
Perf00308,Load00308,1998-09-12,OTHER,PRINCIPAL,,CFPERF00308,+256710000308,perf.00308+uat@example.invalid,false
Perf00309,Load00309,1999-10-13,MALE,PRINCIPAL,,CFPERF00309,+256710000309,perf.00309+uat@example.invalid,false
Perf00310,Load00310,2000-11-14,FEMALE,PRINCIPAL,,CFPERF00310,+256710000310,perf.00310+uat@example.invalid,false
Perf00311,Load00311,2001-12-15,OTHER,PRINCIPAL,,CFPERF00311,+256710000311,perf.00311+uat@example.invalid,false
Perf00312,Load00312,2002-01-16,MALE,PRINCIPAL,,CFPERF00312,+256710000312,perf.00312+uat@example.invalid,false
Perf00313,Load00313,2003-02-17,FEMALE,PRINCIPAL,,CFPERF00313,+256710000313,perf.00313+uat@example.invalid,false
Perf00314,Load00314,2004-03-18,OTHER,PRINCIPAL,,CFPERF00314,+256710000314,perf.00314+uat@example.invalid,false
Perf00315,Load00315,1960-04-19,MALE,PRINCIPAL,,CFPERF00315,+256710000315,perf.00315+uat@example.invalid,false
Perf00316,Load00316,1961-05-20,FEMALE,PRINCIPAL,,CFPERF00316,+256710000316,perf.00316+uat@example.invalid,false
Perf00317,Load00317,1962-06-21,OTHER,PRINCIPAL,,CFPERF00317,+256710000317,perf.00317+uat@example.invalid,false
Perf00318,Load00318,1963-07-22,MALE,PRINCIPAL,,CFPERF00318,+256710000318,perf.00318+uat@example.invalid,false
Perf00319,Load00319,1964-08-23,FEMALE,PRINCIPAL,,CFPERF00319,+256710000319,perf.00319+uat@example.invalid,false
Perf00320,Load00320,1965-09-24,OTHER,PRINCIPAL,,CFPERF00320,+256710000320,perf.00320+uat@example.invalid,false
Perf00321,Load00321,1966-10-25,MALE,PRINCIPAL,,CFPERF00321,+256710000321,perf.00321+uat@example.invalid,false
Perf00322,Load00322,1967-11-26,FEMALE,PRINCIPAL,,CFPERF00322,+256710000322,perf.00322+uat@example.invalid,false
Perf00323,Load00323,1968-12-27,OTHER,PRINCIPAL,,CFPERF00323,+256710000323,perf.00323+uat@example.invalid,false
Perf00324,Load00324,1969-01-01,MALE,PRINCIPAL,,CFPERF00324,+256710000324,perf.00324+uat@example.invalid,false
Perf00325,Load00325,1970-02-02,FEMALE,PRINCIPAL,,CFPERF00325,+256710000325,perf.00325+uat@example.invalid,false
Perf00326,Load00326,1971-03-03,OTHER,PRINCIPAL,,CFPERF00326,+256710000326,perf.00326+uat@example.invalid,false
Perf00327,Load00327,1972-04-04,MALE,PRINCIPAL,,CFPERF00327,+256710000327,perf.00327+uat@example.invalid,false
Perf00328,Load00328,1973-05-05,FEMALE,PRINCIPAL,,CFPERF00328,+256710000328,perf.00328+uat@example.invalid,false
Perf00329,Load00329,1974-06-06,OTHER,PRINCIPAL,,CFPERF00329,+256710000329,perf.00329+uat@example.invalid,false
Perf00330,Load00330,1975-07-07,MALE,PRINCIPAL,,CFPERF00330,+256710000330,perf.00330+uat@example.invalid,false
Perf00331,Load00331,1976-08-08,FEMALE,PRINCIPAL,,CFPERF00331,+256710000331,perf.00331+uat@example.invalid,false
Perf00332,Load00332,1977-09-09,OTHER,PRINCIPAL,,CFPERF00332,+256710000332,perf.00332+uat@example.invalid,false
Perf00333,Load00333,1978-10-10,MALE,PRINCIPAL,,CFPERF00333,+256710000333,perf.00333+uat@example.invalid,false
Perf00334,Load00334,1979-11-11,FEMALE,PRINCIPAL,,CFPERF00334,+256710000334,perf.00334+uat@example.invalid,false
Perf00335,Load00335,1980-12-12,OTHER,PRINCIPAL,,CFPERF00335,+256710000335,perf.00335+uat@example.invalid,false
Perf00336,Load00336,1981-01-13,MALE,PRINCIPAL,,CFPERF00336,+256710000336,perf.00336+uat@example.invalid,false
Perf00337,Load00337,1982-02-14,FEMALE,PRINCIPAL,,CFPERF00337,+256710000337,perf.00337+uat@example.invalid,false
Perf00338,Load00338,1983-03-15,OTHER,PRINCIPAL,,CFPERF00338,+256710000338,perf.00338+uat@example.invalid,false
Perf00339,Load00339,1984-04-16,MALE,PRINCIPAL,,CFPERF00339,+256710000339,perf.00339+uat@example.invalid,false
Perf00340,Load00340,1985-05-17,FEMALE,PRINCIPAL,,CFPERF00340,+256710000340,perf.00340+uat@example.invalid,false
Perf00341,Load00341,1986-06-18,OTHER,PRINCIPAL,,CFPERF00341,+256710000341,perf.00341+uat@example.invalid,false
Perf00342,Load00342,1987-07-19,MALE,PRINCIPAL,,CFPERF00342,+256710000342,perf.00342+uat@example.invalid,false
Perf00343,Load00343,1988-08-20,FEMALE,PRINCIPAL,,CFPERF00343,+256710000343,perf.00343+uat@example.invalid,false
Perf00344,Load00344,1989-09-21,OTHER,PRINCIPAL,,CFPERF00344,+256710000344,perf.00344+uat@example.invalid,false
Perf00345,Load00345,1990-10-22,MALE,PRINCIPAL,,CFPERF00345,+256710000345,perf.00345+uat@example.invalid,false
Perf00346,Load00346,1991-11-23,FEMALE,PRINCIPAL,,CFPERF00346,+256710000346,perf.00346+uat@example.invalid,false
Perf00347,Load00347,1992-12-24,OTHER,PRINCIPAL,,CFPERF00347,+256710000347,perf.00347+uat@example.invalid,false
Perf00348,Load00348,1993-01-25,MALE,PRINCIPAL,,CFPERF00348,+256710000348,perf.00348+uat@example.invalid,false
Perf00349,Load00349,1994-02-26,FEMALE,PRINCIPAL,,CFPERF00349,+256710000349,perf.00349+uat@example.invalid,false
Perf00350,Load00350,1995-03-27,OTHER,PRINCIPAL,,CFPERF00350,+256710000350,perf.00350+uat@example.invalid,false
Perf00351,Load00351,1996-04-01,MALE,PRINCIPAL,,CFPERF00351,+256710000351,perf.00351+uat@example.invalid,false
Perf00352,Load00352,1997-05-02,FEMALE,PRINCIPAL,,CFPERF00352,+256710000352,perf.00352+uat@example.invalid,false
Perf00353,Load00353,1998-06-03,OTHER,PRINCIPAL,,CFPERF00353,+256710000353,perf.00353+uat@example.invalid,false
Perf00354,Load00354,1999-07-04,MALE,PRINCIPAL,,CFPERF00354,+256710000354,perf.00354+uat@example.invalid,false
Perf00355,Load00355,2000-08-05,FEMALE,PRINCIPAL,,CFPERF00355,+256710000355,perf.00355+uat@example.invalid,false
Perf00356,Load00356,2001-09-06,OTHER,PRINCIPAL,,CFPERF00356,+256710000356,perf.00356+uat@example.invalid,false
Perf00357,Load00357,2002-10-07,MALE,PRINCIPAL,,CFPERF00357,+256710000357,perf.00357+uat@example.invalid,false
Perf00358,Load00358,2003-11-08,FEMALE,PRINCIPAL,,CFPERF00358,+256710000358,perf.00358+uat@example.invalid,false
Perf00359,Load00359,2004-12-09,OTHER,PRINCIPAL,,CFPERF00359,+256710000359,perf.00359+uat@example.invalid,false
Perf00360,Load00360,1960-01-10,MALE,PRINCIPAL,,CFPERF00360,+256710000360,perf.00360+uat@example.invalid,false
Perf00361,Load00361,1961-02-11,FEMALE,PRINCIPAL,,CFPERF00361,+256710000361,perf.00361+uat@example.invalid,false
Perf00362,Load00362,1962-03-12,OTHER,PRINCIPAL,,CFPERF00362,+256710000362,perf.00362+uat@example.invalid,false
Perf00363,Load00363,1963-04-13,MALE,PRINCIPAL,,CFPERF00363,+256710000363,perf.00363+uat@example.invalid,false
Perf00364,Load00364,1964-05-14,FEMALE,PRINCIPAL,,CFPERF00364,+256710000364,perf.00364+uat@example.invalid,false
Perf00365,Load00365,1965-06-15,OTHER,PRINCIPAL,,CFPERF00365,+256710000365,perf.00365+uat@example.invalid,false
Perf00366,Load00366,1966-07-16,MALE,PRINCIPAL,,CFPERF00366,+256710000366,perf.00366+uat@example.invalid,false
Perf00367,Load00367,1967-08-17,FEMALE,PRINCIPAL,,CFPERF00367,+256710000367,perf.00367+uat@example.invalid,false
Perf00368,Load00368,1968-09-18,OTHER,PRINCIPAL,,CFPERF00368,+256710000368,perf.00368+uat@example.invalid,false
Perf00369,Load00369,1969-10-19,MALE,PRINCIPAL,,CFPERF00369,+256710000369,perf.00369+uat@example.invalid,false
Perf00370,Load00370,1970-11-20,FEMALE,PRINCIPAL,,CFPERF00370,+256710000370,perf.00370+uat@example.invalid,false
Perf00371,Load00371,1971-12-21,OTHER,PRINCIPAL,,CFPERF00371,+256710000371,perf.00371+uat@example.invalid,false
Perf00372,Load00372,1972-01-22,MALE,PRINCIPAL,,CFPERF00372,+256710000372,perf.00372+uat@example.invalid,false
Perf00373,Load00373,1973-02-23,FEMALE,PRINCIPAL,,CFPERF00373,+256710000373,perf.00373+uat@example.invalid,false
Perf00374,Load00374,1974-03-24,OTHER,PRINCIPAL,,CFPERF00374,+256710000374,perf.00374+uat@example.invalid,false
Perf00375,Load00375,1975-04-25,MALE,PRINCIPAL,,CFPERF00375,+256710000375,perf.00375+uat@example.invalid,false
Perf00376,Load00376,1976-05-26,FEMALE,PRINCIPAL,,CFPERF00376,+256710000376,perf.00376+uat@example.invalid,false
Perf00377,Load00377,1977-06-27,OTHER,PRINCIPAL,,CFPERF00377,+256710000377,perf.00377+uat@example.invalid,false
Perf00378,Load00378,1978-07-01,MALE,PRINCIPAL,,CFPERF00378,+256710000378,perf.00378+uat@example.invalid,false
Perf00379,Load00379,1979-08-02,FEMALE,PRINCIPAL,,CFPERF00379,+256710000379,perf.00379+uat@example.invalid,false
Perf00380,Load00380,1980-09-03,OTHER,PRINCIPAL,,CFPERF00380,+256710000380,perf.00380+uat@example.invalid,false
Perf00381,Load00381,1981-10-04,MALE,PRINCIPAL,,CFPERF00381,+256710000381,perf.00381+uat@example.invalid,false
Perf00382,Load00382,1982-11-05,FEMALE,PRINCIPAL,,CFPERF00382,+256710000382,perf.00382+uat@example.invalid,false
Perf00383,Load00383,1983-12-06,OTHER,PRINCIPAL,,CFPERF00383,+256710000383,perf.00383+uat@example.invalid,false
Perf00384,Load00384,1984-01-07,MALE,PRINCIPAL,,CFPERF00384,+256710000384,perf.00384+uat@example.invalid,false
Perf00385,Load00385,1985-02-08,FEMALE,PRINCIPAL,,CFPERF00385,+256710000385,perf.00385+uat@example.invalid,false
Perf00386,Load00386,1986-03-09,OTHER,PRINCIPAL,,CFPERF00386,+256710000386,perf.00386+uat@example.invalid,false
Perf00387,Load00387,1987-04-10,MALE,PRINCIPAL,,CFPERF00387,+256710000387,perf.00387+uat@example.invalid,false
Perf00388,Load00388,1988-05-11,FEMALE,PRINCIPAL,,CFPERF00388,+256710000388,perf.00388+uat@example.invalid,false
Perf00389,Load00389,1989-06-12,OTHER,PRINCIPAL,,CFPERF00389,+256710000389,perf.00389+uat@example.invalid,false
Perf00390,Load00390,1990-07-13,MALE,PRINCIPAL,,CFPERF00390,+256710000390,perf.00390+uat@example.invalid,false
Perf00391,Load00391,1991-08-14,FEMALE,PRINCIPAL,,CFPERF00391,+256710000391,perf.00391+uat@example.invalid,false
Perf00392,Load00392,1992-09-15,OTHER,PRINCIPAL,,CFPERF00392,+256710000392,perf.00392+uat@example.invalid,false
Perf00393,Load00393,1993-10-16,MALE,PRINCIPAL,,CFPERF00393,+256710000393,perf.00393+uat@example.invalid,false
Perf00394,Load00394,1994-11-17,FEMALE,PRINCIPAL,,CFPERF00394,+256710000394,perf.00394+uat@example.invalid,false
Perf00395,Load00395,1995-12-18,OTHER,PRINCIPAL,,CFPERF00395,+256710000395,perf.00395+uat@example.invalid,false
Perf00396,Load00396,1996-01-19,MALE,PRINCIPAL,,CFPERF00396,+256710000396,perf.00396+uat@example.invalid,false
Perf00397,Load00397,1997-02-20,FEMALE,PRINCIPAL,,CFPERF00397,+256710000397,perf.00397+uat@example.invalid,false
Perf00398,Load00398,1998-03-21,OTHER,PRINCIPAL,,CFPERF00398,+256710000398,perf.00398+uat@example.invalid,false
Perf00399,Load00399,1999-04-22,MALE,PRINCIPAL,,CFPERF00399,+256710000399,perf.00399+uat@example.invalid,false
Perf00400,Load00400,2000-05-23,FEMALE,PRINCIPAL,,CFPERF00400,+256710000400,perf.00400+uat@example.invalid,false
Perf00401,Load00401,2001-06-24,OTHER,PRINCIPAL,,CFPERF00401,+256710000401,perf.00401+uat@example.invalid,false
Perf00402,Load00402,2002-07-25,MALE,PRINCIPAL,,CFPERF00402,+256710000402,perf.00402+uat@example.invalid,false
Perf00403,Load00403,2003-08-26,FEMALE,PRINCIPAL,,CFPERF00403,+256710000403,perf.00403+uat@example.invalid,false
Perf00404,Load00404,2004-09-27,OTHER,PRINCIPAL,,CFPERF00404,+256710000404,perf.00404+uat@example.invalid,false
Perf00405,Load00405,1960-10-01,MALE,PRINCIPAL,,CFPERF00405,+256710000405,perf.00405+uat@example.invalid,false
Perf00406,Load00406,1961-11-02,FEMALE,PRINCIPAL,,CFPERF00406,+256710000406,perf.00406+uat@example.invalid,false
Perf00407,Load00407,1962-12-03,OTHER,PRINCIPAL,,CFPERF00407,+256710000407,perf.00407+uat@example.invalid,false
Perf00408,Load00408,1963-01-04,MALE,PRINCIPAL,,CFPERF00408,+256710000408,perf.00408+uat@example.invalid,false
Perf00409,Load00409,1964-02-05,FEMALE,PRINCIPAL,,CFPERF00409,+256710000409,perf.00409+uat@example.invalid,false
Perf00410,Load00410,1965-03-06,OTHER,PRINCIPAL,,CFPERF00410,+256710000410,perf.00410+uat@example.invalid,false
Perf00411,Load00411,1966-04-07,MALE,PRINCIPAL,,CFPERF00411,+256710000411,perf.00411+uat@example.invalid,false
Perf00412,Load00412,1967-05-08,FEMALE,PRINCIPAL,,CFPERF00412,+256710000412,perf.00412+uat@example.invalid,false
Perf00413,Load00413,1968-06-09,OTHER,PRINCIPAL,,CFPERF00413,+256710000413,perf.00413+uat@example.invalid,false
Perf00414,Load00414,1969-07-10,MALE,PRINCIPAL,,CFPERF00414,+256710000414,perf.00414+uat@example.invalid,false
Perf00415,Load00415,1970-08-11,FEMALE,PRINCIPAL,,CFPERF00415,+256710000415,perf.00415+uat@example.invalid,false
Perf00416,Load00416,1971-09-12,OTHER,PRINCIPAL,,CFPERF00416,+256710000416,perf.00416+uat@example.invalid,false
Perf00417,Load00417,1972-10-13,MALE,PRINCIPAL,,CFPERF00417,+256710000417,perf.00417+uat@example.invalid,false
Perf00418,Load00418,1973-11-14,FEMALE,PRINCIPAL,,CFPERF00418,+256710000418,perf.00418+uat@example.invalid,false
Perf00419,Load00419,1974-12-15,OTHER,PRINCIPAL,,CFPERF00419,+256710000419,perf.00419+uat@example.invalid,false
Perf00420,Load00420,1975-01-16,MALE,PRINCIPAL,,CFPERF00420,+256710000420,perf.00420+uat@example.invalid,false
Perf00421,Load00421,1976-02-17,FEMALE,PRINCIPAL,,CFPERF00421,+256710000421,perf.00421+uat@example.invalid,false
Perf00422,Load00422,1977-03-18,OTHER,PRINCIPAL,,CFPERF00422,+256710000422,perf.00422+uat@example.invalid,false
Perf00423,Load00423,1978-04-19,MALE,PRINCIPAL,,CFPERF00423,+256710000423,perf.00423+uat@example.invalid,false
Perf00424,Load00424,1979-05-20,FEMALE,PRINCIPAL,,CFPERF00424,+256710000424,perf.00424+uat@example.invalid,false
Perf00425,Load00425,1980-06-21,OTHER,PRINCIPAL,,CFPERF00425,+256710000425,perf.00425+uat@example.invalid,false
Perf00426,Load00426,1981-07-22,MALE,PRINCIPAL,,CFPERF00426,+256710000426,perf.00426+uat@example.invalid,false
Perf00427,Load00427,1982-08-23,FEMALE,PRINCIPAL,,CFPERF00427,+256710000427,perf.00427+uat@example.invalid,false
Perf00428,Load00428,1983-09-24,OTHER,PRINCIPAL,,CFPERF00428,+256710000428,perf.00428+uat@example.invalid,false
Perf00429,Load00429,1984-10-25,MALE,PRINCIPAL,,CFPERF00429,+256710000429,perf.00429+uat@example.invalid,false
Perf00430,Load00430,1985-11-26,FEMALE,PRINCIPAL,,CFPERF00430,+256710000430,perf.00430+uat@example.invalid,false
Perf00431,Load00431,1986-12-27,OTHER,PRINCIPAL,,CFPERF00431,+256710000431,perf.00431+uat@example.invalid,false
Perf00432,Load00432,1987-01-01,MALE,PRINCIPAL,,CFPERF00432,+256710000432,perf.00432+uat@example.invalid,false
Perf00433,Load00433,1988-02-02,FEMALE,PRINCIPAL,,CFPERF00433,+256710000433,perf.00433+uat@example.invalid,false
Perf00434,Load00434,1989-03-03,OTHER,PRINCIPAL,,CFPERF00434,+256710000434,perf.00434+uat@example.invalid,false
Perf00435,Load00435,1990-04-04,MALE,PRINCIPAL,,CFPERF00435,+256710000435,perf.00435+uat@example.invalid,false
Perf00436,Load00436,1991-05-05,FEMALE,PRINCIPAL,,CFPERF00436,+256710000436,perf.00436+uat@example.invalid,false
Perf00437,Load00437,1992-06-06,OTHER,PRINCIPAL,,CFPERF00437,+256710000437,perf.00437+uat@example.invalid,false
Perf00438,Load00438,1993-07-07,MALE,PRINCIPAL,,CFPERF00438,+256710000438,perf.00438+uat@example.invalid,false
Perf00439,Load00439,1994-08-08,FEMALE,PRINCIPAL,,CFPERF00439,+256710000439,perf.00439+uat@example.invalid,false
Perf00440,Load00440,1995-09-09,OTHER,PRINCIPAL,,CFPERF00440,+256710000440,perf.00440+uat@example.invalid,false
Perf00441,Load00441,1996-10-10,MALE,PRINCIPAL,,CFPERF00441,+256710000441,perf.00441+uat@example.invalid,false
Perf00442,Load00442,1997-11-11,FEMALE,PRINCIPAL,,CFPERF00442,+256710000442,perf.00442+uat@example.invalid,false
Perf00443,Load00443,1998-12-12,OTHER,PRINCIPAL,,CFPERF00443,+256710000443,perf.00443+uat@example.invalid,false
Perf00444,Load00444,1999-01-13,MALE,PRINCIPAL,,CFPERF00444,+256710000444,perf.00444+uat@example.invalid,false
Perf00445,Load00445,2000-02-14,FEMALE,PRINCIPAL,,CFPERF00445,+256710000445,perf.00445+uat@example.invalid,false
Perf00446,Load00446,2001-03-15,OTHER,PRINCIPAL,,CFPERF00446,+256710000446,perf.00446+uat@example.invalid,false
Perf00447,Load00447,2002-04-16,MALE,PRINCIPAL,,CFPERF00447,+256710000447,perf.00447+uat@example.invalid,false
Perf00448,Load00448,2003-05-17,FEMALE,PRINCIPAL,,CFPERF00448,+256710000448,perf.00448+uat@example.invalid,false
Perf00449,Load00449,2004-06-18,OTHER,PRINCIPAL,,CFPERF00449,+256710000449,perf.00449+uat@example.invalid,false
Perf00450,Load00450,1960-07-19,MALE,PRINCIPAL,,CFPERF00450,+256710000450,perf.00450+uat@example.invalid,false
Perf00451,Load00451,1961-08-20,FEMALE,PRINCIPAL,,CFPERF00451,+256710000451,perf.00451+uat@example.invalid,false
Perf00452,Load00452,1962-09-21,OTHER,PRINCIPAL,,CFPERF00452,+256710000452,perf.00452+uat@example.invalid,false
Perf00453,Load00453,1963-10-22,MALE,PRINCIPAL,,CFPERF00453,+256710000453,perf.00453+uat@example.invalid,false
Perf00454,Load00454,1964-11-23,FEMALE,PRINCIPAL,,CFPERF00454,+256710000454,perf.00454+uat@example.invalid,false
Perf00455,Load00455,1965-12-24,OTHER,PRINCIPAL,,CFPERF00455,+256710000455,perf.00455+uat@example.invalid,false
Perf00456,Load00456,1966-01-25,MALE,PRINCIPAL,,CFPERF00456,+256710000456,perf.00456+uat@example.invalid,false
Perf00457,Load00457,1967-02-26,FEMALE,PRINCIPAL,,CFPERF00457,+256710000457,perf.00457+uat@example.invalid,false
Perf00458,Load00458,1968-03-27,OTHER,PRINCIPAL,,CFPERF00458,+256710000458,perf.00458+uat@example.invalid,false
Perf00459,Load00459,1969-04-01,MALE,PRINCIPAL,,CFPERF00459,+256710000459,perf.00459+uat@example.invalid,false
Perf00460,Load00460,1970-05-02,FEMALE,PRINCIPAL,,CFPERF00460,+256710000460,perf.00460+uat@example.invalid,false
Perf00461,Load00461,1971-06-03,OTHER,PRINCIPAL,,CFPERF00461,+256710000461,perf.00461+uat@example.invalid,false
Perf00462,Load00462,1972-07-04,MALE,PRINCIPAL,,CFPERF00462,+256710000462,perf.00462+uat@example.invalid,false
Perf00463,Load00463,1973-08-05,FEMALE,PRINCIPAL,,CFPERF00463,+256710000463,perf.00463+uat@example.invalid,false
Perf00464,Load00464,1974-09-06,OTHER,PRINCIPAL,,CFPERF00464,+256710000464,perf.00464+uat@example.invalid,false
Perf00465,Load00465,1975-10-07,MALE,PRINCIPAL,,CFPERF00465,+256710000465,perf.00465+uat@example.invalid,false
Perf00466,Load00466,1976-11-08,FEMALE,PRINCIPAL,,CFPERF00466,+256710000466,perf.00466+uat@example.invalid,false
Perf00467,Load00467,1977-12-09,OTHER,PRINCIPAL,,CFPERF00467,+256710000467,perf.00467+uat@example.invalid,false
Perf00468,Load00468,1978-01-10,MALE,PRINCIPAL,,CFPERF00468,+256710000468,perf.00468+uat@example.invalid,false
Perf00469,Load00469,1979-02-11,FEMALE,PRINCIPAL,,CFPERF00469,+256710000469,perf.00469+uat@example.invalid,false
Perf00470,Load00470,1980-03-12,OTHER,PRINCIPAL,,CFPERF00470,+256710000470,perf.00470+uat@example.invalid,false
Perf00471,Load00471,1981-04-13,MALE,PRINCIPAL,,CFPERF00471,+256710000471,perf.00471+uat@example.invalid,false
Perf00472,Load00472,1982-05-14,FEMALE,PRINCIPAL,,CFPERF00472,+256710000472,perf.00472+uat@example.invalid,false
Perf00473,Load00473,1983-06-15,OTHER,PRINCIPAL,,CFPERF00473,+256710000473,perf.00473+uat@example.invalid,false
Perf00474,Load00474,1984-07-16,MALE,PRINCIPAL,,CFPERF00474,+256710000474,perf.00474+uat@example.invalid,false
Perf00475,Load00475,1985-08-17,FEMALE,PRINCIPAL,,CFPERF00475,+256710000475,perf.00475+uat@example.invalid,false
Perf00476,Load00476,1986-09-18,OTHER,PRINCIPAL,,CFPERF00476,+256710000476,perf.00476+uat@example.invalid,false
Perf00477,Load00477,1987-10-19,MALE,PRINCIPAL,,CFPERF00477,+256710000477,perf.00477+uat@example.invalid,false
Perf00478,Load00478,1988-11-20,FEMALE,PRINCIPAL,,CFPERF00478,+256710000478,perf.00478+uat@example.invalid,false
Perf00479,Load00479,1989-12-21,OTHER,PRINCIPAL,,CFPERF00479,+256710000479,perf.00479+uat@example.invalid,false
Perf00480,Load00480,1990-01-22,MALE,PRINCIPAL,,CFPERF00480,+256710000480,perf.00480+uat@example.invalid,false
Perf00481,Load00481,1991-02-23,FEMALE,PRINCIPAL,,CFPERF00481,+256710000481,perf.00481+uat@example.invalid,false
Perf00482,Load00482,1992-03-24,OTHER,PRINCIPAL,,CFPERF00482,+256710000482,perf.00482+uat@example.invalid,false
Perf00483,Load00483,1993-04-25,MALE,PRINCIPAL,,CFPERF00483,+256710000483,perf.00483+uat@example.invalid,false
Perf00484,Load00484,1994-05-26,FEMALE,PRINCIPAL,,CFPERF00484,+256710000484,perf.00484+uat@example.invalid,false
Perf00485,Load00485,1995-06-27,OTHER,PRINCIPAL,,CFPERF00485,+256710000485,perf.00485+uat@example.invalid,false
Perf00486,Load00486,1996-07-01,MALE,PRINCIPAL,,CFPERF00486,+256710000486,perf.00486+uat@example.invalid,false
Perf00487,Load00487,1997-08-02,FEMALE,PRINCIPAL,,CFPERF00487,+256710000487,perf.00487+uat@example.invalid,false
Perf00488,Load00488,1998-09-03,OTHER,PRINCIPAL,,CFPERF00488,+256710000488,perf.00488+uat@example.invalid,false
Perf00489,Load00489,1999-10-04,MALE,PRINCIPAL,,CFPERF00489,+256710000489,perf.00489+uat@example.invalid,false
Perf00490,Load00490,2000-11-05,FEMALE,PRINCIPAL,,CFPERF00490,+256710000490,perf.00490+uat@example.invalid,false
Perf00491,Load00491,2001-12-06,OTHER,PRINCIPAL,,CFPERF00491,+256710000491,perf.00491+uat@example.invalid,false
Perf00492,Load00492,2002-01-07,MALE,PRINCIPAL,,CFPERF00492,+256710000492,perf.00492+uat@example.invalid,false
Perf00493,Load00493,2003-02-08,FEMALE,PRINCIPAL,,CFPERF00493,+256710000493,perf.00493+uat@example.invalid,false
Perf00494,Load00494,2004-03-09,OTHER,PRINCIPAL,,CFPERF00494,+256710000494,perf.00494+uat@example.invalid,false
Perf00495,Load00495,1960-04-10,MALE,PRINCIPAL,,CFPERF00495,+256710000495,perf.00495+uat@example.invalid,false
Perf00496,Load00496,1961-05-11,FEMALE,PRINCIPAL,,CFPERF00496,+256710000496,perf.00496+uat@example.invalid,false
Perf00497,Load00497,1962-06-12,OTHER,PRINCIPAL,,CFPERF00497,+256710000497,perf.00497+uat@example.invalid,false
Perf00498,Load00498,1963-07-13,MALE,PRINCIPAL,,CFPERF00498,+256710000498,perf.00498+uat@example.invalid,false
Perf00499,Load00499,1964-08-14,FEMALE,PRINCIPAL,,CFPERF00499,+256710000499,perf.00499+uat@example.invalid,false
Perf00500,Load00500,1965-09-15,OTHER,PRINCIPAL,,CFPERF00500,+256710000500,perf.00500+uat@example.invalid,false
Perf00501,Load00501,1966-10-16,MALE,PRINCIPAL,,CFPERF00501,+256710000501,perf.00501+uat@example.invalid,false
Perf00502,Load00502,1967-11-17,FEMALE,PRINCIPAL,,CFPERF00502,+256710000502,perf.00502+uat@example.invalid,false
Perf00503,Load00503,1968-12-18,OTHER,PRINCIPAL,,CFPERF00503,+256710000503,perf.00503+uat@example.invalid,false
Perf00504,Load00504,1969-01-19,MALE,PRINCIPAL,,CFPERF00504,+256710000504,perf.00504+uat@example.invalid,false
Perf00505,Load00505,1970-02-20,FEMALE,PRINCIPAL,,CFPERF00505,+256710000505,perf.00505+uat@example.invalid,false
Perf00506,Load00506,1971-03-21,OTHER,PRINCIPAL,,CFPERF00506,+256710000506,perf.00506+uat@example.invalid,false
Perf00507,Load00507,1972-04-22,MALE,PRINCIPAL,,CFPERF00507,+256710000507,perf.00507+uat@example.invalid,false
Perf00508,Load00508,1973-05-23,FEMALE,PRINCIPAL,,CFPERF00508,+256710000508,perf.00508+uat@example.invalid,false
Perf00509,Load00509,1974-06-24,OTHER,PRINCIPAL,,CFPERF00509,+256710000509,perf.00509+uat@example.invalid,false
Perf00510,Load00510,1975-07-25,MALE,PRINCIPAL,,CFPERF00510,+256710000510,perf.00510+uat@example.invalid,false
Perf00511,Load00511,1976-08-26,FEMALE,PRINCIPAL,,CFPERF00511,+256710000511,perf.00511+uat@example.invalid,false
Perf00512,Load00512,1977-09-27,OTHER,PRINCIPAL,,CFPERF00512,+256710000512,perf.00512+uat@example.invalid,false
Perf00513,Load00513,1978-10-01,MALE,PRINCIPAL,,CFPERF00513,+256710000513,perf.00513+uat@example.invalid,false
Perf00514,Load00514,1979-11-02,FEMALE,PRINCIPAL,,CFPERF00514,+256710000514,perf.00514+uat@example.invalid,false
Perf00515,Load00515,1980-12-03,OTHER,PRINCIPAL,,CFPERF00515,+256710000515,perf.00515+uat@example.invalid,false
Perf00516,Load00516,1981-01-04,MALE,PRINCIPAL,,CFPERF00516,+256710000516,perf.00516+uat@example.invalid,false
Perf00517,Load00517,1982-02-05,FEMALE,PRINCIPAL,,CFPERF00517,+256710000517,perf.00517+uat@example.invalid,false
Perf00518,Load00518,1983-03-06,OTHER,PRINCIPAL,,CFPERF00518,+256710000518,perf.00518+uat@example.invalid,false
Perf00519,Load00519,1984-04-07,MALE,PRINCIPAL,,CFPERF00519,+256710000519,perf.00519+uat@example.invalid,false
Perf00520,Load00520,1985-05-08,FEMALE,PRINCIPAL,,CFPERF00520,+256710000520,perf.00520+uat@example.invalid,false
Perf00521,Load00521,1986-06-09,OTHER,PRINCIPAL,,CFPERF00521,+256710000521,perf.00521+uat@example.invalid,false
Perf00522,Load00522,1987-07-10,MALE,PRINCIPAL,,CFPERF00522,+256710000522,perf.00522+uat@example.invalid,false
Perf00523,Load00523,1988-08-11,FEMALE,PRINCIPAL,,CFPERF00523,+256710000523,perf.00523+uat@example.invalid,false
Perf00524,Load00524,1989-09-12,OTHER,PRINCIPAL,,CFPERF00524,+256710000524,perf.00524+uat@example.invalid,false
Perf00525,Load00525,1990-10-13,MALE,PRINCIPAL,,CFPERF00525,+256710000525,perf.00525+uat@example.invalid,false
Perf00526,Load00526,1991-11-14,FEMALE,PRINCIPAL,,CFPERF00526,+256710000526,perf.00526+uat@example.invalid,false
Perf00527,Load00527,1992-12-15,OTHER,PRINCIPAL,,CFPERF00527,+256710000527,perf.00527+uat@example.invalid,false
Perf00528,Load00528,1993-01-16,MALE,PRINCIPAL,,CFPERF00528,+256710000528,perf.00528+uat@example.invalid,false
Perf00529,Load00529,1994-02-17,FEMALE,PRINCIPAL,,CFPERF00529,+256710000529,perf.00529+uat@example.invalid,false
Perf00530,Load00530,1995-03-18,OTHER,PRINCIPAL,,CFPERF00530,+256710000530,perf.00530+uat@example.invalid,false
Perf00531,Load00531,1996-04-19,MALE,PRINCIPAL,,CFPERF00531,+256710000531,perf.00531+uat@example.invalid,false
Perf00532,Load00532,1997-05-20,FEMALE,PRINCIPAL,,CFPERF00532,+256710000532,perf.00532+uat@example.invalid,false
Perf00533,Load00533,1998-06-21,OTHER,PRINCIPAL,,CFPERF00533,+256710000533,perf.00533+uat@example.invalid,false
Perf00534,Load00534,1999-07-22,MALE,PRINCIPAL,,CFPERF00534,+256710000534,perf.00534+uat@example.invalid,false
Perf00535,Load00535,2000-08-23,FEMALE,PRINCIPAL,,CFPERF00535,+256710000535,perf.00535+uat@example.invalid,false
Perf00536,Load00536,2001-09-24,OTHER,PRINCIPAL,,CFPERF00536,+256710000536,perf.00536+uat@example.invalid,false
Perf00537,Load00537,2002-10-25,MALE,PRINCIPAL,,CFPERF00537,+256710000537,perf.00537+uat@example.invalid,false
Perf00538,Load00538,2003-11-26,FEMALE,PRINCIPAL,,CFPERF00538,+256710000538,perf.00538+uat@example.invalid,false
Perf00539,Load00539,2004-12-27,OTHER,PRINCIPAL,,CFPERF00539,+256710000539,perf.00539+uat@example.invalid,false
Perf00540,Load00540,1960-01-01,MALE,PRINCIPAL,,CFPERF00540,+256710000540,perf.00540+uat@example.invalid,false
Perf00541,Load00541,1961-02-02,FEMALE,PRINCIPAL,,CFPERF00541,+256710000541,perf.00541+uat@example.invalid,false
Perf00542,Load00542,1962-03-03,OTHER,PRINCIPAL,,CFPERF00542,+256710000542,perf.00542+uat@example.invalid,false
Perf00543,Load00543,1963-04-04,MALE,PRINCIPAL,,CFPERF00543,+256710000543,perf.00543+uat@example.invalid,false
Perf00544,Load00544,1964-05-05,FEMALE,PRINCIPAL,,CFPERF00544,+256710000544,perf.00544+uat@example.invalid,false
Perf00545,Load00545,1965-06-06,OTHER,PRINCIPAL,,CFPERF00545,+256710000545,perf.00545+uat@example.invalid,false
Perf00546,Load00546,1966-07-07,MALE,PRINCIPAL,,CFPERF00546,+256710000546,perf.00546+uat@example.invalid,false
Perf00547,Load00547,1967-08-08,FEMALE,PRINCIPAL,,CFPERF00547,+256710000547,perf.00547+uat@example.invalid,false
Perf00548,Load00548,1968-09-09,OTHER,PRINCIPAL,,CFPERF00548,+256710000548,perf.00548+uat@example.invalid,false
Perf00549,Load00549,1969-10-10,MALE,PRINCIPAL,,CFPERF00549,+256710000549,perf.00549+uat@example.invalid,false
Perf00550,Load00550,1970-11-11,FEMALE,PRINCIPAL,,CFPERF00550,+256710000550,perf.00550+uat@example.invalid,false
Perf00551,Load00551,1971-12-12,OTHER,PRINCIPAL,,CFPERF00551,+256710000551,perf.00551+uat@example.invalid,false
Perf00552,Load00552,1972-01-13,MALE,PRINCIPAL,,CFPERF00552,+256710000552,perf.00552+uat@example.invalid,false
Perf00553,Load00553,1973-02-14,FEMALE,PRINCIPAL,,CFPERF00553,+256710000553,perf.00553+uat@example.invalid,false
Perf00554,Load00554,1974-03-15,OTHER,PRINCIPAL,,CFPERF00554,+256710000554,perf.00554+uat@example.invalid,false
Perf00555,Load00555,1975-04-16,MALE,PRINCIPAL,,CFPERF00555,+256710000555,perf.00555+uat@example.invalid,false
Perf00556,Load00556,1976-05-17,FEMALE,PRINCIPAL,,CFPERF00556,+256710000556,perf.00556+uat@example.invalid,false
Perf00557,Load00557,1977-06-18,OTHER,PRINCIPAL,,CFPERF00557,+256710000557,perf.00557+uat@example.invalid,false
Perf00558,Load00558,1978-07-19,MALE,PRINCIPAL,,CFPERF00558,+256710000558,perf.00558+uat@example.invalid,false
Perf00559,Load00559,1979-08-20,FEMALE,PRINCIPAL,,CFPERF00559,+256710000559,perf.00559+uat@example.invalid,false
Perf00560,Load00560,1980-09-21,OTHER,PRINCIPAL,,CFPERF00560,+256710000560,perf.00560+uat@example.invalid,false
Perf00561,Load00561,1981-10-22,MALE,PRINCIPAL,,CFPERF00561,+256710000561,perf.00561+uat@example.invalid,false
Perf00562,Load00562,1982-11-23,FEMALE,PRINCIPAL,,CFPERF00562,+256710000562,perf.00562+uat@example.invalid,false
Perf00563,Load00563,1983-12-24,OTHER,PRINCIPAL,,CFPERF00563,+256710000563,perf.00563+uat@example.invalid,false
Perf00564,Load00564,1984-01-25,MALE,PRINCIPAL,,CFPERF00564,+256710000564,perf.00564+uat@example.invalid,false
Perf00565,Load00565,1985-02-26,FEMALE,PRINCIPAL,,CFPERF00565,+256710000565,perf.00565+uat@example.invalid,false
Perf00566,Load00566,1986-03-27,OTHER,PRINCIPAL,,CFPERF00566,+256710000566,perf.00566+uat@example.invalid,false
Perf00567,Load00567,1987-04-01,MALE,PRINCIPAL,,CFPERF00567,+256710000567,perf.00567+uat@example.invalid,false
Perf00568,Load00568,1988-05-02,FEMALE,PRINCIPAL,,CFPERF00568,+256710000568,perf.00568+uat@example.invalid,false
Perf00569,Load00569,1989-06-03,OTHER,PRINCIPAL,,CFPERF00569,+256710000569,perf.00569+uat@example.invalid,false
Perf00570,Load00570,1990-07-04,MALE,PRINCIPAL,,CFPERF00570,+256710000570,perf.00570+uat@example.invalid,false
Perf00571,Load00571,1991-08-05,FEMALE,PRINCIPAL,,CFPERF00571,+256710000571,perf.00571+uat@example.invalid,false
Perf00572,Load00572,1992-09-06,OTHER,PRINCIPAL,,CFPERF00572,+256710000572,perf.00572+uat@example.invalid,false
Perf00573,Load00573,1993-10-07,MALE,PRINCIPAL,,CFPERF00573,+256710000573,perf.00573+uat@example.invalid,false
Perf00574,Load00574,1994-11-08,FEMALE,PRINCIPAL,,CFPERF00574,+256710000574,perf.00574+uat@example.invalid,false
Perf00575,Load00575,1995-12-09,OTHER,PRINCIPAL,,CFPERF00575,+256710000575,perf.00575+uat@example.invalid,false
Perf00576,Load00576,1996-01-10,MALE,PRINCIPAL,,CFPERF00576,+256710000576,perf.00576+uat@example.invalid,false
Perf00577,Load00577,1997-02-11,FEMALE,PRINCIPAL,,CFPERF00577,+256710000577,perf.00577+uat@example.invalid,false
Perf00578,Load00578,1998-03-12,OTHER,PRINCIPAL,,CFPERF00578,+256710000578,perf.00578+uat@example.invalid,false
Perf00579,Load00579,1999-04-13,MALE,PRINCIPAL,,CFPERF00579,+256710000579,perf.00579+uat@example.invalid,false
Perf00580,Load00580,2000-05-14,FEMALE,PRINCIPAL,,CFPERF00580,+256710000580,perf.00580+uat@example.invalid,false
Perf00581,Load00581,2001-06-15,OTHER,PRINCIPAL,,CFPERF00581,+256710000581,perf.00581+uat@example.invalid,false
Perf00582,Load00582,2002-07-16,MALE,PRINCIPAL,,CFPERF00582,+256710000582,perf.00582+uat@example.invalid,false
Perf00583,Load00583,2003-08-17,FEMALE,PRINCIPAL,,CFPERF00583,+256710000583,perf.00583+uat@example.invalid,false
Perf00584,Load00584,2004-09-18,OTHER,PRINCIPAL,,CFPERF00584,+256710000584,perf.00584+uat@example.invalid,false
Perf00585,Load00585,1960-10-19,MALE,PRINCIPAL,,CFPERF00585,+256710000585,perf.00585+uat@example.invalid,false
Perf00586,Load00586,1961-11-20,FEMALE,PRINCIPAL,,CFPERF00586,+256710000586,perf.00586+uat@example.invalid,false
Perf00587,Load00587,1962-12-21,OTHER,PRINCIPAL,,CFPERF00587,+256710000587,perf.00587+uat@example.invalid,false
Perf00588,Load00588,1963-01-22,MALE,PRINCIPAL,,CFPERF00588,+256710000588,perf.00588+uat@example.invalid,false
Perf00589,Load00589,1964-02-23,FEMALE,PRINCIPAL,,CFPERF00589,+256710000589,perf.00589+uat@example.invalid,false
Perf00590,Load00590,1965-03-24,OTHER,PRINCIPAL,,CFPERF00590,+256710000590,perf.00590+uat@example.invalid,false
Perf00591,Load00591,1966-04-25,MALE,PRINCIPAL,,CFPERF00591,+256710000591,perf.00591+uat@example.invalid,false
Perf00592,Load00592,1967-05-26,FEMALE,PRINCIPAL,,CFPERF00592,+256710000592,perf.00592+uat@example.invalid,false
Perf00593,Load00593,1968-06-27,OTHER,PRINCIPAL,,CFPERF00593,+256710000593,perf.00593+uat@example.invalid,false
Perf00594,Load00594,1969-07-01,MALE,PRINCIPAL,,CFPERF00594,+256710000594,perf.00594+uat@example.invalid,false
Perf00595,Load00595,1970-08-02,FEMALE,PRINCIPAL,,CFPERF00595,+256710000595,perf.00595+uat@example.invalid,false
Perf00596,Load00596,1971-09-03,OTHER,PRINCIPAL,,CFPERF00596,+256710000596,perf.00596+uat@example.invalid,false
Perf00597,Load00597,1972-10-04,MALE,PRINCIPAL,,CFPERF00597,+256710000597,perf.00597+uat@example.invalid,false
Perf00598,Load00598,1973-11-05,FEMALE,PRINCIPAL,,CFPERF00598,+256710000598,perf.00598+uat@example.invalid,false
Perf00599,Load00599,1974-12-06,OTHER,PRINCIPAL,,CFPERF00599,+256710000599,perf.00599+uat@example.invalid,false
Perf00600,Load00600,1975-01-07,MALE,PRINCIPAL,,CFPERF00600,+256710000600,perf.00600+uat@example.invalid,false
Perf00601,Load00601,1976-02-08,FEMALE,PRINCIPAL,,CFPERF00601,+256710000601,perf.00601+uat@example.invalid,false
Perf00602,Load00602,1977-03-09,OTHER,PRINCIPAL,,CFPERF00602,+256710000602,perf.00602+uat@example.invalid,false
Perf00603,Load00603,1978-04-10,MALE,PRINCIPAL,,CFPERF00603,+256710000603,perf.00603+uat@example.invalid,false
Perf00604,Load00604,1979-05-11,FEMALE,PRINCIPAL,,CFPERF00604,+256710000604,perf.00604+uat@example.invalid,false
Perf00605,Load00605,1980-06-12,OTHER,PRINCIPAL,,CFPERF00605,+256710000605,perf.00605+uat@example.invalid,false
Perf00606,Load00606,1981-07-13,MALE,PRINCIPAL,,CFPERF00606,+256710000606,perf.00606+uat@example.invalid,false
Perf00607,Load00607,1982-08-14,FEMALE,PRINCIPAL,,CFPERF00607,+256710000607,perf.00607+uat@example.invalid,false
Perf00608,Load00608,1983-09-15,OTHER,PRINCIPAL,,CFPERF00608,+256710000608,perf.00608+uat@example.invalid,false
Perf00609,Load00609,1984-10-16,MALE,PRINCIPAL,,CFPERF00609,+256710000609,perf.00609+uat@example.invalid,false
Perf00610,Load00610,1985-11-17,FEMALE,PRINCIPAL,,CFPERF00610,+256710000610,perf.00610+uat@example.invalid,false
Perf00611,Load00611,1986-12-18,OTHER,PRINCIPAL,,CFPERF00611,+256710000611,perf.00611+uat@example.invalid,false
Perf00612,Load00612,1987-01-19,MALE,PRINCIPAL,,CFPERF00612,+256710000612,perf.00612+uat@example.invalid,false
Perf00613,Load00613,1988-02-20,FEMALE,PRINCIPAL,,CFPERF00613,+256710000613,perf.00613+uat@example.invalid,false
Perf00614,Load00614,1989-03-21,OTHER,PRINCIPAL,,CFPERF00614,+256710000614,perf.00614+uat@example.invalid,false
Perf00615,Load00615,1990-04-22,MALE,PRINCIPAL,,CFPERF00615,+256710000615,perf.00615+uat@example.invalid,false
Perf00616,Load00616,1991-05-23,FEMALE,PRINCIPAL,,CFPERF00616,+256710000616,perf.00616+uat@example.invalid,false
Perf00617,Load00617,1992-06-24,OTHER,PRINCIPAL,,CFPERF00617,+256710000617,perf.00617+uat@example.invalid,false
Perf00618,Load00618,1993-07-25,MALE,PRINCIPAL,,CFPERF00618,+256710000618,perf.00618+uat@example.invalid,false
Perf00619,Load00619,1994-08-26,FEMALE,PRINCIPAL,,CFPERF00619,+256710000619,perf.00619+uat@example.invalid,false
Perf00620,Load00620,1995-09-27,OTHER,PRINCIPAL,,CFPERF00620,+256710000620,perf.00620+uat@example.invalid,false
Perf00621,Load00621,1996-10-01,MALE,PRINCIPAL,,CFPERF00621,+256710000621,perf.00621+uat@example.invalid,false
Perf00622,Load00622,1997-11-02,FEMALE,PRINCIPAL,,CFPERF00622,+256710000622,perf.00622+uat@example.invalid,false
Perf00623,Load00623,1998-12-03,OTHER,PRINCIPAL,,CFPERF00623,+256710000623,perf.00623+uat@example.invalid,false
Perf00624,Load00624,1999-01-04,MALE,PRINCIPAL,,CFPERF00624,+256710000624,perf.00624+uat@example.invalid,false
Perf00625,Load00625,2000-02-05,FEMALE,PRINCIPAL,,CFPERF00625,+256710000625,perf.00625+uat@example.invalid,false
Perf00626,Load00626,2001-03-06,OTHER,PRINCIPAL,,CFPERF00626,+256710000626,perf.00626+uat@example.invalid,false
Perf00627,Load00627,2002-04-07,MALE,PRINCIPAL,,CFPERF00627,+256710000627,perf.00627+uat@example.invalid,false
Perf00628,Load00628,2003-05-08,FEMALE,PRINCIPAL,,CFPERF00628,+256710000628,perf.00628+uat@example.invalid,false
Perf00629,Load00629,2004-06-09,OTHER,PRINCIPAL,,CFPERF00629,+256710000629,perf.00629+uat@example.invalid,false
Perf00630,Load00630,1960-07-10,MALE,PRINCIPAL,,CFPERF00630,+256710000630,perf.00630+uat@example.invalid,false
Perf00631,Load00631,1961-08-11,FEMALE,PRINCIPAL,,CFPERF00631,+256710000631,perf.00631+uat@example.invalid,false
Perf00632,Load00632,1962-09-12,OTHER,PRINCIPAL,,CFPERF00632,+256710000632,perf.00632+uat@example.invalid,false
Perf00633,Load00633,1963-10-13,MALE,PRINCIPAL,,CFPERF00633,+256710000633,perf.00633+uat@example.invalid,false
Perf00634,Load00634,1964-11-14,FEMALE,PRINCIPAL,,CFPERF00634,+256710000634,perf.00634+uat@example.invalid,false
Perf00635,Load00635,1965-12-15,OTHER,PRINCIPAL,,CFPERF00635,+256710000635,perf.00635+uat@example.invalid,false
Perf00636,Load00636,1966-01-16,MALE,PRINCIPAL,,CFPERF00636,+256710000636,perf.00636+uat@example.invalid,false
Perf00637,Load00637,1967-02-17,FEMALE,PRINCIPAL,,CFPERF00637,+256710000637,perf.00637+uat@example.invalid,false
Perf00638,Load00638,1968-03-18,OTHER,PRINCIPAL,,CFPERF00638,+256710000638,perf.00638+uat@example.invalid,false
Perf00639,Load00639,1969-04-19,MALE,PRINCIPAL,,CFPERF00639,+256710000639,perf.00639+uat@example.invalid,false
Perf00640,Load00640,1970-05-20,FEMALE,PRINCIPAL,,CFPERF00640,+256710000640,perf.00640+uat@example.invalid,false
Perf00641,Load00641,1971-06-21,OTHER,PRINCIPAL,,CFPERF00641,+256710000641,perf.00641+uat@example.invalid,false
Perf00642,Load00642,1972-07-22,MALE,PRINCIPAL,,CFPERF00642,+256710000642,perf.00642+uat@example.invalid,false
Perf00643,Load00643,1973-08-23,FEMALE,PRINCIPAL,,CFPERF00643,+256710000643,perf.00643+uat@example.invalid,false
Perf00644,Load00644,1974-09-24,OTHER,PRINCIPAL,,CFPERF00644,+256710000644,perf.00644+uat@example.invalid,false
Perf00645,Load00645,1975-10-25,MALE,PRINCIPAL,,CFPERF00645,+256710000645,perf.00645+uat@example.invalid,false
Perf00646,Load00646,1976-11-26,FEMALE,PRINCIPAL,,CFPERF00646,+256710000646,perf.00646+uat@example.invalid,false
Perf00647,Load00647,1977-12-27,OTHER,PRINCIPAL,,CFPERF00647,+256710000647,perf.00647+uat@example.invalid,false
Perf00648,Load00648,1978-01-01,MALE,PRINCIPAL,,CFPERF00648,+256710000648,perf.00648+uat@example.invalid,false
Perf00649,Load00649,1979-02-02,FEMALE,PRINCIPAL,,CFPERF00649,+256710000649,perf.00649+uat@example.invalid,false
Perf00650,Load00650,1980-03-03,OTHER,PRINCIPAL,,CFPERF00650,+256710000650,perf.00650+uat@example.invalid,false
Perf00651,Load00651,1981-04-04,MALE,PRINCIPAL,,CFPERF00651,+256710000651,perf.00651+uat@example.invalid,false
Perf00652,Load00652,1982-05-05,FEMALE,PRINCIPAL,,CFPERF00652,+256710000652,perf.00652+uat@example.invalid,false
Perf00653,Load00653,1983-06-06,OTHER,PRINCIPAL,,CFPERF00653,+256710000653,perf.00653+uat@example.invalid,false
Perf00654,Load00654,1984-07-07,MALE,PRINCIPAL,,CFPERF00654,+256710000654,perf.00654+uat@example.invalid,false
Perf00655,Load00655,1985-08-08,FEMALE,PRINCIPAL,,CFPERF00655,+256710000655,perf.00655+uat@example.invalid,false
Perf00656,Load00656,1986-09-09,OTHER,PRINCIPAL,,CFPERF00656,+256710000656,perf.00656+uat@example.invalid,false
Perf00657,Load00657,1987-10-10,MALE,PRINCIPAL,,CFPERF00657,+256710000657,perf.00657+uat@example.invalid,false
Perf00658,Load00658,1988-11-11,FEMALE,PRINCIPAL,,CFPERF00658,+256710000658,perf.00658+uat@example.invalid,false
Perf00659,Load00659,1989-12-12,OTHER,PRINCIPAL,,CFPERF00659,+256710000659,perf.00659+uat@example.invalid,false
Perf00660,Load00660,1990-01-13,MALE,PRINCIPAL,,CFPERF00660,+256710000660,perf.00660+uat@example.invalid,false
Perf00661,Load00661,1991-02-14,FEMALE,PRINCIPAL,,CFPERF00661,+256710000661,perf.00661+uat@example.invalid,false
Perf00662,Load00662,1992-03-15,OTHER,PRINCIPAL,,CFPERF00662,+256710000662,perf.00662+uat@example.invalid,false
Perf00663,Load00663,1993-04-16,MALE,PRINCIPAL,,CFPERF00663,+256710000663,perf.00663+uat@example.invalid,false
Perf00664,Load00664,1994-05-17,FEMALE,PRINCIPAL,,CFPERF00664,+256710000664,perf.00664+uat@example.invalid,false
Perf00665,Load00665,1995-06-18,OTHER,PRINCIPAL,,CFPERF00665,+256710000665,perf.00665+uat@example.invalid,false
Perf00666,Load00666,1996-07-19,MALE,PRINCIPAL,,CFPERF00666,+256710000666,perf.00666+uat@example.invalid,false
Perf00667,Load00667,1997-08-20,FEMALE,PRINCIPAL,,CFPERF00667,+256710000667,perf.00667+uat@example.invalid,false
Perf00668,Load00668,1998-09-21,OTHER,PRINCIPAL,,CFPERF00668,+256710000668,perf.00668+uat@example.invalid,false
Perf00669,Load00669,1999-10-22,MALE,PRINCIPAL,,CFPERF00669,+256710000669,perf.00669+uat@example.invalid,false
Perf00670,Load00670,2000-11-23,FEMALE,PRINCIPAL,,CFPERF00670,+256710000670,perf.00670+uat@example.invalid,false
Perf00671,Load00671,2001-12-24,OTHER,PRINCIPAL,,CFPERF00671,+256710000671,perf.00671+uat@example.invalid,false
Perf00672,Load00672,2002-01-25,MALE,PRINCIPAL,,CFPERF00672,+256710000672,perf.00672+uat@example.invalid,false
Perf00673,Load00673,2003-02-26,FEMALE,PRINCIPAL,,CFPERF00673,+256710000673,perf.00673+uat@example.invalid,false
Perf00674,Load00674,2004-03-27,OTHER,PRINCIPAL,,CFPERF00674,+256710000674,perf.00674+uat@example.invalid,false
Perf00675,Load00675,1960-04-01,MALE,PRINCIPAL,,CFPERF00675,+256710000675,perf.00675+uat@example.invalid,false
Perf00676,Load00676,1961-05-02,FEMALE,PRINCIPAL,,CFPERF00676,+256710000676,perf.00676+uat@example.invalid,false
Perf00677,Load00677,1962-06-03,OTHER,PRINCIPAL,,CFPERF00677,+256710000677,perf.00677+uat@example.invalid,false
Perf00678,Load00678,1963-07-04,MALE,PRINCIPAL,,CFPERF00678,+256710000678,perf.00678+uat@example.invalid,false
Perf00679,Load00679,1964-08-05,FEMALE,PRINCIPAL,,CFPERF00679,+256710000679,perf.00679+uat@example.invalid,false
Perf00680,Load00680,1965-09-06,OTHER,PRINCIPAL,,CFPERF00680,+256710000680,perf.00680+uat@example.invalid,false
Perf00681,Load00681,1966-10-07,MALE,PRINCIPAL,,CFPERF00681,+256710000681,perf.00681+uat@example.invalid,false
Perf00682,Load00682,1967-11-08,FEMALE,PRINCIPAL,,CFPERF00682,+256710000682,perf.00682+uat@example.invalid,false
Perf00683,Load00683,1968-12-09,OTHER,PRINCIPAL,,CFPERF00683,+256710000683,perf.00683+uat@example.invalid,false
Perf00684,Load00684,1969-01-10,MALE,PRINCIPAL,,CFPERF00684,+256710000684,perf.00684+uat@example.invalid,false
Perf00685,Load00685,1970-02-11,FEMALE,PRINCIPAL,,CFPERF00685,+256710000685,perf.00685+uat@example.invalid,false
Perf00686,Load00686,1971-03-12,OTHER,PRINCIPAL,,CFPERF00686,+256710000686,perf.00686+uat@example.invalid,false
Perf00687,Load00687,1972-04-13,MALE,PRINCIPAL,,CFPERF00687,+256710000687,perf.00687+uat@example.invalid,false
Perf00688,Load00688,1973-05-14,FEMALE,PRINCIPAL,,CFPERF00688,+256710000688,perf.00688+uat@example.invalid,false
Perf00689,Load00689,1974-06-15,OTHER,PRINCIPAL,,CFPERF00689,+256710000689,perf.00689+uat@example.invalid,false
Perf00690,Load00690,1975-07-16,MALE,PRINCIPAL,,CFPERF00690,+256710000690,perf.00690+uat@example.invalid,false
Perf00691,Load00691,1976-08-17,FEMALE,PRINCIPAL,,CFPERF00691,+256710000691,perf.00691+uat@example.invalid,false
Perf00692,Load00692,1977-09-18,OTHER,PRINCIPAL,,CFPERF00692,+256710000692,perf.00692+uat@example.invalid,false
Perf00693,Load00693,1978-10-19,MALE,PRINCIPAL,,CFPERF00693,+256710000693,perf.00693+uat@example.invalid,false
Perf00694,Load00694,1979-11-20,FEMALE,PRINCIPAL,,CFPERF00694,+256710000694,perf.00694+uat@example.invalid,false
Perf00695,Load00695,1980-12-21,OTHER,PRINCIPAL,,CFPERF00695,+256710000695,perf.00695+uat@example.invalid,false
Perf00696,Load00696,1981-01-22,MALE,PRINCIPAL,,CFPERF00696,+256710000696,perf.00696+uat@example.invalid,false
Perf00697,Load00697,1982-02-23,FEMALE,PRINCIPAL,,CFPERF00697,+256710000697,perf.00697+uat@example.invalid,false
Perf00698,Load00698,1983-03-24,OTHER,PRINCIPAL,,CFPERF00698,+256710000698,perf.00698+uat@example.invalid,false
Perf00699,Load00699,1984-04-25,MALE,PRINCIPAL,,CFPERF00699,+256710000699,perf.00699+uat@example.invalid,false
Perf00700,Load00700,1985-05-26,FEMALE,PRINCIPAL,,CFPERF00700,+256710000700,perf.00700+uat@example.invalid,false
Perf00701,Load00701,1986-06-27,OTHER,PRINCIPAL,,CFPERF00701,+256710000701,perf.00701+uat@example.invalid,false
Perf00702,Load00702,1987-07-01,MALE,PRINCIPAL,,CFPERF00702,+256710000702,perf.00702+uat@example.invalid,false
Perf00703,Load00703,1988-08-02,FEMALE,PRINCIPAL,,CFPERF00703,+256710000703,perf.00703+uat@example.invalid,false
Perf00704,Load00704,1989-09-03,OTHER,PRINCIPAL,,CFPERF00704,+256710000704,perf.00704+uat@example.invalid,false
Perf00705,Load00705,1990-10-04,MALE,PRINCIPAL,,CFPERF00705,+256710000705,perf.00705+uat@example.invalid,false
Perf00706,Load00706,1991-11-05,FEMALE,PRINCIPAL,,CFPERF00706,+256710000706,perf.00706+uat@example.invalid,false
Perf00707,Load00707,1992-12-06,OTHER,PRINCIPAL,,CFPERF00707,+256710000707,perf.00707+uat@example.invalid,false
Perf00708,Load00708,1993-01-07,MALE,PRINCIPAL,,CFPERF00708,+256710000708,perf.00708+uat@example.invalid,false
Perf00709,Load00709,1994-02-08,FEMALE,PRINCIPAL,,CFPERF00709,+256710000709,perf.00709+uat@example.invalid,false
Perf00710,Load00710,1995-03-09,OTHER,PRINCIPAL,,CFPERF00710,+256710000710,perf.00710+uat@example.invalid,false
Perf00711,Load00711,1996-04-10,MALE,PRINCIPAL,,CFPERF00711,+256710000711,perf.00711+uat@example.invalid,false
Perf00712,Load00712,1997-05-11,FEMALE,PRINCIPAL,,CFPERF00712,+256710000712,perf.00712+uat@example.invalid,false
Perf00713,Load00713,1998-06-12,OTHER,PRINCIPAL,,CFPERF00713,+256710000713,perf.00713+uat@example.invalid,false
Perf00714,Load00714,1999-07-13,MALE,PRINCIPAL,,CFPERF00714,+256710000714,perf.00714+uat@example.invalid,false
Perf00715,Load00715,2000-08-14,FEMALE,PRINCIPAL,,CFPERF00715,+256710000715,perf.00715+uat@example.invalid,false
Perf00716,Load00716,2001-09-15,OTHER,PRINCIPAL,,CFPERF00716,+256710000716,perf.00716+uat@example.invalid,false
Perf00717,Load00717,2002-10-16,MALE,PRINCIPAL,,CFPERF00717,+256710000717,perf.00717+uat@example.invalid,false
Perf00718,Load00718,2003-11-17,FEMALE,PRINCIPAL,,CFPERF00718,+256710000718,perf.00718+uat@example.invalid,false
Perf00719,Load00719,2004-12-18,OTHER,PRINCIPAL,,CFPERF00719,+256710000719,perf.00719+uat@example.invalid,false
Perf00720,Load00720,1960-01-19,MALE,PRINCIPAL,,CFPERF00720,+256710000720,perf.00720+uat@example.invalid,false
Perf00721,Load00721,1961-02-20,FEMALE,PRINCIPAL,,CFPERF00721,+256710000721,perf.00721+uat@example.invalid,false
Perf00722,Load00722,1962-03-21,OTHER,PRINCIPAL,,CFPERF00722,+256710000722,perf.00722+uat@example.invalid,false
Perf00723,Load00723,1963-04-22,MALE,PRINCIPAL,,CFPERF00723,+256710000723,perf.00723+uat@example.invalid,false
Perf00724,Load00724,1964-05-23,FEMALE,PRINCIPAL,,CFPERF00724,+256710000724,perf.00724+uat@example.invalid,false
Perf00725,Load00725,1965-06-24,OTHER,PRINCIPAL,,CFPERF00725,+256710000725,perf.00725+uat@example.invalid,false
Perf00726,Load00726,1966-07-25,MALE,PRINCIPAL,,CFPERF00726,+256710000726,perf.00726+uat@example.invalid,false
Perf00727,Load00727,1967-08-26,FEMALE,PRINCIPAL,,CFPERF00727,+256710000727,perf.00727+uat@example.invalid,false
Perf00728,Load00728,1968-09-27,OTHER,PRINCIPAL,,CFPERF00728,+256710000728,perf.00728+uat@example.invalid,false
Perf00729,Load00729,1969-10-01,MALE,PRINCIPAL,,CFPERF00729,+256710000729,perf.00729+uat@example.invalid,false
Perf00730,Load00730,1970-11-02,FEMALE,PRINCIPAL,,CFPERF00730,+256710000730,perf.00730+uat@example.invalid,false
Perf00731,Load00731,1971-12-03,OTHER,PRINCIPAL,,CFPERF00731,+256710000731,perf.00731+uat@example.invalid,false
Perf00732,Load00732,1972-01-04,MALE,PRINCIPAL,,CFPERF00732,+256710000732,perf.00732+uat@example.invalid,false
Perf00733,Load00733,1973-02-05,FEMALE,PRINCIPAL,,CFPERF00733,+256710000733,perf.00733+uat@example.invalid,false
Perf00734,Load00734,1974-03-06,OTHER,PRINCIPAL,,CFPERF00734,+256710000734,perf.00734+uat@example.invalid,false
Perf00735,Load00735,1975-04-07,MALE,PRINCIPAL,,CFPERF00735,+256710000735,perf.00735+uat@example.invalid,false
Perf00736,Load00736,1976-05-08,FEMALE,PRINCIPAL,,CFPERF00736,+256710000736,perf.00736+uat@example.invalid,false
Perf00737,Load00737,1977-06-09,OTHER,PRINCIPAL,,CFPERF00737,+256710000737,perf.00737+uat@example.invalid,false
Perf00738,Load00738,1978-07-10,MALE,PRINCIPAL,,CFPERF00738,+256710000738,perf.00738+uat@example.invalid,false
Perf00739,Load00739,1979-08-11,FEMALE,PRINCIPAL,,CFPERF00739,+256710000739,perf.00739+uat@example.invalid,false
Perf00740,Load00740,1980-09-12,OTHER,PRINCIPAL,,CFPERF00740,+256710000740,perf.00740+uat@example.invalid,false
Perf00741,Load00741,1981-10-13,MALE,PRINCIPAL,,CFPERF00741,+256710000741,perf.00741+uat@example.invalid,false
Perf00742,Load00742,1982-11-14,FEMALE,PRINCIPAL,,CFPERF00742,+256710000742,perf.00742+uat@example.invalid,false
Perf00743,Load00743,1983-12-15,OTHER,PRINCIPAL,,CFPERF00743,+256710000743,perf.00743+uat@example.invalid,false
Perf00744,Load00744,1984-01-16,MALE,PRINCIPAL,,CFPERF00744,+256710000744,perf.00744+uat@example.invalid,false
Perf00745,Load00745,1985-02-17,FEMALE,PRINCIPAL,,CFPERF00745,+256710000745,perf.00745+uat@example.invalid,false
Perf00746,Load00746,1986-03-18,OTHER,PRINCIPAL,,CFPERF00746,+256710000746,perf.00746+uat@example.invalid,false
Perf00747,Load00747,1987-04-19,MALE,PRINCIPAL,,CFPERF00747,+256710000747,perf.00747+uat@example.invalid,false
Perf00748,Load00748,1988-05-20,FEMALE,PRINCIPAL,,CFPERF00748,+256710000748,perf.00748+uat@example.invalid,false
Perf00749,Load00749,1989-06-21,OTHER,PRINCIPAL,,CFPERF00749,+256710000749,perf.00749+uat@example.invalid,false
Perf00750,Load00750,1990-07-22,MALE,PRINCIPAL,,CFPERF00750,+256710000750,perf.00750+uat@example.invalid,false
Perf00751,Load00751,1991-08-23,FEMALE,PRINCIPAL,,CFPERF00751,+256710000751,perf.00751+uat@example.invalid,false
Perf00752,Load00752,1992-09-24,OTHER,PRINCIPAL,,CFPERF00752,+256710000752,perf.00752+uat@example.invalid,false
Perf00753,Load00753,1993-10-25,MALE,PRINCIPAL,,CFPERF00753,+256710000753,perf.00753+uat@example.invalid,false
Perf00754,Load00754,1994-11-26,FEMALE,PRINCIPAL,,CFPERF00754,+256710000754,perf.00754+uat@example.invalid,false
Perf00755,Load00755,1995-12-27,OTHER,PRINCIPAL,,CFPERF00755,+256710000755,perf.00755+uat@example.invalid,false
Perf00756,Load00756,1996-01-01,MALE,PRINCIPAL,,CFPERF00756,+256710000756,perf.00756+uat@example.invalid,false
Perf00757,Load00757,1997-02-02,FEMALE,PRINCIPAL,,CFPERF00757,+256710000757,perf.00757+uat@example.invalid,false
Perf00758,Load00758,1998-03-03,OTHER,PRINCIPAL,,CFPERF00758,+256710000758,perf.00758+uat@example.invalid,false
Perf00759,Load00759,1999-04-04,MALE,PRINCIPAL,,CFPERF00759,+256710000759,perf.00759+uat@example.invalid,false
Perf00760,Load00760,2000-05-05,FEMALE,PRINCIPAL,,CFPERF00760,+256710000760,perf.00760+uat@example.invalid,false
Perf00761,Load00761,2001-06-06,OTHER,PRINCIPAL,,CFPERF00761,+256710000761,perf.00761+uat@example.invalid,false
Perf00762,Load00762,2002-07-07,MALE,PRINCIPAL,,CFPERF00762,+256710000762,perf.00762+uat@example.invalid,false
Perf00763,Load00763,2003-08-08,FEMALE,PRINCIPAL,,CFPERF00763,+256710000763,perf.00763+uat@example.invalid,false
Perf00764,Load00764,2004-09-09,OTHER,PRINCIPAL,,CFPERF00764,+256710000764,perf.00764+uat@example.invalid,false
Perf00765,Load00765,1960-10-10,MALE,PRINCIPAL,,CFPERF00765,+256710000765,perf.00765+uat@example.invalid,false
Perf00766,Load00766,1961-11-11,FEMALE,PRINCIPAL,,CFPERF00766,+256710000766,perf.00766+uat@example.invalid,false
Perf00767,Load00767,1962-12-12,OTHER,PRINCIPAL,,CFPERF00767,+256710000767,perf.00767+uat@example.invalid,false
Perf00768,Load00768,1963-01-13,MALE,PRINCIPAL,,CFPERF00768,+256710000768,perf.00768+uat@example.invalid,false
Perf00769,Load00769,1964-02-14,FEMALE,PRINCIPAL,,CFPERF00769,+256710000769,perf.00769+uat@example.invalid,false
Perf00770,Load00770,1965-03-15,OTHER,PRINCIPAL,,CFPERF00770,+256710000770,perf.00770+uat@example.invalid,false
Perf00771,Load00771,1966-04-16,MALE,PRINCIPAL,,CFPERF00771,+256710000771,perf.00771+uat@example.invalid,false
Perf00772,Load00772,1967-05-17,FEMALE,PRINCIPAL,,CFPERF00772,+256710000772,perf.00772+uat@example.invalid,false
Perf00773,Load00773,1968-06-18,OTHER,PRINCIPAL,,CFPERF00773,+256710000773,perf.00773+uat@example.invalid,false
Perf00774,Load00774,1969-07-19,MALE,PRINCIPAL,,CFPERF00774,+256710000774,perf.00774+uat@example.invalid,false
Perf00775,Load00775,1970-08-20,FEMALE,PRINCIPAL,,CFPERF00775,+256710000775,perf.00775+uat@example.invalid,false
Perf00776,Load00776,1971-09-21,OTHER,PRINCIPAL,,CFPERF00776,+256710000776,perf.00776+uat@example.invalid,false
Perf00777,Load00777,1972-10-22,MALE,PRINCIPAL,,CFPERF00777,+256710000777,perf.00777+uat@example.invalid,false
Perf00778,Load00778,1973-11-23,FEMALE,PRINCIPAL,,CFPERF00778,+256710000778,perf.00778+uat@example.invalid,false
Perf00779,Load00779,1974-12-24,OTHER,PRINCIPAL,,CFPERF00779,+256710000779,perf.00779+uat@example.invalid,false
Perf00780,Load00780,1975-01-25,MALE,PRINCIPAL,,CFPERF00780,+256710000780,perf.00780+uat@example.invalid,false
Perf00781,Load00781,1976-02-26,FEMALE,PRINCIPAL,,CFPERF00781,+256710000781,perf.00781+uat@example.invalid,false
Perf00782,Load00782,1977-03-27,OTHER,PRINCIPAL,,CFPERF00782,+256710000782,perf.00782+uat@example.invalid,false
Perf00783,Load00783,1978-04-01,MALE,PRINCIPAL,,CFPERF00783,+256710000783,perf.00783+uat@example.invalid,false
Perf00784,Load00784,1979-05-02,FEMALE,PRINCIPAL,,CFPERF00784,+256710000784,perf.00784+uat@example.invalid,false
Perf00785,Load00785,1980-06-03,OTHER,PRINCIPAL,,CFPERF00785,+256710000785,perf.00785+uat@example.invalid,false
Perf00786,Load00786,1981-07-04,MALE,PRINCIPAL,,CFPERF00786,+256710000786,perf.00786+uat@example.invalid,false
Perf00787,Load00787,1982-08-05,FEMALE,PRINCIPAL,,CFPERF00787,+256710000787,perf.00787+uat@example.invalid,false
Perf00788,Load00788,1983-09-06,OTHER,PRINCIPAL,,CFPERF00788,+256710000788,perf.00788+uat@example.invalid,false
Perf00789,Load00789,1984-10-07,MALE,PRINCIPAL,,CFPERF00789,+256710000789,perf.00789+uat@example.invalid,false
Perf00790,Load00790,1985-11-08,FEMALE,PRINCIPAL,,CFPERF00790,+256710000790,perf.00790+uat@example.invalid,false
Perf00791,Load00791,1986-12-09,OTHER,PRINCIPAL,,CFPERF00791,+256710000791,perf.00791+uat@example.invalid,false
Perf00792,Load00792,1987-01-10,MALE,PRINCIPAL,,CFPERF00792,+256710000792,perf.00792+uat@example.invalid,false
Perf00793,Load00793,1988-02-11,FEMALE,PRINCIPAL,,CFPERF00793,+256710000793,perf.00793+uat@example.invalid,false
Perf00794,Load00794,1989-03-12,OTHER,PRINCIPAL,,CFPERF00794,+256710000794,perf.00794+uat@example.invalid,false
Perf00795,Load00795,1990-04-13,MALE,PRINCIPAL,,CFPERF00795,+256710000795,perf.00795+uat@example.invalid,false
Perf00796,Load00796,1991-05-14,FEMALE,PRINCIPAL,,CFPERF00796,+256710000796,perf.00796+uat@example.invalid,false
Perf00797,Load00797,1992-06-15,OTHER,PRINCIPAL,,CFPERF00797,+256710000797,perf.00797+uat@example.invalid,false
Perf00798,Load00798,1993-07-16,MALE,PRINCIPAL,,CFPERF00798,+256710000798,perf.00798+uat@example.invalid,false
Perf00799,Load00799,1994-08-17,FEMALE,PRINCIPAL,,CFPERF00799,+256710000799,perf.00799+uat@example.invalid,false
Perf00800,Load00800,1995-09-18,OTHER,PRINCIPAL,,CFPERF00800,+256710000800,perf.00800+uat@example.invalid,false
Perf00801,Load00801,1996-10-19,MALE,PRINCIPAL,,CFPERF00801,+256710000801,perf.00801+uat@example.invalid,false
Perf00802,Load00802,1997-11-20,FEMALE,PRINCIPAL,,CFPERF00802,+256710000802,perf.00802+uat@example.invalid,false
Perf00803,Load00803,1998-12-21,OTHER,PRINCIPAL,,CFPERF00803,+256710000803,perf.00803+uat@example.invalid,false
Perf00804,Load00804,1999-01-22,MALE,PRINCIPAL,,CFPERF00804,+256710000804,perf.00804+uat@example.invalid,false
Perf00805,Load00805,2000-02-23,FEMALE,PRINCIPAL,,CFPERF00805,+256710000805,perf.00805+uat@example.invalid,false
Perf00806,Load00806,2001-03-24,OTHER,PRINCIPAL,,CFPERF00806,+256710000806,perf.00806+uat@example.invalid,false
Perf00807,Load00807,2002-04-25,MALE,PRINCIPAL,,CFPERF00807,+256710000807,perf.00807+uat@example.invalid,false
Perf00808,Load00808,2003-05-26,FEMALE,PRINCIPAL,,CFPERF00808,+256710000808,perf.00808+uat@example.invalid,false
Perf00809,Load00809,2004-06-27,OTHER,PRINCIPAL,,CFPERF00809,+256710000809,perf.00809+uat@example.invalid,false
Perf00810,Load00810,1960-07-01,MALE,PRINCIPAL,,CFPERF00810,+256710000810,perf.00810+uat@example.invalid,false
Perf00811,Load00811,1961-08-02,FEMALE,PRINCIPAL,,CFPERF00811,+256710000811,perf.00811+uat@example.invalid,false
Perf00812,Load00812,1962-09-03,OTHER,PRINCIPAL,,CFPERF00812,+256710000812,perf.00812+uat@example.invalid,false
Perf00813,Load00813,1963-10-04,MALE,PRINCIPAL,,CFPERF00813,+256710000813,perf.00813+uat@example.invalid,false
Perf00814,Load00814,1964-11-05,FEMALE,PRINCIPAL,,CFPERF00814,+256710000814,perf.00814+uat@example.invalid,false
Perf00815,Load00815,1965-12-06,OTHER,PRINCIPAL,,CFPERF00815,+256710000815,perf.00815+uat@example.invalid,false
Perf00816,Load00816,1966-01-07,MALE,PRINCIPAL,,CFPERF00816,+256710000816,perf.00816+uat@example.invalid,false
Perf00817,Load00817,1967-02-08,FEMALE,PRINCIPAL,,CFPERF00817,+256710000817,perf.00817+uat@example.invalid,false
Perf00818,Load00818,1968-03-09,OTHER,PRINCIPAL,,CFPERF00818,+256710000818,perf.00818+uat@example.invalid,false
Perf00819,Load00819,1969-04-10,MALE,PRINCIPAL,,CFPERF00819,+256710000819,perf.00819+uat@example.invalid,false
Perf00820,Load00820,1970-05-11,FEMALE,PRINCIPAL,,CFPERF00820,+256710000820,perf.00820+uat@example.invalid,false
Perf00821,Load00821,1971-06-12,OTHER,PRINCIPAL,,CFPERF00821,+256710000821,perf.00821+uat@example.invalid,false
Perf00822,Load00822,1972-07-13,MALE,PRINCIPAL,,CFPERF00822,+256710000822,perf.00822+uat@example.invalid,false
Perf00823,Load00823,1973-08-14,FEMALE,PRINCIPAL,,CFPERF00823,+256710000823,perf.00823+uat@example.invalid,false
Perf00824,Load00824,1974-09-15,OTHER,PRINCIPAL,,CFPERF00824,+256710000824,perf.00824+uat@example.invalid,false
Perf00825,Load00825,1975-10-16,MALE,PRINCIPAL,,CFPERF00825,+256710000825,perf.00825+uat@example.invalid,false
Perf00826,Load00826,1976-11-17,FEMALE,PRINCIPAL,,CFPERF00826,+256710000826,perf.00826+uat@example.invalid,false
Perf00827,Load00827,1977-12-18,OTHER,PRINCIPAL,,CFPERF00827,+256710000827,perf.00827+uat@example.invalid,false
Perf00828,Load00828,1978-01-19,MALE,PRINCIPAL,,CFPERF00828,+256710000828,perf.00828+uat@example.invalid,false
Perf00829,Load00829,1979-02-20,FEMALE,PRINCIPAL,,CFPERF00829,+256710000829,perf.00829+uat@example.invalid,false
Perf00830,Load00830,1980-03-21,OTHER,PRINCIPAL,,CFPERF00830,+256710000830,perf.00830+uat@example.invalid,false
Perf00831,Load00831,1981-04-22,MALE,PRINCIPAL,,CFPERF00831,+256710000831,perf.00831+uat@example.invalid,false
Perf00832,Load00832,1982-05-23,FEMALE,PRINCIPAL,,CFPERF00832,+256710000832,perf.00832+uat@example.invalid,false
Perf00833,Load00833,1983-06-24,OTHER,PRINCIPAL,,CFPERF00833,+256710000833,perf.00833+uat@example.invalid,false
Perf00834,Load00834,1984-07-25,MALE,PRINCIPAL,,CFPERF00834,+256710000834,perf.00834+uat@example.invalid,false
Perf00835,Load00835,1985-08-26,FEMALE,PRINCIPAL,,CFPERF00835,+256710000835,perf.00835+uat@example.invalid,false
Perf00836,Load00836,1986-09-27,OTHER,PRINCIPAL,,CFPERF00836,+256710000836,perf.00836+uat@example.invalid,false
Perf00837,Load00837,1987-10-01,MALE,PRINCIPAL,,CFPERF00837,+256710000837,perf.00837+uat@example.invalid,false
Perf00838,Load00838,1988-11-02,FEMALE,PRINCIPAL,,CFPERF00838,+256710000838,perf.00838+uat@example.invalid,false
Perf00839,Load00839,1989-12-03,OTHER,PRINCIPAL,,CFPERF00839,+256710000839,perf.00839+uat@example.invalid,false
Perf00840,Load00840,1990-01-04,MALE,PRINCIPAL,,CFPERF00840,+256710000840,perf.00840+uat@example.invalid,false
Perf00841,Load00841,1991-02-05,FEMALE,PRINCIPAL,,CFPERF00841,+256710000841,perf.00841+uat@example.invalid,false
Perf00842,Load00842,1992-03-06,OTHER,PRINCIPAL,,CFPERF00842,+256710000842,perf.00842+uat@example.invalid,false
Perf00843,Load00843,1993-04-07,MALE,PRINCIPAL,,CFPERF00843,+256710000843,perf.00843+uat@example.invalid,false
Perf00844,Load00844,1994-05-08,FEMALE,PRINCIPAL,,CFPERF00844,+256710000844,perf.00844+uat@example.invalid,false
Perf00845,Load00845,1995-06-09,OTHER,PRINCIPAL,,CFPERF00845,+256710000845,perf.00845+uat@example.invalid,false
Perf00846,Load00846,1996-07-10,MALE,PRINCIPAL,,CFPERF00846,+256710000846,perf.00846+uat@example.invalid,false
Perf00847,Load00847,1997-08-11,FEMALE,PRINCIPAL,,CFPERF00847,+256710000847,perf.00847+uat@example.invalid,false
Perf00848,Load00848,1998-09-12,OTHER,PRINCIPAL,,CFPERF00848,+256710000848,perf.00848+uat@example.invalid,false
Perf00849,Load00849,1999-10-13,MALE,PRINCIPAL,,CFPERF00849,+256710000849,perf.00849+uat@example.invalid,false
Perf00850,Load00850,2000-11-14,FEMALE,PRINCIPAL,,CFPERF00850,+256710000850,perf.00850+uat@example.invalid,false
Perf00851,Load00851,2001-12-15,OTHER,PRINCIPAL,,CFPERF00851,+256710000851,perf.00851+uat@example.invalid,false
Perf00852,Load00852,2002-01-16,MALE,PRINCIPAL,,CFPERF00852,+256710000852,perf.00852+uat@example.invalid,false
Perf00853,Load00853,2003-02-17,FEMALE,PRINCIPAL,,CFPERF00853,+256710000853,perf.00853+uat@example.invalid,false
Perf00854,Load00854,2004-03-18,OTHER,PRINCIPAL,,CFPERF00854,+256710000854,perf.00854+uat@example.invalid,false
Perf00855,Load00855,1960-04-19,MALE,PRINCIPAL,,CFPERF00855,+256710000855,perf.00855+uat@example.invalid,false
Perf00856,Load00856,1961-05-20,FEMALE,PRINCIPAL,,CFPERF00856,+256710000856,perf.00856+uat@example.invalid,false
Perf00857,Load00857,1962-06-21,OTHER,PRINCIPAL,,CFPERF00857,+256710000857,perf.00857+uat@example.invalid,false
Perf00858,Load00858,1963-07-22,MALE,PRINCIPAL,,CFPERF00858,+256710000858,perf.00858+uat@example.invalid,false
Perf00859,Load00859,1964-08-23,FEMALE,PRINCIPAL,,CFPERF00859,+256710000859,perf.00859+uat@example.invalid,false
Perf00860,Load00860,1965-09-24,OTHER,PRINCIPAL,,CFPERF00860,+256710000860,perf.00860+uat@example.invalid,false
Perf00861,Load00861,1966-10-25,MALE,PRINCIPAL,,CFPERF00861,+256710000861,perf.00861+uat@example.invalid,false
Perf00862,Load00862,1967-11-26,FEMALE,PRINCIPAL,,CFPERF00862,+256710000862,perf.00862+uat@example.invalid,false
Perf00863,Load00863,1968-12-27,OTHER,PRINCIPAL,,CFPERF00863,+256710000863,perf.00863+uat@example.invalid,false
Perf00864,Load00864,1969-01-01,MALE,PRINCIPAL,,CFPERF00864,+256710000864,perf.00864+uat@example.invalid,false
Perf00865,Load00865,1970-02-02,FEMALE,PRINCIPAL,,CFPERF00865,+256710000865,perf.00865+uat@example.invalid,false
Perf00866,Load00866,1971-03-03,OTHER,PRINCIPAL,,CFPERF00866,+256710000866,perf.00866+uat@example.invalid,false
Perf00867,Load00867,1972-04-04,MALE,PRINCIPAL,,CFPERF00867,+256710000867,perf.00867+uat@example.invalid,false
Perf00868,Load00868,1973-05-05,FEMALE,PRINCIPAL,,CFPERF00868,+256710000868,perf.00868+uat@example.invalid,false
Perf00869,Load00869,1974-06-06,OTHER,PRINCIPAL,,CFPERF00869,+256710000869,perf.00869+uat@example.invalid,false
Perf00870,Load00870,1975-07-07,MALE,PRINCIPAL,,CFPERF00870,+256710000870,perf.00870+uat@example.invalid,false
Perf00871,Load00871,1976-08-08,FEMALE,PRINCIPAL,,CFPERF00871,+256710000871,perf.00871+uat@example.invalid,false
Perf00872,Load00872,1977-09-09,OTHER,PRINCIPAL,,CFPERF00872,+256710000872,perf.00872+uat@example.invalid,false
Perf00873,Load00873,1978-10-10,MALE,PRINCIPAL,,CFPERF00873,+256710000873,perf.00873+uat@example.invalid,false
Perf00874,Load00874,1979-11-11,FEMALE,PRINCIPAL,,CFPERF00874,+256710000874,perf.00874+uat@example.invalid,false
Perf00875,Load00875,1980-12-12,OTHER,PRINCIPAL,,CFPERF00875,+256710000875,perf.00875+uat@example.invalid,false
Perf00876,Load00876,1981-01-13,MALE,PRINCIPAL,,CFPERF00876,+256710000876,perf.00876+uat@example.invalid,false
Perf00877,Load00877,1982-02-14,FEMALE,PRINCIPAL,,CFPERF00877,+256710000877,perf.00877+uat@example.invalid,false
Perf00878,Load00878,1983-03-15,OTHER,PRINCIPAL,,CFPERF00878,+256710000878,perf.00878+uat@example.invalid,false
Perf00879,Load00879,1984-04-16,MALE,PRINCIPAL,,CFPERF00879,+256710000879,perf.00879+uat@example.invalid,false
Perf00880,Load00880,1985-05-17,FEMALE,PRINCIPAL,,CFPERF00880,+256710000880,perf.00880+uat@example.invalid,false
Perf00881,Load00881,1986-06-18,OTHER,PRINCIPAL,,CFPERF00881,+256710000881,perf.00881+uat@example.invalid,false
Perf00882,Load00882,1987-07-19,MALE,PRINCIPAL,,CFPERF00882,+256710000882,perf.00882+uat@example.invalid,false
Perf00883,Load00883,1988-08-20,FEMALE,PRINCIPAL,,CFPERF00883,+256710000883,perf.00883+uat@example.invalid,false
Perf00884,Load00884,1989-09-21,OTHER,PRINCIPAL,,CFPERF00884,+256710000884,perf.00884+uat@example.invalid,false
Perf00885,Load00885,1990-10-22,MALE,PRINCIPAL,,CFPERF00885,+256710000885,perf.00885+uat@example.invalid,false
Perf00886,Load00886,1991-11-23,FEMALE,PRINCIPAL,,CFPERF00886,+256710000886,perf.00886+uat@example.invalid,false
Perf00887,Load00887,1992-12-24,OTHER,PRINCIPAL,,CFPERF00887,+256710000887,perf.00887+uat@example.invalid,false
Perf00888,Load00888,1993-01-25,MALE,PRINCIPAL,,CFPERF00888,+256710000888,perf.00888+uat@example.invalid,false
Perf00889,Load00889,1994-02-26,FEMALE,PRINCIPAL,,CFPERF00889,+256710000889,perf.00889+uat@example.invalid,false
Perf00890,Load00890,1995-03-27,OTHER,PRINCIPAL,,CFPERF00890,+256710000890,perf.00890+uat@example.invalid,false
Perf00891,Load00891,1996-04-01,MALE,PRINCIPAL,,CFPERF00891,+256710000891,perf.00891+uat@example.invalid,false
Perf00892,Load00892,1997-05-02,FEMALE,PRINCIPAL,,CFPERF00892,+256710000892,perf.00892+uat@example.invalid,false
Perf00893,Load00893,1998-06-03,OTHER,PRINCIPAL,,CFPERF00893,+256710000893,perf.00893+uat@example.invalid,false
Perf00894,Load00894,1999-07-04,MALE,PRINCIPAL,,CFPERF00894,+256710000894,perf.00894+uat@example.invalid,false
Perf00895,Load00895,2000-08-05,FEMALE,PRINCIPAL,,CFPERF00895,+256710000895,perf.00895+uat@example.invalid,false
Perf00896,Load00896,2001-09-06,OTHER,PRINCIPAL,,CFPERF00896,+256710000896,perf.00896+uat@example.invalid,false
Perf00897,Load00897,2002-10-07,MALE,PRINCIPAL,,CFPERF00897,+256710000897,perf.00897+uat@example.invalid,false
Perf00898,Load00898,2003-11-08,FEMALE,PRINCIPAL,,CFPERF00898,+256710000898,perf.00898+uat@example.invalid,false
Perf00899,Load00899,2004-12-09,OTHER,PRINCIPAL,,CFPERF00899,+256710000899,perf.00899+uat@example.invalid,false
Perf00900,Load00900,1960-01-10,MALE,PRINCIPAL,,CFPERF00900,+256710000900,perf.00900+uat@example.invalid,false
Perf00901,Load00901,1961-02-11,FEMALE,PRINCIPAL,,CFPERF00901,+256710000901,perf.00901+uat@example.invalid,false
Perf00902,Load00902,1962-03-12,OTHER,PRINCIPAL,,CFPERF00902,+256710000902,perf.00902+uat@example.invalid,false
Perf00903,Load00903,1963-04-13,MALE,PRINCIPAL,,CFPERF00903,+256710000903,perf.00903+uat@example.invalid,false
Perf00904,Load00904,1964-05-14,FEMALE,PRINCIPAL,,CFPERF00904,+256710000904,perf.00904+uat@example.invalid,false
Perf00905,Load00905,1965-06-15,OTHER,PRINCIPAL,,CFPERF00905,+256710000905,perf.00905+uat@example.invalid,false
Perf00906,Load00906,1966-07-16,MALE,PRINCIPAL,,CFPERF00906,+256710000906,perf.00906+uat@example.invalid,false
Perf00907,Load00907,1967-08-17,FEMALE,PRINCIPAL,,CFPERF00907,+256710000907,perf.00907+uat@example.invalid,false
Perf00908,Load00908,1968-09-18,OTHER,PRINCIPAL,,CFPERF00908,+256710000908,perf.00908+uat@example.invalid,false
Perf00909,Load00909,1969-10-19,MALE,PRINCIPAL,,CFPERF00909,+256710000909,perf.00909+uat@example.invalid,false
Perf00910,Load00910,1970-11-20,FEMALE,PRINCIPAL,,CFPERF00910,+256710000910,perf.00910+uat@example.invalid,false
Perf00911,Load00911,1971-12-21,OTHER,PRINCIPAL,,CFPERF00911,+256710000911,perf.00911+uat@example.invalid,false
Perf00912,Load00912,1972-01-22,MALE,PRINCIPAL,,CFPERF00912,+256710000912,perf.00912+uat@example.invalid,false
Perf00913,Load00913,1973-02-23,FEMALE,PRINCIPAL,,CFPERF00913,+256710000913,perf.00913+uat@example.invalid,false
Perf00914,Load00914,1974-03-24,OTHER,PRINCIPAL,,CFPERF00914,+256710000914,perf.00914+uat@example.invalid,false
Perf00915,Load00915,1975-04-25,MALE,PRINCIPAL,,CFPERF00915,+256710000915,perf.00915+uat@example.invalid,false
Perf00916,Load00916,1976-05-26,FEMALE,PRINCIPAL,,CFPERF00916,+256710000916,perf.00916+uat@example.invalid,false
Perf00917,Load00917,1977-06-27,OTHER,PRINCIPAL,,CFPERF00917,+256710000917,perf.00917+uat@example.invalid,false
Perf00918,Load00918,1978-07-01,MALE,PRINCIPAL,,CFPERF00918,+256710000918,perf.00918+uat@example.invalid,false
Perf00919,Load00919,1979-08-02,FEMALE,PRINCIPAL,,CFPERF00919,+256710000919,perf.00919+uat@example.invalid,false
Perf00920,Load00920,1980-09-03,OTHER,PRINCIPAL,,CFPERF00920,+256710000920,perf.00920+uat@example.invalid,false
Perf00921,Load00921,1981-10-04,MALE,PRINCIPAL,,CFPERF00921,+256710000921,perf.00921+uat@example.invalid,false
Perf00922,Load00922,1982-11-05,FEMALE,PRINCIPAL,,CFPERF00922,+256710000922,perf.00922+uat@example.invalid,false
Perf00923,Load00923,1983-12-06,OTHER,PRINCIPAL,,CFPERF00923,+256710000923,perf.00923+uat@example.invalid,false
Perf00924,Load00924,1984-01-07,MALE,PRINCIPAL,,CFPERF00924,+256710000924,perf.00924+uat@example.invalid,false
Perf00925,Load00925,1985-02-08,FEMALE,PRINCIPAL,,CFPERF00925,+256710000925,perf.00925+uat@example.invalid,false
Perf00926,Load00926,1986-03-09,OTHER,PRINCIPAL,,CFPERF00926,+256710000926,perf.00926+uat@example.invalid,false
Perf00927,Load00927,1987-04-10,MALE,PRINCIPAL,,CFPERF00927,+256710000927,perf.00927+uat@example.invalid,false
Perf00928,Load00928,1988-05-11,FEMALE,PRINCIPAL,,CFPERF00928,+256710000928,perf.00928+uat@example.invalid,false
Perf00929,Load00929,1989-06-12,OTHER,PRINCIPAL,,CFPERF00929,+256710000929,perf.00929+uat@example.invalid,false
Perf00930,Load00930,1990-07-13,MALE,PRINCIPAL,,CFPERF00930,+256710000930,perf.00930+uat@example.invalid,false
Perf00931,Load00931,1991-08-14,FEMALE,PRINCIPAL,,CFPERF00931,+256710000931,perf.00931+uat@example.invalid,false
Perf00932,Load00932,1992-09-15,OTHER,PRINCIPAL,,CFPERF00932,+256710000932,perf.00932+uat@example.invalid,false
Perf00933,Load00933,1993-10-16,MALE,PRINCIPAL,,CFPERF00933,+256710000933,perf.00933+uat@example.invalid,false
Perf00934,Load00934,1994-11-17,FEMALE,PRINCIPAL,,CFPERF00934,+256710000934,perf.00934+uat@example.invalid,false
Perf00935,Load00935,1995-12-18,OTHER,PRINCIPAL,,CFPERF00935,+256710000935,perf.00935+uat@example.invalid,false
Perf00936,Load00936,1996-01-19,MALE,PRINCIPAL,,CFPERF00936,+256710000936,perf.00936+uat@example.invalid,false
Perf00937,Load00937,1997-02-20,FEMALE,PRINCIPAL,,CFPERF00937,+256710000937,perf.00937+uat@example.invalid,false
Perf00938,Load00938,1998-03-21,OTHER,PRINCIPAL,,CFPERF00938,+256710000938,perf.00938+uat@example.invalid,false
Perf00939,Load00939,1999-04-22,MALE,PRINCIPAL,,CFPERF00939,+256710000939,perf.00939+uat@example.invalid,false
Perf00940,Load00940,2000-05-23,FEMALE,PRINCIPAL,,CFPERF00940,+256710000940,perf.00940+uat@example.invalid,false
Perf00941,Load00941,2001-06-24,OTHER,PRINCIPAL,,CFPERF00941,+256710000941,perf.00941+uat@example.invalid,false
Perf00942,Load00942,2002-07-25,MALE,PRINCIPAL,,CFPERF00942,+256710000942,perf.00942+uat@example.invalid,false
Perf00943,Load00943,2003-08-26,FEMALE,PRINCIPAL,,CFPERF00943,+256710000943,perf.00943+uat@example.invalid,false
Perf00944,Load00944,2004-09-27,OTHER,PRINCIPAL,,CFPERF00944,+256710000944,perf.00944+uat@example.invalid,false
Perf00945,Load00945,1960-10-01,MALE,PRINCIPAL,,CFPERF00945,+256710000945,perf.00945+uat@example.invalid,false
Perf00946,Load00946,1961-11-02,FEMALE,PRINCIPAL,,CFPERF00946,+256710000946,perf.00946+uat@example.invalid,false
Perf00947,Load00947,1962-12-03,OTHER,PRINCIPAL,,CFPERF00947,+256710000947,perf.00947+uat@example.invalid,false
Perf00948,Load00948,1963-01-04,MALE,PRINCIPAL,,CFPERF00948,+256710000948,perf.00948+uat@example.invalid,false
Perf00949,Load00949,1964-02-05,FEMALE,PRINCIPAL,,CFPERF00949,+256710000949,perf.00949+uat@example.invalid,false
Perf00950,Load00950,1965-03-06,OTHER,PRINCIPAL,,CFPERF00950,+256710000950,perf.00950+uat@example.invalid,false
Perf00951,Load00951,1966-04-07,MALE,PRINCIPAL,,CFPERF00951,+256710000951,perf.00951+uat@example.invalid,false
Perf00952,Load00952,1967-05-08,FEMALE,PRINCIPAL,,CFPERF00952,+256710000952,perf.00952+uat@example.invalid,false
Perf00953,Load00953,1968-06-09,OTHER,PRINCIPAL,,CFPERF00953,+256710000953,perf.00953+uat@example.invalid,false
Perf00954,Load00954,1969-07-10,MALE,PRINCIPAL,,CFPERF00954,+256710000954,perf.00954+uat@example.invalid,false
Perf00955,Load00955,1970-08-11,FEMALE,PRINCIPAL,,CFPERF00955,+256710000955,perf.00955+uat@example.invalid,false
Perf00956,Load00956,1971-09-12,OTHER,PRINCIPAL,,CFPERF00956,+256710000956,perf.00956+uat@example.invalid,false
Perf00957,Load00957,1972-10-13,MALE,PRINCIPAL,,CFPERF00957,+256710000957,perf.00957+uat@example.invalid,false
Perf00958,Load00958,1973-11-14,FEMALE,PRINCIPAL,,CFPERF00958,+256710000958,perf.00958+uat@example.invalid,false
Perf00959,Load00959,1974-12-15,OTHER,PRINCIPAL,,CFPERF00959,+256710000959,perf.00959+uat@example.invalid,false
Perf00960,Load00960,1975-01-16,MALE,PRINCIPAL,,CFPERF00960,+256710000960,perf.00960+uat@example.invalid,false
Perf00961,Load00961,1976-02-17,FEMALE,PRINCIPAL,,CFPERF00961,+256710000961,perf.00961+uat@example.invalid,false
Perf00962,Load00962,1977-03-18,OTHER,PRINCIPAL,,CFPERF00962,+256710000962,perf.00962+uat@example.invalid,false
Perf00963,Load00963,1978-04-19,MALE,PRINCIPAL,,CFPERF00963,+256710000963,perf.00963+uat@example.invalid,false
Perf00964,Load00964,1979-05-20,FEMALE,PRINCIPAL,,CFPERF00964,+256710000964,perf.00964+uat@example.invalid,false
Perf00965,Load00965,1980-06-21,OTHER,PRINCIPAL,,CFPERF00965,+256710000965,perf.00965+uat@example.invalid,false
Perf00966,Load00966,1981-07-22,MALE,PRINCIPAL,,CFPERF00966,+256710000966,perf.00966+uat@example.invalid,false
Perf00967,Load00967,1982-08-23,FEMALE,PRINCIPAL,,CFPERF00967,+256710000967,perf.00967+uat@example.invalid,false
Perf00968,Load00968,1983-09-24,OTHER,PRINCIPAL,,CFPERF00968,+256710000968,perf.00968+uat@example.invalid,false
Perf00969,Load00969,1984-10-25,MALE,PRINCIPAL,,CFPERF00969,+256710000969,perf.00969+uat@example.invalid,false
Perf00970,Load00970,1985-11-26,FEMALE,PRINCIPAL,,CFPERF00970,+256710000970,perf.00970+uat@example.invalid,false
Perf00971,Load00971,1986-12-27,OTHER,PRINCIPAL,,CFPERF00971,+256710000971,perf.00971+uat@example.invalid,false
Perf00972,Load00972,1987-01-01,MALE,PRINCIPAL,,CFPERF00972,+256710000972,perf.00972+uat@example.invalid,false
Perf00973,Load00973,1988-02-02,FEMALE,PRINCIPAL,,CFPERF00973,+256710000973,perf.00973+uat@example.invalid,false
Perf00974,Load00974,1989-03-03,OTHER,PRINCIPAL,,CFPERF00974,+256710000974,perf.00974+uat@example.invalid,false
Perf00975,Load00975,1990-04-04,MALE,PRINCIPAL,,CFPERF00975,+256710000975,perf.00975+uat@example.invalid,false
Perf00976,Load00976,1991-05-05,FEMALE,PRINCIPAL,,CFPERF00976,+256710000976,perf.00976+uat@example.invalid,false
Perf00977,Load00977,1992-06-06,OTHER,PRINCIPAL,,CFPERF00977,+256710000977,perf.00977+uat@example.invalid,false
Perf00978,Load00978,1993-07-07,MALE,PRINCIPAL,,CFPERF00978,+256710000978,perf.00978+uat@example.invalid,false
Perf00979,Load00979,1994-08-08,FEMALE,PRINCIPAL,,CFPERF00979,+256710000979,perf.00979+uat@example.invalid,false
Perf00980,Load00980,1995-09-09,OTHER,PRINCIPAL,,CFPERF00980,+256710000980,perf.00980+uat@example.invalid,false
Perf00981,Load00981,1996-10-10,MALE,PRINCIPAL,,CFPERF00981,+256710000981,perf.00981+uat@example.invalid,false
Perf00982,Load00982,1997-11-11,FEMALE,PRINCIPAL,,CFPERF00982,+256710000982,perf.00982+uat@example.invalid,false
Perf00983,Load00983,1998-12-12,OTHER,PRINCIPAL,,CFPERF00983,+256710000983,perf.00983+uat@example.invalid,false
Perf00984,Load00984,1999-01-13,MALE,PRINCIPAL,,CFPERF00984,+256710000984,perf.00984+uat@example.invalid,false
Perf00985,Load00985,2000-02-14,FEMALE,PRINCIPAL,,CFPERF00985,+256710000985,perf.00985+uat@example.invalid,false
Perf00986,Load00986,2001-03-15,OTHER,PRINCIPAL,,CFPERF00986,+256710000986,perf.00986+uat@example.invalid,false
Perf00987,Load00987,2002-04-16,MALE,PRINCIPAL,,CFPERF00987,+256710000987,perf.00987+uat@example.invalid,false
Perf00988,Load00988,2003-05-17,FEMALE,PRINCIPAL,,CFPERF00988,+256710000988,perf.00988+uat@example.invalid,false
Perf00989,Load00989,2004-06-18,OTHER,PRINCIPAL,,CFPERF00989,+256710000989,perf.00989+uat@example.invalid,false
Perf00990,Load00990,1960-07-19,MALE,PRINCIPAL,,CFPERF00990,+256710000990,perf.00990+uat@example.invalid,false
Perf00991,Load00991,1961-08-20,FEMALE,PRINCIPAL,,CFPERF00991,+256710000991,perf.00991+uat@example.invalid,false
Perf00992,Load00992,1962-09-21,OTHER,PRINCIPAL,,CFPERF00992,+256710000992,perf.00992+uat@example.invalid,false
Perf00993,Load00993,1963-10-22,MALE,PRINCIPAL,,CFPERF00993,+256710000993,perf.00993+uat@example.invalid,false
Perf00994,Load00994,1964-11-23,FEMALE,PRINCIPAL,,CFPERF00994,+256710000994,perf.00994+uat@example.invalid,false
Perf00995,Load00995,1965-12-24,OTHER,PRINCIPAL,,CFPERF00995,+256710000995,perf.00995+uat@example.invalid,false
Perf00996,Load00996,1966-01-25,MALE,PRINCIPAL,,CFPERF00996,+256710000996,perf.00996+uat@example.invalid,false
Perf00997,Load00997,1967-02-26,FEMALE,PRINCIPAL,,CFPERF00997,+256710000997,perf.00997+uat@example.invalid,false
Perf00998,Load00998,1968-03-27,OTHER,PRINCIPAL,,CFPERF00998,+256710000998,perf.00998+uat@example.invalid,false
Perf00999,Load00999,1969-04-01,MALE,PRINCIPAL,,CFPERF00999,+256710000999,perf.00999+uat@example.invalid,false
Perf01000,Load01000,1970-05-02,FEMALE,PRINCIPAL,,CFPERF01000,+256710001000,perf.01000+uat@example.invalid,false
Perf01001,Load01001,1971-06-03,OTHER,PRINCIPAL,,CFPERF01001,+256710001001,perf.01001+uat@example.invalid,false
Perf01002,Load01002,1972-07-04,MALE,PRINCIPAL,,CFPERF01002,+256710001002,perf.01002+uat@example.invalid,false
Perf01003,Load01003,1973-08-05,FEMALE,PRINCIPAL,,CFPERF01003,+256710001003,perf.01003+uat@example.invalid,false
Perf01004,Load01004,1974-09-06,OTHER,PRINCIPAL,,CFPERF01004,+256710001004,perf.01004+uat@example.invalid,false
Perf01005,Load01005,1975-10-07,MALE,PRINCIPAL,,CFPERF01005,+256710001005,perf.01005+uat@example.invalid,false
Perf01006,Load01006,1976-11-08,FEMALE,PRINCIPAL,,CFPERF01006,+256710001006,perf.01006+uat@example.invalid,false
Perf01007,Load01007,1977-12-09,OTHER,PRINCIPAL,,CFPERF01007,+256710001007,perf.01007+uat@example.invalid,false
Perf01008,Load01008,1978-01-10,MALE,PRINCIPAL,,CFPERF01008,+256710001008,perf.01008+uat@example.invalid,false
Perf01009,Load01009,1979-02-11,FEMALE,PRINCIPAL,,CFPERF01009,+256710001009,perf.01009+uat@example.invalid,false
Perf01010,Load01010,1980-03-12,OTHER,PRINCIPAL,,CFPERF01010,+256710001010,perf.01010+uat@example.invalid,false
Perf01011,Load01011,1981-04-13,MALE,PRINCIPAL,,CFPERF01011,+256710001011,perf.01011+uat@example.invalid,false
Perf01012,Load01012,1982-05-14,FEMALE,PRINCIPAL,,CFPERF01012,+256710001012,perf.01012+uat@example.invalid,false
Perf01013,Load01013,1983-06-15,OTHER,PRINCIPAL,,CFPERF01013,+256710001013,perf.01013+uat@example.invalid,false
Perf01014,Load01014,1984-07-16,MALE,PRINCIPAL,,CFPERF01014,+256710001014,perf.01014+uat@example.invalid,false
Perf01015,Load01015,1985-08-17,FEMALE,PRINCIPAL,,CFPERF01015,+256710001015,perf.01015+uat@example.invalid,false
Perf01016,Load01016,1986-09-18,OTHER,PRINCIPAL,,CFPERF01016,+256710001016,perf.01016+uat@example.invalid,false
Perf01017,Load01017,1987-10-19,MALE,PRINCIPAL,,CFPERF01017,+256710001017,perf.01017+uat@example.invalid,false
Perf01018,Load01018,1988-11-20,FEMALE,PRINCIPAL,,CFPERF01018,+256710001018,perf.01018+uat@example.invalid,false
Perf01019,Load01019,1989-12-21,OTHER,PRINCIPAL,,CFPERF01019,+256710001019,perf.01019+uat@example.invalid,false
Perf01020,Load01020,1990-01-22,MALE,PRINCIPAL,,CFPERF01020,+256710001020,perf.01020+uat@example.invalid,false
Perf01021,Load01021,1991-02-23,FEMALE,PRINCIPAL,,CFPERF01021,+256710001021,perf.01021+uat@example.invalid,false
Perf01022,Load01022,1992-03-24,OTHER,PRINCIPAL,,CFPERF01022,+256710001022,perf.01022+uat@example.invalid,false
Perf01023,Load01023,1993-04-25,MALE,PRINCIPAL,,CFPERF01023,+256710001023,perf.01023+uat@example.invalid,false
Perf01024,Load01024,1994-05-26,FEMALE,PRINCIPAL,,CFPERF01024,+256710001024,perf.01024+uat@example.invalid,false
Perf01025,Load01025,1995-06-27,OTHER,PRINCIPAL,,CFPERF01025,+256710001025,perf.01025+uat@example.invalid,false
Perf01026,Load01026,1996-07-01,MALE,PRINCIPAL,,CFPERF01026,+256710001026,perf.01026+uat@example.invalid,false
Perf01027,Load01027,1997-08-02,FEMALE,PRINCIPAL,,CFPERF01027,+256710001027,perf.01027+uat@example.invalid,false
Perf01028,Load01028,1998-09-03,OTHER,PRINCIPAL,,CFPERF01028,+256710001028,perf.01028+uat@example.invalid,false
Perf01029,Load01029,1999-10-04,MALE,PRINCIPAL,,CFPERF01029,+256710001029,perf.01029+uat@example.invalid,false
Perf01030,Load01030,2000-11-05,FEMALE,PRINCIPAL,,CFPERF01030,+256710001030,perf.01030+uat@example.invalid,false
Perf01031,Load01031,2001-12-06,OTHER,PRINCIPAL,,CFPERF01031,+256710001031,perf.01031+uat@example.invalid,false
Perf01032,Load01032,2002-01-07,MALE,PRINCIPAL,,CFPERF01032,+256710001032,perf.01032+uat@example.invalid,false
Perf01033,Load01033,2003-02-08,FEMALE,PRINCIPAL,,CFPERF01033,+256710001033,perf.01033+uat@example.invalid,false
Perf01034,Load01034,2004-03-09,OTHER,PRINCIPAL,,CFPERF01034,+256710001034,perf.01034+uat@example.invalid,false
Perf01035,Load01035,1960-04-10,MALE,PRINCIPAL,,CFPERF01035,+256710001035,perf.01035+uat@example.invalid,false
Perf01036,Load01036,1961-05-11,FEMALE,PRINCIPAL,,CFPERF01036,+256710001036,perf.01036+uat@example.invalid,false
Perf01037,Load01037,1962-06-12,OTHER,PRINCIPAL,,CFPERF01037,+256710001037,perf.01037+uat@example.invalid,false
Perf01038,Load01038,1963-07-13,MALE,PRINCIPAL,,CFPERF01038,+256710001038,perf.01038+uat@example.invalid,false
Perf01039,Load01039,1964-08-14,FEMALE,PRINCIPAL,,CFPERF01039,+256710001039,perf.01039+uat@example.invalid,false
Perf01040,Load01040,1965-09-15,OTHER,PRINCIPAL,,CFPERF01040,+256710001040,perf.01040+uat@example.invalid,false
Perf01041,Load01041,1966-10-16,MALE,PRINCIPAL,,CFPERF01041,+256710001041,perf.01041+uat@example.invalid,false
Perf01042,Load01042,1967-11-17,FEMALE,PRINCIPAL,,CFPERF01042,+256710001042,perf.01042+uat@example.invalid,false
Perf01043,Load01043,1968-12-18,OTHER,PRINCIPAL,,CFPERF01043,+256710001043,perf.01043+uat@example.invalid,false
Perf01044,Load01044,1969-01-19,MALE,PRINCIPAL,,CFPERF01044,+256710001044,perf.01044+uat@example.invalid,false
Perf01045,Load01045,1970-02-20,FEMALE,PRINCIPAL,,CFPERF01045,+256710001045,perf.01045+uat@example.invalid,false
Perf01046,Load01046,1971-03-21,OTHER,PRINCIPAL,,CFPERF01046,+256710001046,perf.01046+uat@example.invalid,false
Perf01047,Load01047,1972-04-22,MALE,PRINCIPAL,,CFPERF01047,+256710001047,perf.01047+uat@example.invalid,false
Perf01048,Load01048,1973-05-23,FEMALE,PRINCIPAL,,CFPERF01048,+256710001048,perf.01048+uat@example.invalid,false
Perf01049,Load01049,1974-06-24,OTHER,PRINCIPAL,,CFPERF01049,+256710001049,perf.01049+uat@example.invalid,false
Perf01050,Load01050,1975-07-25,MALE,PRINCIPAL,,CFPERF01050,+256710001050,perf.01050+uat@example.invalid,false
Perf01051,Load01051,1976-08-26,FEMALE,PRINCIPAL,,CFPERF01051,+256710001051,perf.01051+uat@example.invalid,false
Perf01052,Load01052,1977-09-27,OTHER,PRINCIPAL,,CFPERF01052,+256710001052,perf.01052+uat@example.invalid,false
Perf01053,Load01053,1978-10-01,MALE,PRINCIPAL,,CFPERF01053,+256710001053,perf.01053+uat@example.invalid,false
Perf01054,Load01054,1979-11-02,FEMALE,PRINCIPAL,,CFPERF01054,+256710001054,perf.01054+uat@example.invalid,false
Perf01055,Load01055,1980-12-03,OTHER,PRINCIPAL,,CFPERF01055,+256710001055,perf.01055+uat@example.invalid,false
Perf01056,Load01056,1981-01-04,MALE,PRINCIPAL,,CFPERF01056,+256710001056,perf.01056+uat@example.invalid,false
Perf01057,Load01057,1982-02-05,FEMALE,PRINCIPAL,,CFPERF01057,+256710001057,perf.01057+uat@example.invalid,false
Perf01058,Load01058,1983-03-06,OTHER,PRINCIPAL,,CFPERF01058,+256710001058,perf.01058+uat@example.invalid,false
Perf01059,Load01059,1984-04-07,MALE,PRINCIPAL,,CFPERF01059,+256710001059,perf.01059+uat@example.invalid,false
Perf01060,Load01060,1985-05-08,FEMALE,PRINCIPAL,,CFPERF01060,+256710001060,perf.01060+uat@example.invalid,false
Perf01061,Load01061,1986-06-09,OTHER,PRINCIPAL,,CFPERF01061,+256710001061,perf.01061+uat@example.invalid,false
Perf01062,Load01062,1987-07-10,MALE,PRINCIPAL,,CFPERF01062,+256710001062,perf.01062+uat@example.invalid,false
Perf01063,Load01063,1988-08-11,FEMALE,PRINCIPAL,,CFPERF01063,+256710001063,perf.01063+uat@example.invalid,false
Perf01064,Load01064,1989-09-12,OTHER,PRINCIPAL,,CFPERF01064,+256710001064,perf.01064+uat@example.invalid,false
Perf01065,Load01065,1990-10-13,MALE,PRINCIPAL,,CFPERF01065,+256710001065,perf.01065+uat@example.invalid,false
Perf01066,Load01066,1991-11-14,FEMALE,PRINCIPAL,,CFPERF01066,+256710001066,perf.01066+uat@example.invalid,false
Perf01067,Load01067,1992-12-15,OTHER,PRINCIPAL,,CFPERF01067,+256710001067,perf.01067+uat@example.invalid,false
Perf01068,Load01068,1993-01-16,MALE,PRINCIPAL,,CFPERF01068,+256710001068,perf.01068+uat@example.invalid,false
Perf01069,Load01069,1994-02-17,FEMALE,PRINCIPAL,,CFPERF01069,+256710001069,perf.01069+uat@example.invalid,false
Perf01070,Load01070,1995-03-18,OTHER,PRINCIPAL,,CFPERF01070,+256710001070,perf.01070+uat@example.invalid,false
Perf01071,Load01071,1996-04-19,MALE,PRINCIPAL,,CFPERF01071,+256710001071,perf.01071+uat@example.invalid,false
Perf01072,Load01072,1997-05-20,FEMALE,PRINCIPAL,,CFPERF01072,+256710001072,perf.01072+uat@example.invalid,false
Perf01073,Load01073,1998-06-21,OTHER,PRINCIPAL,,CFPERF01073,+256710001073,perf.01073+uat@example.invalid,false
Perf01074,Load01074,1999-07-22,MALE,PRINCIPAL,,CFPERF01074,+256710001074,perf.01074+uat@example.invalid,false
Perf01075,Load01075,2000-08-23,FEMALE,PRINCIPAL,,CFPERF01075,+256710001075,perf.01075+uat@example.invalid,false
Perf01076,Load01076,2001-09-24,OTHER,PRINCIPAL,,CFPERF01076,+256710001076,perf.01076+uat@example.invalid,false
Perf01077,Load01077,2002-10-25,MALE,PRINCIPAL,,CFPERF01077,+256710001077,perf.01077+uat@example.invalid,false
Perf01078,Load01078,2003-11-26,FEMALE,PRINCIPAL,,CFPERF01078,+256710001078,perf.01078+uat@example.invalid,false
Perf01079,Load01079,2004-12-27,OTHER,PRINCIPAL,,CFPERF01079,+256710001079,perf.01079+uat@example.invalid,false
Perf01080,Load01080,1960-01-01,MALE,PRINCIPAL,,CFPERF01080,+256710001080,perf.01080+uat@example.invalid,false
Perf01081,Load01081,1961-02-02,FEMALE,PRINCIPAL,,CFPERF01081,+256710001081,perf.01081+uat@example.invalid,false
Perf01082,Load01082,1962-03-03,OTHER,PRINCIPAL,,CFPERF01082,+256710001082,perf.01082+uat@example.invalid,false
Perf01083,Load01083,1963-04-04,MALE,PRINCIPAL,,CFPERF01083,+256710001083,perf.01083+uat@example.invalid,false
Perf01084,Load01084,1964-05-05,FEMALE,PRINCIPAL,,CFPERF01084,+256710001084,perf.01084+uat@example.invalid,false
Perf01085,Load01085,1965-06-06,OTHER,PRINCIPAL,,CFPERF01085,+256710001085,perf.01085+uat@example.invalid,false
Perf01086,Load01086,1966-07-07,MALE,PRINCIPAL,,CFPERF01086,+256710001086,perf.01086+uat@example.invalid,false
Perf01087,Load01087,1967-08-08,FEMALE,PRINCIPAL,,CFPERF01087,+256710001087,perf.01087+uat@example.invalid,false
Perf01088,Load01088,1968-09-09,OTHER,PRINCIPAL,,CFPERF01088,+256710001088,perf.01088+uat@example.invalid,false
Perf01089,Load01089,1969-10-10,MALE,PRINCIPAL,,CFPERF01089,+256710001089,perf.01089+uat@example.invalid,false
Perf01090,Load01090,1970-11-11,FEMALE,PRINCIPAL,,CFPERF01090,+256710001090,perf.01090+uat@example.invalid,false
Perf01091,Load01091,1971-12-12,OTHER,PRINCIPAL,,CFPERF01091,+256710001091,perf.01091+uat@example.invalid,false
Perf01092,Load01092,1972-01-13,MALE,PRINCIPAL,,CFPERF01092,+256710001092,perf.01092+uat@example.invalid,false
Perf01093,Load01093,1973-02-14,FEMALE,PRINCIPAL,,CFPERF01093,+256710001093,perf.01093+uat@example.invalid,false
Perf01094,Load01094,1974-03-15,OTHER,PRINCIPAL,,CFPERF01094,+256710001094,perf.01094+uat@example.invalid,false
Perf01095,Load01095,1975-04-16,MALE,PRINCIPAL,,CFPERF01095,+256710001095,perf.01095+uat@example.invalid,false
Perf01096,Load01096,1976-05-17,FEMALE,PRINCIPAL,,CFPERF01096,+256710001096,perf.01096+uat@example.invalid,false
Perf01097,Load01097,1977-06-18,OTHER,PRINCIPAL,,CFPERF01097,+256710001097,perf.01097+uat@example.invalid,false
Perf01098,Load01098,1978-07-19,MALE,PRINCIPAL,,CFPERF01098,+256710001098,perf.01098+uat@example.invalid,false
Perf01099,Load01099,1979-08-20,FEMALE,PRINCIPAL,,CFPERF01099,+256710001099,perf.01099+uat@example.invalid,false
Perf01100,Load01100,1980-09-21,OTHER,PRINCIPAL,,CFPERF01100,+256710001100,perf.01100+uat@example.invalid,false
Perf01101,Load01101,1981-10-22,MALE,PRINCIPAL,,CFPERF01101,+256710001101,perf.01101+uat@example.invalid,false
Perf01102,Load01102,1982-11-23,FEMALE,PRINCIPAL,,CFPERF01102,+256710001102,perf.01102+uat@example.invalid,false
Perf01103,Load01103,1983-12-24,OTHER,PRINCIPAL,,CFPERF01103,+256710001103,perf.01103+uat@example.invalid,false
Perf01104,Load01104,1984-01-25,MALE,PRINCIPAL,,CFPERF01104,+256710001104,perf.01104+uat@example.invalid,false
Perf01105,Load01105,1985-02-26,FEMALE,PRINCIPAL,,CFPERF01105,+256710001105,perf.01105+uat@example.invalid,false
Perf01106,Load01106,1986-03-27,OTHER,PRINCIPAL,,CFPERF01106,+256710001106,perf.01106+uat@example.invalid,false
Perf01107,Load01107,1987-04-01,MALE,PRINCIPAL,,CFPERF01107,+256710001107,perf.01107+uat@example.invalid,false
Perf01108,Load01108,1988-05-02,FEMALE,PRINCIPAL,,CFPERF01108,+256710001108,perf.01108+uat@example.invalid,false
Perf01109,Load01109,1989-06-03,OTHER,PRINCIPAL,,CFPERF01109,+256710001109,perf.01109+uat@example.invalid,false
Perf01110,Load01110,1990-07-04,MALE,PRINCIPAL,,CFPERF01110,+256710001110,perf.01110+uat@example.invalid,false
Perf01111,Load01111,1991-08-05,FEMALE,PRINCIPAL,,CFPERF01111,+256710001111,perf.01111+uat@example.invalid,false
Perf01112,Load01112,1992-09-06,OTHER,PRINCIPAL,,CFPERF01112,+256710001112,perf.01112+uat@example.invalid,false
Perf01113,Load01113,1993-10-07,MALE,PRINCIPAL,,CFPERF01113,+256710001113,perf.01113+uat@example.invalid,false
Perf01114,Load01114,1994-11-08,FEMALE,PRINCIPAL,,CFPERF01114,+256710001114,perf.01114+uat@example.invalid,false
Perf01115,Load01115,1995-12-09,OTHER,PRINCIPAL,,CFPERF01115,+256710001115,perf.01115+uat@example.invalid,false
Perf01116,Load01116,1996-01-10,MALE,PRINCIPAL,,CFPERF01116,+256710001116,perf.01116+uat@example.invalid,false
Perf01117,Load01117,1997-02-11,FEMALE,PRINCIPAL,,CFPERF01117,+256710001117,perf.01117+uat@example.invalid,false
Perf01118,Load01118,1998-03-12,OTHER,PRINCIPAL,,CFPERF01118,+256710001118,perf.01118+uat@example.invalid,false
Perf01119,Load01119,1999-04-13,MALE,PRINCIPAL,,CFPERF01119,+256710001119,perf.01119+uat@example.invalid,false
Perf01120,Load01120,2000-05-14,FEMALE,PRINCIPAL,,CFPERF01120,+256710001120,perf.01120+uat@example.invalid,false
Perf01121,Load01121,2001-06-15,OTHER,PRINCIPAL,,CFPERF01121,+256710001121,perf.01121+uat@example.invalid,false
Perf01122,Load01122,2002-07-16,MALE,PRINCIPAL,,CFPERF01122,+256710001122,perf.01122+uat@example.invalid,false
Perf01123,Load01123,2003-08-17,FEMALE,PRINCIPAL,,CFPERF01123,+256710001123,perf.01123+uat@example.invalid,false
Perf01124,Load01124,2004-09-18,OTHER,PRINCIPAL,,CFPERF01124,+256710001124,perf.01124+uat@example.invalid,false
Perf01125,Load01125,1960-10-19,MALE,PRINCIPAL,,CFPERF01125,+256710001125,perf.01125+uat@example.invalid,false
Perf01126,Load01126,1961-11-20,FEMALE,PRINCIPAL,,CFPERF01126,+256710001126,perf.01126+uat@example.invalid,false
Perf01127,Load01127,1962-12-21,OTHER,PRINCIPAL,,CFPERF01127,+256710001127,perf.01127+uat@example.invalid,false
Perf01128,Load01128,1963-01-22,MALE,PRINCIPAL,,CFPERF01128,+256710001128,perf.01128+uat@example.invalid,false
Perf01129,Load01129,1964-02-23,FEMALE,PRINCIPAL,,CFPERF01129,+256710001129,perf.01129+uat@example.invalid,false
Perf01130,Load01130,1965-03-24,OTHER,PRINCIPAL,,CFPERF01130,+256710001130,perf.01130+uat@example.invalid,false
Perf01131,Load01131,1966-04-25,MALE,PRINCIPAL,,CFPERF01131,+256710001131,perf.01131+uat@example.invalid,false
Perf01132,Load01132,1967-05-26,FEMALE,PRINCIPAL,,CFPERF01132,+256710001132,perf.01132+uat@example.invalid,false
Perf01133,Load01133,1968-06-27,OTHER,PRINCIPAL,,CFPERF01133,+256710001133,perf.01133+uat@example.invalid,false
Perf01134,Load01134,1969-07-01,MALE,PRINCIPAL,,CFPERF01134,+256710001134,perf.01134+uat@example.invalid,false
Perf01135,Load01135,1970-08-02,FEMALE,PRINCIPAL,,CFPERF01135,+256710001135,perf.01135+uat@example.invalid,false
Perf01136,Load01136,1971-09-03,OTHER,PRINCIPAL,,CFPERF01136,+256710001136,perf.01136+uat@example.invalid,false
Perf01137,Load01137,1972-10-04,MALE,PRINCIPAL,,CFPERF01137,+256710001137,perf.01137+uat@example.invalid,false
Perf01138,Load01138,1973-11-05,FEMALE,PRINCIPAL,,CFPERF01138,+256710001138,perf.01138+uat@example.invalid,false
Perf01139,Load01139,1974-12-06,OTHER,PRINCIPAL,,CFPERF01139,+256710001139,perf.01139+uat@example.invalid,false
Perf01140,Load01140,1975-01-07,MALE,PRINCIPAL,,CFPERF01140,+256710001140,perf.01140+uat@example.invalid,false
Perf01141,Load01141,1976-02-08,FEMALE,PRINCIPAL,,CFPERF01141,+256710001141,perf.01141+uat@example.invalid,false
Perf01142,Load01142,1977-03-09,OTHER,PRINCIPAL,,CFPERF01142,+256710001142,perf.01142+uat@example.invalid,false
Perf01143,Load01143,1978-04-10,MALE,PRINCIPAL,,CFPERF01143,+256710001143,perf.01143+uat@example.invalid,false
Perf01144,Load01144,1979-05-11,FEMALE,PRINCIPAL,,CFPERF01144,+256710001144,perf.01144+uat@example.invalid,false
Perf01145,Load01145,1980-06-12,OTHER,PRINCIPAL,,CFPERF01145,+256710001145,perf.01145+uat@example.invalid,false
Perf01146,Load01146,1981-07-13,MALE,PRINCIPAL,,CFPERF01146,+256710001146,perf.01146+uat@example.invalid,false
Perf01147,Load01147,1982-08-14,FEMALE,PRINCIPAL,,CFPERF01147,+256710001147,perf.01147+uat@example.invalid,false
Perf01148,Load01148,1983-09-15,OTHER,PRINCIPAL,,CFPERF01148,+256710001148,perf.01148+uat@example.invalid,false
Perf01149,Load01149,1984-10-16,MALE,PRINCIPAL,,CFPERF01149,+256710001149,perf.01149+uat@example.invalid,false
Perf01150,Load01150,1985-11-17,FEMALE,PRINCIPAL,,CFPERF01150,+256710001150,perf.01150+uat@example.invalid,false
Perf01151,Load01151,1986-12-18,OTHER,PRINCIPAL,,CFPERF01151,+256710001151,perf.01151+uat@example.invalid,false
Perf01152,Load01152,1987-01-19,MALE,PRINCIPAL,,CFPERF01152,+256710001152,perf.01152+uat@example.invalid,false
Perf01153,Load01153,1988-02-20,FEMALE,PRINCIPAL,,CFPERF01153,+256710001153,perf.01153+uat@example.invalid,false
Perf01154,Load01154,1989-03-21,OTHER,PRINCIPAL,,CFPERF01154,+256710001154,perf.01154+uat@example.invalid,false
Perf01155,Load01155,1990-04-22,MALE,PRINCIPAL,,CFPERF01155,+256710001155,perf.01155+uat@example.invalid,false
Perf01156,Load01156,1991-05-23,FEMALE,PRINCIPAL,,CFPERF01156,+256710001156,perf.01156+uat@example.invalid,false
Perf01157,Load01157,1992-06-24,OTHER,PRINCIPAL,,CFPERF01157,+256710001157,perf.01157+uat@example.invalid,false
Perf01158,Load01158,1993-07-25,MALE,PRINCIPAL,,CFPERF01158,+256710001158,perf.01158+uat@example.invalid,false
Perf01159,Load01159,1994-08-26,FEMALE,PRINCIPAL,,CFPERF01159,+256710001159,perf.01159+uat@example.invalid,false
Perf01160,Load01160,1995-09-27,OTHER,PRINCIPAL,,CFPERF01160,+256710001160,perf.01160+uat@example.invalid,false
Perf01161,Load01161,1996-10-01,MALE,PRINCIPAL,,CFPERF01161,+256710001161,perf.01161+uat@example.invalid,false
Perf01162,Load01162,1997-11-02,FEMALE,PRINCIPAL,,CFPERF01162,+256710001162,perf.01162+uat@example.invalid,false
Perf01163,Load01163,1998-12-03,OTHER,PRINCIPAL,,CFPERF01163,+256710001163,perf.01163+uat@example.invalid,false
Perf01164,Load01164,1999-01-04,MALE,PRINCIPAL,,CFPERF01164,+256710001164,perf.01164+uat@example.invalid,false
Perf01165,Load01165,2000-02-05,FEMALE,PRINCIPAL,,CFPERF01165,+256710001165,perf.01165+uat@example.invalid,false
Perf01166,Load01166,2001-03-06,OTHER,PRINCIPAL,,CFPERF01166,+256710001166,perf.01166+uat@example.invalid,false
Perf01167,Load01167,2002-04-07,MALE,PRINCIPAL,,CFPERF01167,+256710001167,perf.01167+uat@example.invalid,false
Perf01168,Load01168,2003-05-08,FEMALE,PRINCIPAL,,CFPERF01168,+256710001168,perf.01168+uat@example.invalid,false
Perf01169,Load01169,2004-06-09,OTHER,PRINCIPAL,,CFPERF01169,+256710001169,perf.01169+uat@example.invalid,false
Perf01170,Load01170,1960-07-10,MALE,PRINCIPAL,,CFPERF01170,+256710001170,perf.01170+uat@example.invalid,false
Perf01171,Load01171,1961-08-11,FEMALE,PRINCIPAL,,CFPERF01171,+256710001171,perf.01171+uat@example.invalid,false
Perf01172,Load01172,1962-09-12,OTHER,PRINCIPAL,,CFPERF01172,+256710001172,perf.01172+uat@example.invalid,false
Perf01173,Load01173,1963-10-13,MALE,PRINCIPAL,,CFPERF01173,+256710001173,perf.01173+uat@example.invalid,false
Perf01174,Load01174,1964-11-14,FEMALE,PRINCIPAL,,CFPERF01174,+256710001174,perf.01174+uat@example.invalid,false
Perf01175,Load01175,1965-12-15,OTHER,PRINCIPAL,,CFPERF01175,+256710001175,perf.01175+uat@example.invalid,false
Perf01176,Load01176,1966-01-16,MALE,PRINCIPAL,,CFPERF01176,+256710001176,perf.01176+uat@example.invalid,false
Perf01177,Load01177,1967-02-17,FEMALE,PRINCIPAL,,CFPERF01177,+256710001177,perf.01177+uat@example.invalid,false
Perf01178,Load01178,1968-03-18,OTHER,PRINCIPAL,,CFPERF01178,+256710001178,perf.01178+uat@example.invalid,false
Perf01179,Load01179,1969-04-19,MALE,PRINCIPAL,,CFPERF01179,+256710001179,perf.01179+uat@example.invalid,false
Perf01180,Load01180,1970-05-20,FEMALE,PRINCIPAL,,CFPERF01180,+256710001180,perf.01180+uat@example.invalid,false
Perf01181,Load01181,1971-06-21,OTHER,PRINCIPAL,,CFPERF01181,+256710001181,perf.01181+uat@example.invalid,false
Perf01182,Load01182,1972-07-22,MALE,PRINCIPAL,,CFPERF01182,+256710001182,perf.01182+uat@example.invalid,false
Perf01183,Load01183,1973-08-23,FEMALE,PRINCIPAL,,CFPERF01183,+256710001183,perf.01183+uat@example.invalid,false
Perf01184,Load01184,1974-09-24,OTHER,PRINCIPAL,,CFPERF01184,+256710001184,perf.01184+uat@example.invalid,false
Perf01185,Load01185,1975-10-25,MALE,PRINCIPAL,,CFPERF01185,+256710001185,perf.01185+uat@example.invalid,false
Perf01186,Load01186,1976-11-26,FEMALE,PRINCIPAL,,CFPERF01186,+256710001186,perf.01186+uat@example.invalid,false
Perf01187,Load01187,1977-12-27,OTHER,PRINCIPAL,,CFPERF01187,+256710001187,perf.01187+uat@example.invalid,false
Perf01188,Load01188,1978-01-01,MALE,PRINCIPAL,,CFPERF01188,+256710001188,perf.01188+uat@example.invalid,false
Perf01189,Load01189,1979-02-02,FEMALE,PRINCIPAL,,CFPERF01189,+256710001189,perf.01189+uat@example.invalid,false
Perf01190,Load01190,1980-03-03,OTHER,PRINCIPAL,,CFPERF01190,+256710001190,perf.01190+uat@example.invalid,false
Perf01191,Load01191,1981-04-04,MALE,PRINCIPAL,,CFPERF01191,+256710001191,perf.01191+uat@example.invalid,false
Perf01192,Load01192,1982-05-05,FEMALE,PRINCIPAL,,CFPERF01192,+256710001192,perf.01192+uat@example.invalid,false
Perf01193,Load01193,1983-06-06,OTHER,PRINCIPAL,,CFPERF01193,+256710001193,perf.01193+uat@example.invalid,false
Perf01194,Load01194,1984-07-07,MALE,PRINCIPAL,,CFPERF01194,+256710001194,perf.01194+uat@example.invalid,false
Perf01195,Load01195,1985-08-08,FEMALE,PRINCIPAL,,CFPERF01195,+256710001195,perf.01195+uat@example.invalid,false
Perf01196,Load01196,1986-09-09,OTHER,PRINCIPAL,,CFPERF01196,+256710001196,perf.01196+uat@example.invalid,false
Perf01197,Load01197,1987-10-10,MALE,PRINCIPAL,,CFPERF01197,+256710001197,perf.01197+uat@example.invalid,false
Perf01198,Load01198,1988-11-11,FEMALE,PRINCIPAL,,CFPERF01198,+256710001198,perf.01198+uat@example.invalid,false
Perf01199,Load01199,1989-12-12,OTHER,PRINCIPAL,,CFPERF01199,+256710001199,perf.01199+uat@example.invalid,false
Perf01200,Load01200,1990-01-13,MALE,PRINCIPAL,,CFPERF01200,+256710001200,perf.01200+uat@example.invalid,false
Perf01201,Load01201,1991-02-14,FEMALE,PRINCIPAL,,CFPERF01201,+256710001201,perf.01201+uat@example.invalid,false
Perf01202,Load01202,1992-03-15,OTHER,PRINCIPAL,,CFPERF01202,+256710001202,perf.01202+uat@example.invalid,false
Perf01203,Load01203,1993-04-16,MALE,PRINCIPAL,,CFPERF01203,+256710001203,perf.01203+uat@example.invalid,false
Perf01204,Load01204,1994-05-17,FEMALE,PRINCIPAL,,CFPERF01204,+256710001204,perf.01204+uat@example.invalid,false
Perf01205,Load01205,1995-06-18,OTHER,PRINCIPAL,,CFPERF01205,+256710001205,perf.01205+uat@example.invalid,false
Perf01206,Load01206,1996-07-19,MALE,PRINCIPAL,,CFPERF01206,+256710001206,perf.01206+uat@example.invalid,false
Perf01207,Load01207,1997-08-20,FEMALE,PRINCIPAL,,CFPERF01207,+256710001207,perf.01207+uat@example.invalid,false
Perf01208,Load01208,1998-09-21,OTHER,PRINCIPAL,,CFPERF01208,+256710001208,perf.01208+uat@example.invalid,false
Perf01209,Load01209,1999-10-22,MALE,PRINCIPAL,,CFPERF01209,+256710001209,perf.01209+uat@example.invalid,false
Perf01210,Load01210,2000-11-23,FEMALE,PRINCIPAL,,CFPERF01210,+256710001210,perf.01210+uat@example.invalid,false
Perf01211,Load01211,2001-12-24,OTHER,PRINCIPAL,,CFPERF01211,+256710001211,perf.01211+uat@example.invalid,false
Perf01212,Load01212,2002-01-25,MALE,PRINCIPAL,,CFPERF01212,+256710001212,perf.01212+uat@example.invalid,false
Perf01213,Load01213,2003-02-26,FEMALE,PRINCIPAL,,CFPERF01213,+256710001213,perf.01213+uat@example.invalid,false
Perf01214,Load01214,2004-03-27,OTHER,PRINCIPAL,,CFPERF01214,+256710001214,perf.01214+uat@example.invalid,false
Perf01215,Load01215,1960-04-01,MALE,PRINCIPAL,,CFPERF01215,+256710001215,perf.01215+uat@example.invalid,false
Perf01216,Load01216,1961-05-02,FEMALE,PRINCIPAL,,CFPERF01216,+256710001216,perf.01216+uat@example.invalid,false
Perf01217,Load01217,1962-06-03,OTHER,PRINCIPAL,,CFPERF01217,+256710001217,perf.01217+uat@example.invalid,false
Perf01218,Load01218,1963-07-04,MALE,PRINCIPAL,,CFPERF01218,+256710001218,perf.01218+uat@example.invalid,false
Perf01219,Load01219,1964-08-05,FEMALE,PRINCIPAL,,CFPERF01219,+256710001219,perf.01219+uat@example.invalid,false
Perf01220,Load01220,1965-09-06,OTHER,PRINCIPAL,,CFPERF01220,+256710001220,perf.01220+uat@example.invalid,false
Perf01221,Load01221,1966-10-07,MALE,PRINCIPAL,,CFPERF01221,+256710001221,perf.01221+uat@example.invalid,false
Perf01222,Load01222,1967-11-08,FEMALE,PRINCIPAL,,CFPERF01222,+256710001222,perf.01222+uat@example.invalid,false
Perf01223,Load01223,1968-12-09,OTHER,PRINCIPAL,,CFPERF01223,+256710001223,perf.01223+uat@example.invalid,false
Perf01224,Load01224,1969-01-10,MALE,PRINCIPAL,,CFPERF01224,+256710001224,perf.01224+uat@example.invalid,false
Perf01225,Load01225,1970-02-11,FEMALE,PRINCIPAL,,CFPERF01225,+256710001225,perf.01225+uat@example.invalid,false
Perf01226,Load01226,1971-03-12,OTHER,PRINCIPAL,,CFPERF01226,+256710001226,perf.01226+uat@example.invalid,false
Perf01227,Load01227,1972-04-13,MALE,PRINCIPAL,,CFPERF01227,+256710001227,perf.01227+uat@example.invalid,false
Perf01228,Load01228,1973-05-14,FEMALE,PRINCIPAL,,CFPERF01228,+256710001228,perf.01228+uat@example.invalid,false
Perf01229,Load01229,1974-06-15,OTHER,PRINCIPAL,,CFPERF01229,+256710001229,perf.01229+uat@example.invalid,false
Perf01230,Load01230,1975-07-16,MALE,PRINCIPAL,,CFPERF01230,+256710001230,perf.01230+uat@example.invalid,false
Perf01231,Load01231,1976-08-17,FEMALE,PRINCIPAL,,CFPERF01231,+256710001231,perf.01231+uat@example.invalid,false
Perf01232,Load01232,1977-09-18,OTHER,PRINCIPAL,,CFPERF01232,+256710001232,perf.01232+uat@example.invalid,false
Perf01233,Load01233,1978-10-19,MALE,PRINCIPAL,,CFPERF01233,+256710001233,perf.01233+uat@example.invalid,false
Perf01234,Load01234,1979-11-20,FEMALE,PRINCIPAL,,CFPERF01234,+256710001234,perf.01234+uat@example.invalid,false
Perf01235,Load01235,1980-12-21,OTHER,PRINCIPAL,,CFPERF01235,+256710001235,perf.01235+uat@example.invalid,false
Perf01236,Load01236,1981-01-22,MALE,PRINCIPAL,,CFPERF01236,+256710001236,perf.01236+uat@example.invalid,false
Perf01237,Load01237,1982-02-23,FEMALE,PRINCIPAL,,CFPERF01237,+256710001237,perf.01237+uat@example.invalid,false
Perf01238,Load01238,1983-03-24,OTHER,PRINCIPAL,,CFPERF01238,+256710001238,perf.01238+uat@example.invalid,false
Perf01239,Load01239,1984-04-25,MALE,PRINCIPAL,,CFPERF01239,+256710001239,perf.01239+uat@example.invalid,false
Perf01240,Load01240,1985-05-26,FEMALE,PRINCIPAL,,CFPERF01240,+256710001240,perf.01240+uat@example.invalid,false
Perf01241,Load01241,1986-06-27,OTHER,PRINCIPAL,,CFPERF01241,+256710001241,perf.01241+uat@example.invalid,false
Perf01242,Load01242,1987-07-01,MALE,PRINCIPAL,,CFPERF01242,+256710001242,perf.01242+uat@example.invalid,false
Perf01243,Load01243,1988-08-02,FEMALE,PRINCIPAL,,CFPERF01243,+256710001243,perf.01243+uat@example.invalid,false
Perf01244,Load01244,1989-09-03,OTHER,PRINCIPAL,,CFPERF01244,+256710001244,perf.01244+uat@example.invalid,false
Perf01245,Load01245,1990-10-04,MALE,PRINCIPAL,,CFPERF01245,+256710001245,perf.01245+uat@example.invalid,false
Perf01246,Load01246,1991-11-05,FEMALE,PRINCIPAL,,CFPERF01246,+256710001246,perf.01246+uat@example.invalid,false
Perf01247,Load01247,1992-12-06,OTHER,PRINCIPAL,,CFPERF01247,+256710001247,perf.01247+uat@example.invalid,false
Perf01248,Load01248,1993-01-07,MALE,PRINCIPAL,,CFPERF01248,+256710001248,perf.01248+uat@example.invalid,false
Perf01249,Load01249,1994-02-08,FEMALE,PRINCIPAL,,CFPERF01249,+256710001249,perf.01249+uat@example.invalid,false
Perf01250,Load01250,1995-03-09,OTHER,PRINCIPAL,,CFPERF01250,+256710001250,perf.01250+uat@example.invalid,false
Perf01251,Load01251,1996-04-10,MALE,PRINCIPAL,,CFPERF01251,+256710001251,perf.01251+uat@example.invalid,false
Perf01252,Load01252,1997-05-11,FEMALE,PRINCIPAL,,CFPERF01252,+256710001252,perf.01252+uat@example.invalid,false
Perf01253,Load01253,1998-06-12,OTHER,PRINCIPAL,,CFPERF01253,+256710001253,perf.01253+uat@example.invalid,false
Perf01254,Load01254,1999-07-13,MALE,PRINCIPAL,,CFPERF01254,+256710001254,perf.01254+uat@example.invalid,false
Perf01255,Load01255,2000-08-14,FEMALE,PRINCIPAL,,CFPERF01255,+256710001255,perf.01255+uat@example.invalid,false
Perf01256,Load01256,2001-09-15,OTHER,PRINCIPAL,,CFPERF01256,+256710001256,perf.01256+uat@example.invalid,false
Perf01257,Load01257,2002-10-16,MALE,PRINCIPAL,,CFPERF01257,+256710001257,perf.01257+uat@example.invalid,false
Perf01258,Load01258,2003-11-17,FEMALE,PRINCIPAL,,CFPERF01258,+256710001258,perf.01258+uat@example.invalid,false
Perf01259,Load01259,2004-12-18,OTHER,PRINCIPAL,,CFPERF01259,+256710001259,perf.01259+uat@example.invalid,false
Perf01260,Load01260,1960-01-19,MALE,PRINCIPAL,,CFPERF01260,+256710001260,perf.01260+uat@example.invalid,false
Perf01261,Load01261,1961-02-20,FEMALE,PRINCIPAL,,CFPERF01261,+256710001261,perf.01261+uat@example.invalid,false
Perf01262,Load01262,1962-03-21,OTHER,PRINCIPAL,,CFPERF01262,+256710001262,perf.01262+uat@example.invalid,false
Perf01263,Load01263,1963-04-22,MALE,PRINCIPAL,,CFPERF01263,+256710001263,perf.01263+uat@example.invalid,false
Perf01264,Load01264,1964-05-23,FEMALE,PRINCIPAL,,CFPERF01264,+256710001264,perf.01264+uat@example.invalid,false
Perf01265,Load01265,1965-06-24,OTHER,PRINCIPAL,,CFPERF01265,+256710001265,perf.01265+uat@example.invalid,false
Perf01266,Load01266,1966-07-25,MALE,PRINCIPAL,,CFPERF01266,+256710001266,perf.01266+uat@example.invalid,false
Perf01267,Load01267,1967-08-26,FEMALE,PRINCIPAL,,CFPERF01267,+256710001267,perf.01267+uat@example.invalid,false
Perf01268,Load01268,1968-09-27,OTHER,PRINCIPAL,,CFPERF01268,+256710001268,perf.01268+uat@example.invalid,false
Perf01269,Load01269,1969-10-01,MALE,PRINCIPAL,,CFPERF01269,+256710001269,perf.01269+uat@example.invalid,false
Perf01270,Load01270,1970-11-02,FEMALE,PRINCIPAL,,CFPERF01270,+256710001270,perf.01270+uat@example.invalid,false
Perf01271,Load01271,1971-12-03,OTHER,PRINCIPAL,,CFPERF01271,+256710001271,perf.01271+uat@example.invalid,false
Perf01272,Load01272,1972-01-04,MALE,PRINCIPAL,,CFPERF01272,+256710001272,perf.01272+uat@example.invalid,false
Perf01273,Load01273,1973-02-05,FEMALE,PRINCIPAL,,CFPERF01273,+256710001273,perf.01273+uat@example.invalid,false
Perf01274,Load01274,1974-03-06,OTHER,PRINCIPAL,,CFPERF01274,+256710001274,perf.01274+uat@example.invalid,false
Perf01275,Load01275,1975-04-07,MALE,PRINCIPAL,,CFPERF01275,+256710001275,perf.01275+uat@example.invalid,false
Perf01276,Load01276,1976-05-08,FEMALE,PRINCIPAL,,CFPERF01276,+256710001276,perf.01276+uat@example.invalid,false
Perf01277,Load01277,1977-06-09,OTHER,PRINCIPAL,,CFPERF01277,+256710001277,perf.01277+uat@example.invalid,false
Perf01278,Load01278,1978-07-10,MALE,PRINCIPAL,,CFPERF01278,+256710001278,perf.01278+uat@example.invalid,false
Perf01279,Load01279,1979-08-11,FEMALE,PRINCIPAL,,CFPERF01279,+256710001279,perf.01279+uat@example.invalid,false
Perf01280,Load01280,1980-09-12,OTHER,PRINCIPAL,,CFPERF01280,+256710001280,perf.01280+uat@example.invalid,false
Perf01281,Load01281,1981-10-13,MALE,PRINCIPAL,,CFPERF01281,+256710001281,perf.01281+uat@example.invalid,false
Perf01282,Load01282,1982-11-14,FEMALE,PRINCIPAL,,CFPERF01282,+256710001282,perf.01282+uat@example.invalid,false
Perf01283,Load01283,1983-12-15,OTHER,PRINCIPAL,,CFPERF01283,+256710001283,perf.01283+uat@example.invalid,false
Perf01284,Load01284,1984-01-16,MALE,PRINCIPAL,,CFPERF01284,+256710001284,perf.01284+uat@example.invalid,false
Perf01285,Load01285,1985-02-17,FEMALE,PRINCIPAL,,CFPERF01285,+256710001285,perf.01285+uat@example.invalid,false
Perf01286,Load01286,1986-03-18,OTHER,PRINCIPAL,,CFPERF01286,+256710001286,perf.01286+uat@example.invalid,false
Perf01287,Load01287,1987-04-19,MALE,PRINCIPAL,,CFPERF01287,+256710001287,perf.01287+uat@example.invalid,false
Perf01288,Load01288,1988-05-20,FEMALE,PRINCIPAL,,CFPERF01288,+256710001288,perf.01288+uat@example.invalid,false
Perf01289,Load01289,1989-06-21,OTHER,PRINCIPAL,,CFPERF01289,+256710001289,perf.01289+uat@example.invalid,false
Perf01290,Load01290,1990-07-22,MALE,PRINCIPAL,,CFPERF01290,+256710001290,perf.01290+uat@example.invalid,false
Perf01291,Load01291,1991-08-23,FEMALE,PRINCIPAL,,CFPERF01291,+256710001291,perf.01291+uat@example.invalid,false
Perf01292,Load01292,1992-09-24,OTHER,PRINCIPAL,,CFPERF01292,+256710001292,perf.01292+uat@example.invalid,false
Perf01293,Load01293,1993-10-25,MALE,PRINCIPAL,,CFPERF01293,+256710001293,perf.01293+uat@example.invalid,false
Perf01294,Load01294,1994-11-26,FEMALE,PRINCIPAL,,CFPERF01294,+256710001294,perf.01294+uat@example.invalid,false
Perf01295,Load01295,1995-12-27,OTHER,PRINCIPAL,,CFPERF01295,+256710001295,perf.01295+uat@example.invalid,false
Perf01296,Load01296,1996-01-01,MALE,PRINCIPAL,,CFPERF01296,+256710001296,perf.01296+uat@example.invalid,false
Perf01297,Load01297,1997-02-02,FEMALE,PRINCIPAL,,CFPERF01297,+256710001297,perf.01297+uat@example.invalid,false
Perf01298,Load01298,1998-03-03,OTHER,PRINCIPAL,,CFPERF01298,+256710001298,perf.01298+uat@example.invalid,false
Perf01299,Load01299,1999-04-04,MALE,PRINCIPAL,,CFPERF01299,+256710001299,perf.01299+uat@example.invalid,false
Perf01300,Load01300,2000-05-05,FEMALE,PRINCIPAL,,CFPERF01300,+256710001300,perf.01300+uat@example.invalid,false
Perf01301,Load01301,2001-06-06,OTHER,PRINCIPAL,,CFPERF01301,+256710001301,perf.01301+uat@example.invalid,false
Perf01302,Load01302,2002-07-07,MALE,PRINCIPAL,,CFPERF01302,+256710001302,perf.01302+uat@example.invalid,false
Perf01303,Load01303,2003-08-08,FEMALE,PRINCIPAL,,CFPERF01303,+256710001303,perf.01303+uat@example.invalid,false
Perf01304,Load01304,2004-09-09,OTHER,PRINCIPAL,,CFPERF01304,+256710001304,perf.01304+uat@example.invalid,false
Perf01305,Load01305,1960-10-10,MALE,PRINCIPAL,,CFPERF01305,+256710001305,perf.01305+uat@example.invalid,false
Perf01306,Load01306,1961-11-11,FEMALE,PRINCIPAL,,CFPERF01306,+256710001306,perf.01306+uat@example.invalid,false
Perf01307,Load01307,1962-12-12,OTHER,PRINCIPAL,,CFPERF01307,+256710001307,perf.01307+uat@example.invalid,false
Perf01308,Load01308,1963-01-13,MALE,PRINCIPAL,,CFPERF01308,+256710001308,perf.01308+uat@example.invalid,false
Perf01309,Load01309,1964-02-14,FEMALE,PRINCIPAL,,CFPERF01309,+256710001309,perf.01309+uat@example.invalid,false
Perf01310,Load01310,1965-03-15,OTHER,PRINCIPAL,,CFPERF01310,+256710001310,perf.01310+uat@example.invalid,false
Perf01311,Load01311,1966-04-16,MALE,PRINCIPAL,,CFPERF01311,+256710001311,perf.01311+uat@example.invalid,false
Perf01312,Load01312,1967-05-17,FEMALE,PRINCIPAL,,CFPERF01312,+256710001312,perf.01312+uat@example.invalid,false
Perf01313,Load01313,1968-06-18,OTHER,PRINCIPAL,,CFPERF01313,+256710001313,perf.01313+uat@example.invalid,false
Perf01314,Load01314,1969-07-19,MALE,PRINCIPAL,,CFPERF01314,+256710001314,perf.01314+uat@example.invalid,false
Perf01315,Load01315,1970-08-20,FEMALE,PRINCIPAL,,CFPERF01315,+256710001315,perf.01315+uat@example.invalid,false
Perf01316,Load01316,1971-09-21,OTHER,PRINCIPAL,,CFPERF01316,+256710001316,perf.01316+uat@example.invalid,false
Perf01317,Load01317,1972-10-22,MALE,PRINCIPAL,,CFPERF01317,+256710001317,perf.01317+uat@example.invalid,false
Perf01318,Load01318,1973-11-23,FEMALE,PRINCIPAL,,CFPERF01318,+256710001318,perf.01318+uat@example.invalid,false
Perf01319,Load01319,1974-12-24,OTHER,PRINCIPAL,,CFPERF01319,+256710001319,perf.01319+uat@example.invalid,false
Perf01320,Load01320,1975-01-25,MALE,PRINCIPAL,,CFPERF01320,+256710001320,perf.01320+uat@example.invalid,false
Perf01321,Load01321,1976-02-26,FEMALE,PRINCIPAL,,CFPERF01321,+256710001321,perf.01321+uat@example.invalid,false
Perf01322,Load01322,1977-03-27,OTHER,PRINCIPAL,,CFPERF01322,+256710001322,perf.01322+uat@example.invalid,false
Perf01323,Load01323,1978-04-01,MALE,PRINCIPAL,,CFPERF01323,+256710001323,perf.01323+uat@example.invalid,false
Perf01324,Load01324,1979-05-02,FEMALE,PRINCIPAL,,CFPERF01324,+256710001324,perf.01324+uat@example.invalid,false
Perf01325,Load01325,1980-06-03,OTHER,PRINCIPAL,,CFPERF01325,+256710001325,perf.01325+uat@example.invalid,false
Perf01326,Load01326,1981-07-04,MALE,PRINCIPAL,,CFPERF01326,+256710001326,perf.01326+uat@example.invalid,false
Perf01327,Load01327,1982-08-05,FEMALE,PRINCIPAL,,CFPERF01327,+256710001327,perf.01327+uat@example.invalid,false
Perf01328,Load01328,1983-09-06,OTHER,PRINCIPAL,,CFPERF01328,+256710001328,perf.01328+uat@example.invalid,false
Perf01329,Load01329,1984-10-07,MALE,PRINCIPAL,,CFPERF01329,+256710001329,perf.01329+uat@example.invalid,false
Perf01330,Load01330,1985-11-08,FEMALE,PRINCIPAL,,CFPERF01330,+256710001330,perf.01330+uat@example.invalid,false
Perf01331,Load01331,1986-12-09,OTHER,PRINCIPAL,,CFPERF01331,+256710001331,perf.01331+uat@example.invalid,false
Perf01332,Load01332,1987-01-10,MALE,PRINCIPAL,,CFPERF01332,+256710001332,perf.01332+uat@example.invalid,false
Perf01333,Load01333,1988-02-11,FEMALE,PRINCIPAL,,CFPERF01333,+256710001333,perf.01333+uat@example.invalid,false
Perf01334,Load01334,1989-03-12,OTHER,PRINCIPAL,,CFPERF01334,+256710001334,perf.01334+uat@example.invalid,false
Perf01335,Load01335,1990-04-13,MALE,PRINCIPAL,,CFPERF01335,+256710001335,perf.01335+uat@example.invalid,false
Perf01336,Load01336,1991-05-14,FEMALE,PRINCIPAL,,CFPERF01336,+256710001336,perf.01336+uat@example.invalid,false
Perf01337,Load01337,1992-06-15,OTHER,PRINCIPAL,,CFPERF01337,+256710001337,perf.01337+uat@example.invalid,false
Perf01338,Load01338,1993-07-16,MALE,PRINCIPAL,,CFPERF01338,+256710001338,perf.01338+uat@example.invalid,false
Perf01339,Load01339,1994-08-17,FEMALE,PRINCIPAL,,CFPERF01339,+256710001339,perf.01339+uat@example.invalid,false
Perf01340,Load01340,1995-09-18,OTHER,PRINCIPAL,,CFPERF01340,+256710001340,perf.01340+uat@example.invalid,false
Perf01341,Load01341,1996-10-19,MALE,PRINCIPAL,,CFPERF01341,+256710001341,perf.01341+uat@example.invalid,false
Perf01342,Load01342,1997-11-20,FEMALE,PRINCIPAL,,CFPERF01342,+256710001342,perf.01342+uat@example.invalid,false
Perf01343,Load01343,1998-12-21,OTHER,PRINCIPAL,,CFPERF01343,+256710001343,perf.01343+uat@example.invalid,false
Perf01344,Load01344,1999-01-22,MALE,PRINCIPAL,,CFPERF01344,+256710001344,perf.01344+uat@example.invalid,false
Perf01345,Load01345,2000-02-23,FEMALE,PRINCIPAL,,CFPERF01345,+256710001345,perf.01345+uat@example.invalid,false
Perf01346,Load01346,2001-03-24,OTHER,PRINCIPAL,,CFPERF01346,+256710001346,perf.01346+uat@example.invalid,false
Perf01347,Load01347,2002-04-25,MALE,PRINCIPAL,,CFPERF01347,+256710001347,perf.01347+uat@example.invalid,false
Perf01348,Load01348,2003-05-26,FEMALE,PRINCIPAL,,CFPERF01348,+256710001348,perf.01348+uat@example.invalid,false
Perf01349,Load01349,2004-06-27,OTHER,PRINCIPAL,,CFPERF01349,+256710001349,perf.01349+uat@example.invalid,false
Perf01350,Load01350,1960-07-01,MALE,PRINCIPAL,,CFPERF01350,+256710001350,perf.01350+uat@example.invalid,false
Perf01351,Load01351,1961-08-02,FEMALE,PRINCIPAL,,CFPERF01351,+256710001351,perf.01351+uat@example.invalid,false
Perf01352,Load01352,1962-09-03,OTHER,PRINCIPAL,,CFPERF01352,+256710001352,perf.01352+uat@example.invalid,false
Perf01353,Load01353,1963-10-04,MALE,PRINCIPAL,,CFPERF01353,+256710001353,perf.01353+uat@example.invalid,false
Perf01354,Load01354,1964-11-05,FEMALE,PRINCIPAL,,CFPERF01354,+256710001354,perf.01354+uat@example.invalid,false
Perf01355,Load01355,1965-12-06,OTHER,PRINCIPAL,,CFPERF01355,+256710001355,perf.01355+uat@example.invalid,false
Perf01356,Load01356,1966-01-07,MALE,PRINCIPAL,,CFPERF01356,+256710001356,perf.01356+uat@example.invalid,false
Perf01357,Load01357,1967-02-08,FEMALE,PRINCIPAL,,CFPERF01357,+256710001357,perf.01357+uat@example.invalid,false
Perf01358,Load01358,1968-03-09,OTHER,PRINCIPAL,,CFPERF01358,+256710001358,perf.01358+uat@example.invalid,false
Perf01359,Load01359,1969-04-10,MALE,PRINCIPAL,,CFPERF01359,+256710001359,perf.01359+uat@example.invalid,false
Perf01360,Load01360,1970-05-11,FEMALE,PRINCIPAL,,CFPERF01360,+256710001360,perf.01360+uat@example.invalid,false
Perf01361,Load01361,1971-06-12,OTHER,PRINCIPAL,,CFPERF01361,+256710001361,perf.01361+uat@example.invalid,false
Perf01362,Load01362,1972-07-13,MALE,PRINCIPAL,,CFPERF01362,+256710001362,perf.01362+uat@example.invalid,false
Perf01363,Load01363,1973-08-14,FEMALE,PRINCIPAL,,CFPERF01363,+256710001363,perf.01363+uat@example.invalid,false
Perf01364,Load01364,1974-09-15,OTHER,PRINCIPAL,,CFPERF01364,+256710001364,perf.01364+uat@example.invalid,false
Perf01365,Load01365,1975-10-16,MALE,PRINCIPAL,,CFPERF01365,+256710001365,perf.01365+uat@example.invalid,false
Perf01366,Load01366,1976-11-17,FEMALE,PRINCIPAL,,CFPERF01366,+256710001366,perf.01366+uat@example.invalid,false
Perf01367,Load01367,1977-12-18,OTHER,PRINCIPAL,,CFPERF01367,+256710001367,perf.01367+uat@example.invalid,false
Perf01368,Load01368,1978-01-19,MALE,PRINCIPAL,,CFPERF01368,+256710001368,perf.01368+uat@example.invalid,false
Perf01369,Load01369,1979-02-20,FEMALE,PRINCIPAL,,CFPERF01369,+256710001369,perf.01369+uat@example.invalid,false
Perf01370,Load01370,1980-03-21,OTHER,PRINCIPAL,,CFPERF01370,+256710001370,perf.01370+uat@example.invalid,false
Perf01371,Load01371,1981-04-22,MALE,PRINCIPAL,,CFPERF01371,+256710001371,perf.01371+uat@example.invalid,false
Perf01372,Load01372,1982-05-23,FEMALE,PRINCIPAL,,CFPERF01372,+256710001372,perf.01372+uat@example.invalid,false
Perf01373,Load01373,1983-06-24,OTHER,PRINCIPAL,,CFPERF01373,+256710001373,perf.01373+uat@example.invalid,false
Perf01374,Load01374,1984-07-25,MALE,PRINCIPAL,,CFPERF01374,+256710001374,perf.01374+uat@example.invalid,false
Perf01375,Load01375,1985-08-26,FEMALE,PRINCIPAL,,CFPERF01375,+256710001375,perf.01375+uat@example.invalid,false
Perf01376,Load01376,1986-09-27,OTHER,PRINCIPAL,,CFPERF01376,+256710001376,perf.01376+uat@example.invalid,false
Perf01377,Load01377,1987-10-01,MALE,PRINCIPAL,,CFPERF01377,+256710001377,perf.01377+uat@example.invalid,false
Perf01378,Load01378,1988-11-02,FEMALE,PRINCIPAL,,CFPERF01378,+256710001378,perf.01378+uat@example.invalid,false
Perf01379,Load01379,1989-12-03,OTHER,PRINCIPAL,,CFPERF01379,+256710001379,perf.01379+uat@example.invalid,false
Perf01380,Load01380,1990-01-04,MALE,PRINCIPAL,,CFPERF01380,+256710001380,perf.01380+uat@example.invalid,false
Perf01381,Load01381,1991-02-05,FEMALE,PRINCIPAL,,CFPERF01381,+256710001381,perf.01381+uat@example.invalid,false
Perf01382,Load01382,1992-03-06,OTHER,PRINCIPAL,,CFPERF01382,+256710001382,perf.01382+uat@example.invalid,false
Perf01383,Load01383,1993-04-07,MALE,PRINCIPAL,,CFPERF01383,+256710001383,perf.01383+uat@example.invalid,false
Perf01384,Load01384,1994-05-08,FEMALE,PRINCIPAL,,CFPERF01384,+256710001384,perf.01384+uat@example.invalid,false
Perf01385,Load01385,1995-06-09,OTHER,PRINCIPAL,,CFPERF01385,+256710001385,perf.01385+uat@example.invalid,false
Perf01386,Load01386,1996-07-10,MALE,PRINCIPAL,,CFPERF01386,+256710001386,perf.01386+uat@example.invalid,false
Perf01387,Load01387,1997-08-11,FEMALE,PRINCIPAL,,CFPERF01387,+256710001387,perf.01387+uat@example.invalid,false
Perf01388,Load01388,1998-09-12,OTHER,PRINCIPAL,,CFPERF01388,+256710001388,perf.01388+uat@example.invalid,false
Perf01389,Load01389,1999-10-13,MALE,PRINCIPAL,,CFPERF01389,+256710001389,perf.01389+uat@example.invalid,false
Perf01390,Load01390,2000-11-14,FEMALE,PRINCIPAL,,CFPERF01390,+256710001390,perf.01390+uat@example.invalid,false
Perf01391,Load01391,2001-12-15,OTHER,PRINCIPAL,,CFPERF01391,+256710001391,perf.01391+uat@example.invalid,false
Perf01392,Load01392,2002-01-16,MALE,PRINCIPAL,,CFPERF01392,+256710001392,perf.01392+uat@example.invalid,false
Perf01393,Load01393,2003-02-17,FEMALE,PRINCIPAL,,CFPERF01393,+256710001393,perf.01393+uat@example.invalid,false
Perf01394,Load01394,2004-03-18,OTHER,PRINCIPAL,,CFPERF01394,+256710001394,perf.01394+uat@example.invalid,false
Perf01395,Load01395,1960-04-19,MALE,PRINCIPAL,,CFPERF01395,+256710001395,perf.01395+uat@example.invalid,false
Perf01396,Load01396,1961-05-20,FEMALE,PRINCIPAL,,CFPERF01396,+256710001396,perf.01396+uat@example.invalid,false
Perf01397,Load01397,1962-06-21,OTHER,PRINCIPAL,,CFPERF01397,+256710001397,perf.01397+uat@example.invalid,false
Perf01398,Load01398,1963-07-22,MALE,PRINCIPAL,,CFPERF01398,+256710001398,perf.01398+uat@example.invalid,false
Perf01399,Load01399,1964-08-23,FEMALE,PRINCIPAL,,CFPERF01399,+256710001399,perf.01399+uat@example.invalid,false
Perf01400,Load01400,1965-09-24,OTHER,PRINCIPAL,,CFPERF01400,+256710001400,perf.01400+uat@example.invalid,false
Perf01401,Load01401,1966-10-25,MALE,PRINCIPAL,,CFPERF01401,+256710001401,perf.01401+uat@example.invalid,false
Perf01402,Load01402,1967-11-26,FEMALE,PRINCIPAL,,CFPERF01402,+256710001402,perf.01402+uat@example.invalid,false
Perf01403,Load01403,1968-12-27,OTHER,PRINCIPAL,,CFPERF01403,+256710001403,perf.01403+uat@example.invalid,false
Perf01404,Load01404,1969-01-01,MALE,PRINCIPAL,,CFPERF01404,+256710001404,perf.01404+uat@example.invalid,false
Perf01405,Load01405,1970-02-02,FEMALE,PRINCIPAL,,CFPERF01405,+256710001405,perf.01405+uat@example.invalid,false
Perf01406,Load01406,1971-03-03,OTHER,PRINCIPAL,,CFPERF01406,+256710001406,perf.01406+uat@example.invalid,false
Perf01407,Load01407,1972-04-04,MALE,PRINCIPAL,,CFPERF01407,+256710001407,perf.01407+uat@example.invalid,false
Perf01408,Load01408,1973-05-05,FEMALE,PRINCIPAL,,CFPERF01408,+256710001408,perf.01408+uat@example.invalid,false
Perf01409,Load01409,1974-06-06,OTHER,PRINCIPAL,,CFPERF01409,+256710001409,perf.01409+uat@example.invalid,false
Perf01410,Load01410,1975-07-07,MALE,PRINCIPAL,,CFPERF01410,+256710001410,perf.01410+uat@example.invalid,false
Perf01411,Load01411,1976-08-08,FEMALE,PRINCIPAL,,CFPERF01411,+256710001411,perf.01411+uat@example.invalid,false
Perf01412,Load01412,1977-09-09,OTHER,PRINCIPAL,,CFPERF01412,+256710001412,perf.01412+uat@example.invalid,false
Perf01413,Load01413,1978-10-10,MALE,PRINCIPAL,,CFPERF01413,+256710001413,perf.01413+uat@example.invalid,false
Perf01414,Load01414,1979-11-11,FEMALE,PRINCIPAL,,CFPERF01414,+256710001414,perf.01414+uat@example.invalid,false
Perf01415,Load01415,1980-12-12,OTHER,PRINCIPAL,,CFPERF01415,+256710001415,perf.01415+uat@example.invalid,false
Perf01416,Load01416,1981-01-13,MALE,PRINCIPAL,,CFPERF01416,+256710001416,perf.01416+uat@example.invalid,false
Perf01417,Load01417,1982-02-14,FEMALE,PRINCIPAL,,CFPERF01417,+256710001417,perf.01417+uat@example.invalid,false
Perf01418,Load01418,1983-03-15,OTHER,PRINCIPAL,,CFPERF01418,+256710001418,perf.01418+uat@example.invalid,false
Perf01419,Load01419,1984-04-16,MALE,PRINCIPAL,,CFPERF01419,+256710001419,perf.01419+uat@example.invalid,false
Perf01420,Load01420,1985-05-17,FEMALE,PRINCIPAL,,CFPERF01420,+256710001420,perf.01420+uat@example.invalid,false
Perf01421,Load01421,1986-06-18,OTHER,PRINCIPAL,,CFPERF01421,+256710001421,perf.01421+uat@example.invalid,false
Perf01422,Load01422,1987-07-19,MALE,PRINCIPAL,,CFPERF01422,+256710001422,perf.01422+uat@example.invalid,false
Perf01423,Load01423,1988-08-20,FEMALE,PRINCIPAL,,CFPERF01423,+256710001423,perf.01423+uat@example.invalid,false
Perf01424,Load01424,1989-09-21,OTHER,PRINCIPAL,,CFPERF01424,+256710001424,perf.01424+uat@example.invalid,false
Perf01425,Load01425,1990-10-22,MALE,PRINCIPAL,,CFPERF01425,+256710001425,perf.01425+uat@example.invalid,false
Perf01426,Load01426,1991-11-23,FEMALE,PRINCIPAL,,CFPERF01426,+256710001426,perf.01426+uat@example.invalid,false
Perf01427,Load01427,1992-12-24,OTHER,PRINCIPAL,,CFPERF01427,+256710001427,perf.01427+uat@example.invalid,false
Perf01428,Load01428,1993-01-25,MALE,PRINCIPAL,,CFPERF01428,+256710001428,perf.01428+uat@example.invalid,false
Perf01429,Load01429,1994-02-26,FEMALE,PRINCIPAL,,CFPERF01429,+256710001429,perf.01429+uat@example.invalid,false
Perf01430,Load01430,1995-03-27,OTHER,PRINCIPAL,,CFPERF01430,+256710001430,perf.01430+uat@example.invalid,false
Perf01431,Load01431,1996-04-01,MALE,PRINCIPAL,,CFPERF01431,+256710001431,perf.01431+uat@example.invalid,false
Perf01432,Load01432,1997-05-02,FEMALE,PRINCIPAL,,CFPERF01432,+256710001432,perf.01432+uat@example.invalid,false
Perf01433,Load01433,1998-06-03,OTHER,PRINCIPAL,,CFPERF01433,+256710001433,perf.01433+uat@example.invalid,false
Perf01434,Load01434,1999-07-04,MALE,PRINCIPAL,,CFPERF01434,+256710001434,perf.01434+uat@example.invalid,false
Perf01435,Load01435,2000-08-05,FEMALE,PRINCIPAL,,CFPERF01435,+256710001435,perf.01435+uat@example.invalid,false
Perf01436,Load01436,2001-09-06,OTHER,PRINCIPAL,,CFPERF01436,+256710001436,perf.01436+uat@example.invalid,false
Perf01437,Load01437,2002-10-07,MALE,PRINCIPAL,,CFPERF01437,+256710001437,perf.01437+uat@example.invalid,false
Perf01438,Load01438,2003-11-08,FEMALE,PRINCIPAL,,CFPERF01438,+256710001438,perf.01438+uat@example.invalid,false
Perf01439,Load01439,2004-12-09,OTHER,PRINCIPAL,,CFPERF01439,+256710001439,perf.01439+uat@example.invalid,false
Perf01440,Load01440,1960-01-10,MALE,PRINCIPAL,,CFPERF01440,+256710001440,perf.01440+uat@example.invalid,false
Perf01441,Load01441,1961-02-11,FEMALE,PRINCIPAL,,CFPERF01441,+256710001441,perf.01441+uat@example.invalid,false
Perf01442,Load01442,1962-03-12,OTHER,PRINCIPAL,,CFPERF01442,+256710001442,perf.01442+uat@example.invalid,false
Perf01443,Load01443,1963-04-13,MALE,PRINCIPAL,,CFPERF01443,+256710001443,perf.01443+uat@example.invalid,false
Perf01444,Load01444,1964-05-14,FEMALE,PRINCIPAL,,CFPERF01444,+256710001444,perf.01444+uat@example.invalid,false
Perf01445,Load01445,1965-06-15,OTHER,PRINCIPAL,,CFPERF01445,+256710001445,perf.01445+uat@example.invalid,false
Perf01446,Load01446,1966-07-16,MALE,PRINCIPAL,,CFPERF01446,+256710001446,perf.01446+uat@example.invalid,false
Perf01447,Load01447,1967-08-17,FEMALE,PRINCIPAL,,CFPERF01447,+256710001447,perf.01447+uat@example.invalid,false
Perf01448,Load01448,1968-09-18,OTHER,PRINCIPAL,,CFPERF01448,+256710001448,perf.01448+uat@example.invalid,false
Perf01449,Load01449,1969-10-19,MALE,PRINCIPAL,,CFPERF01449,+256710001449,perf.01449+uat@example.invalid,false
Perf01450,Load01450,1970-11-20,FEMALE,PRINCIPAL,,CFPERF01450,+256710001450,perf.01450+uat@example.invalid,false
Perf01451,Load01451,1971-12-21,OTHER,PRINCIPAL,,CFPERF01451,+256710001451,perf.01451+uat@example.invalid,false
Perf01452,Load01452,1972-01-22,MALE,PRINCIPAL,,CFPERF01452,+256710001452,perf.01452+uat@example.invalid,false
Perf01453,Load01453,1973-02-23,FEMALE,PRINCIPAL,,CFPERF01453,+256710001453,perf.01453+uat@example.invalid,false
Perf01454,Load01454,1974-03-24,OTHER,PRINCIPAL,,CFPERF01454,+256710001454,perf.01454+uat@example.invalid,false
Perf01455,Load01455,1975-04-25,MALE,PRINCIPAL,,CFPERF01455,+256710001455,perf.01455+uat@example.invalid,false
Perf01456,Load01456,1976-05-26,FEMALE,PRINCIPAL,,CFPERF01456,+256710001456,perf.01456+uat@example.invalid,false
Perf01457,Load01457,1977-06-27,OTHER,PRINCIPAL,,CFPERF01457,+256710001457,perf.01457+uat@example.invalid,false
Perf01458,Load01458,1978-07-01,MALE,PRINCIPAL,,CFPERF01458,+256710001458,perf.01458+uat@example.invalid,false
Perf01459,Load01459,1979-08-02,FEMALE,PRINCIPAL,,CFPERF01459,+256710001459,perf.01459+uat@example.invalid,false
Perf01460,Load01460,1980-09-03,OTHER,PRINCIPAL,,CFPERF01460,+256710001460,perf.01460+uat@example.invalid,false
Perf01461,Load01461,1981-10-04,MALE,PRINCIPAL,,CFPERF01461,+256710001461,perf.01461+uat@example.invalid,false
Perf01462,Load01462,1982-11-05,FEMALE,PRINCIPAL,,CFPERF01462,+256710001462,perf.01462+uat@example.invalid,false
Perf01463,Load01463,1983-12-06,OTHER,PRINCIPAL,,CFPERF01463,+256710001463,perf.01463+uat@example.invalid,false
Perf01464,Load01464,1984-01-07,MALE,PRINCIPAL,,CFPERF01464,+256710001464,perf.01464+uat@example.invalid,false
Perf01465,Load01465,1985-02-08,FEMALE,PRINCIPAL,,CFPERF01465,+256710001465,perf.01465+uat@example.invalid,false
Perf01466,Load01466,1986-03-09,OTHER,PRINCIPAL,,CFPERF01466,+256710001466,perf.01466+uat@example.invalid,false
Perf01467,Load01467,1987-04-10,MALE,PRINCIPAL,,CFPERF01467,+256710001467,perf.01467+uat@example.invalid,false
Perf01468,Load01468,1988-05-11,FEMALE,PRINCIPAL,,CFPERF01468,+256710001468,perf.01468+uat@example.invalid,false
Perf01469,Load01469,1989-06-12,OTHER,PRINCIPAL,,CFPERF01469,+256710001469,perf.01469+uat@example.invalid,false
Perf01470,Load01470,1990-07-13,MALE,PRINCIPAL,,CFPERF01470,+256710001470,perf.01470+uat@example.invalid,false
Perf01471,Load01471,1991-08-14,FEMALE,PRINCIPAL,,CFPERF01471,+256710001471,perf.01471+uat@example.invalid,false
Perf01472,Load01472,1992-09-15,OTHER,PRINCIPAL,,CFPERF01472,+256710001472,perf.01472+uat@example.invalid,false
Perf01473,Load01473,1993-10-16,MALE,PRINCIPAL,,CFPERF01473,+256710001473,perf.01473+uat@example.invalid,false
Perf01474,Load01474,1994-11-17,FEMALE,PRINCIPAL,,CFPERF01474,+256710001474,perf.01474+uat@example.invalid,false
Perf01475,Load01475,1995-12-18,OTHER,PRINCIPAL,,CFPERF01475,+256710001475,perf.01475+uat@example.invalid,false
Perf01476,Load01476,1996-01-19,MALE,PRINCIPAL,,CFPERF01476,+256710001476,perf.01476+uat@example.invalid,false
Perf01477,Load01477,1997-02-20,FEMALE,PRINCIPAL,,CFPERF01477,+256710001477,perf.01477+uat@example.invalid,false
Perf01478,Load01478,1998-03-21,OTHER,PRINCIPAL,,CFPERF01478,+256710001478,perf.01478+uat@example.invalid,false
Perf01479,Load01479,1999-04-22,MALE,PRINCIPAL,,CFPERF01479,+256710001479,perf.01479+uat@example.invalid,false
Perf01480,Load01480,2000-05-23,FEMALE,PRINCIPAL,,CFPERF01480,+256710001480,perf.01480+uat@example.invalid,false
Perf01481,Load01481,2001-06-24,OTHER,PRINCIPAL,,CFPERF01481,+256710001481,perf.01481+uat@example.invalid,false
Perf01482,Load01482,2002-07-25,MALE,PRINCIPAL,,CFPERF01482,+256710001482,perf.01482+uat@example.invalid,false
Perf01483,Load01483,2003-08-26,FEMALE,PRINCIPAL,,CFPERF01483,+256710001483,perf.01483+uat@example.invalid,false
Perf01484,Load01484,2004-09-27,OTHER,PRINCIPAL,,CFPERF01484,+256710001484,perf.01484+uat@example.invalid,false
Perf01485,Load01485,1960-10-01,MALE,PRINCIPAL,,CFPERF01485,+256710001485,perf.01485+uat@example.invalid,false
Perf01486,Load01486,1961-11-02,FEMALE,PRINCIPAL,,CFPERF01486,+256710001486,perf.01486+uat@example.invalid,false
Perf01487,Load01487,1962-12-03,OTHER,PRINCIPAL,,CFPERF01487,+256710001487,perf.01487+uat@example.invalid,false
Perf01488,Load01488,1963-01-04,MALE,PRINCIPAL,,CFPERF01488,+256710001488,perf.01488+uat@example.invalid,false
Perf01489,Load01489,1964-02-05,FEMALE,PRINCIPAL,,CFPERF01489,+256710001489,perf.01489+uat@example.invalid,false
Perf01490,Load01490,1965-03-06,OTHER,PRINCIPAL,,CFPERF01490,+256710001490,perf.01490+uat@example.invalid,false
Perf01491,Load01491,1966-04-07,MALE,PRINCIPAL,,CFPERF01491,+256710001491,perf.01491+uat@example.invalid,false
Perf01492,Load01492,1967-05-08,FEMALE,PRINCIPAL,,CFPERF01492,+256710001492,perf.01492+uat@example.invalid,false
Perf01493,Load01493,1968-06-09,OTHER,PRINCIPAL,,CFPERF01493,+256710001493,perf.01493+uat@example.invalid,false
Perf01494,Load01494,1969-07-10,MALE,PRINCIPAL,,CFPERF01494,+256710001494,perf.01494+uat@example.invalid,false
Perf01495,Load01495,1970-08-11,FEMALE,PRINCIPAL,,CFPERF01495,+256710001495,perf.01495+uat@example.invalid,false
Perf01496,Load01496,1971-09-12,OTHER,PRINCIPAL,,CFPERF01496,+256710001496,perf.01496+uat@example.invalid,false
Perf01497,Load01497,1972-10-13,MALE,PRINCIPAL,,CFPERF01497,+256710001497,perf.01497+uat@example.invalid,false
Perf01498,Load01498,1973-11-14,FEMALE,PRINCIPAL,,CFPERF01498,+256710001498,perf.01498+uat@example.invalid,false
Perf01499,Load01499,1974-12-15,OTHER,PRINCIPAL,,CFPERF01499,+256710001499,perf.01499+uat@example.invalid,false
Perf01500,Load01500,1975-01-16,MALE,PRINCIPAL,,CFPERF01500,+256710001500,perf.01500+uat@example.invalid,false
Perf01501,Load01501,1976-02-17,FEMALE,PRINCIPAL,,CFPERF01501,+256710001501,perf.01501+uat@example.invalid,false
Perf01502,Load01502,1977-03-18,OTHER,PRINCIPAL,,CFPERF01502,+256710001502,perf.01502+uat@example.invalid,false
Perf01503,Load01503,1978-04-19,MALE,PRINCIPAL,,CFPERF01503,+256710001503,perf.01503+uat@example.invalid,false
Perf01504,Load01504,1979-05-20,FEMALE,PRINCIPAL,,CFPERF01504,+256710001504,perf.01504+uat@example.invalid,false
Perf01505,Load01505,1980-06-21,OTHER,PRINCIPAL,,CFPERF01505,+256710001505,perf.01505+uat@example.invalid,false
Perf01506,Load01506,1981-07-22,MALE,PRINCIPAL,,CFPERF01506,+256710001506,perf.01506+uat@example.invalid,false
Perf01507,Load01507,1982-08-23,FEMALE,PRINCIPAL,,CFPERF01507,+256710001507,perf.01507+uat@example.invalid,false
Perf01508,Load01508,1983-09-24,OTHER,PRINCIPAL,,CFPERF01508,+256710001508,perf.01508+uat@example.invalid,false
Perf01509,Load01509,1984-10-25,MALE,PRINCIPAL,,CFPERF01509,+256710001509,perf.01509+uat@example.invalid,false
Perf01510,Load01510,1985-11-26,FEMALE,PRINCIPAL,,CFPERF01510,+256710001510,perf.01510+uat@example.invalid,false
Perf01511,Load01511,1986-12-27,OTHER,PRINCIPAL,,CFPERF01511,+256710001511,perf.01511+uat@example.invalid,false
Perf01512,Load01512,1987-01-01,MALE,PRINCIPAL,,CFPERF01512,+256710001512,perf.01512+uat@example.invalid,false
Perf01513,Load01513,1988-02-02,FEMALE,PRINCIPAL,,CFPERF01513,+256710001513,perf.01513+uat@example.invalid,false
Perf01514,Load01514,1989-03-03,OTHER,PRINCIPAL,,CFPERF01514,+256710001514,perf.01514+uat@example.invalid,false
Perf01515,Load01515,1990-04-04,MALE,PRINCIPAL,,CFPERF01515,+256710001515,perf.01515+uat@example.invalid,false
Perf01516,Load01516,1991-05-05,FEMALE,PRINCIPAL,,CFPERF01516,+256710001516,perf.01516+uat@example.invalid,false
Perf01517,Load01517,1992-06-06,OTHER,PRINCIPAL,,CFPERF01517,+256710001517,perf.01517+uat@example.invalid,false
Perf01518,Load01518,1993-07-07,MALE,PRINCIPAL,,CFPERF01518,+256710001518,perf.01518+uat@example.invalid,false
Perf01519,Load01519,1994-08-08,FEMALE,PRINCIPAL,,CFPERF01519,+256710001519,perf.01519+uat@example.invalid,false
Perf01520,Load01520,1995-09-09,OTHER,PRINCIPAL,,CFPERF01520,+256710001520,perf.01520+uat@example.invalid,false
Perf01521,Load01521,1996-10-10,MALE,PRINCIPAL,,CFPERF01521,+256710001521,perf.01521+uat@example.invalid,false
Perf01522,Load01522,1997-11-11,FEMALE,PRINCIPAL,,CFPERF01522,+256710001522,perf.01522+uat@example.invalid,false
Perf01523,Load01523,1998-12-12,OTHER,PRINCIPAL,,CFPERF01523,+256710001523,perf.01523+uat@example.invalid,false
Perf01524,Load01524,1999-01-13,MALE,PRINCIPAL,,CFPERF01524,+256710001524,perf.01524+uat@example.invalid,false
Perf01525,Load01525,2000-02-14,FEMALE,PRINCIPAL,,CFPERF01525,+256710001525,perf.01525+uat@example.invalid,false
Perf01526,Load01526,2001-03-15,OTHER,PRINCIPAL,,CFPERF01526,+256710001526,perf.01526+uat@example.invalid,false
Perf01527,Load01527,2002-04-16,MALE,PRINCIPAL,,CFPERF01527,+256710001527,perf.01527+uat@example.invalid,false
Perf01528,Load01528,2003-05-17,FEMALE,PRINCIPAL,,CFPERF01528,+256710001528,perf.01528+uat@example.invalid,false
Perf01529,Load01529,2004-06-18,OTHER,PRINCIPAL,,CFPERF01529,+256710001529,perf.01529+uat@example.invalid,false
Perf01530,Load01530,1960-07-19,MALE,PRINCIPAL,,CFPERF01530,+256710001530,perf.01530+uat@example.invalid,false
Perf01531,Load01531,1961-08-20,FEMALE,PRINCIPAL,,CFPERF01531,+256710001531,perf.01531+uat@example.invalid,false
Perf01532,Load01532,1962-09-21,OTHER,PRINCIPAL,,CFPERF01532,+256710001532,perf.01532+uat@example.invalid,false
Perf01533,Load01533,1963-10-22,MALE,PRINCIPAL,,CFPERF01533,+256710001533,perf.01533+uat@example.invalid,false
Perf01534,Load01534,1964-11-23,FEMALE,PRINCIPAL,,CFPERF01534,+256710001534,perf.01534+uat@example.invalid,false
Perf01535,Load01535,1965-12-24,OTHER,PRINCIPAL,,CFPERF01535,+256710001535,perf.01535+uat@example.invalid,false
Perf01536,Load01536,1966-01-25,MALE,PRINCIPAL,,CFPERF01536,+256710001536,perf.01536+uat@example.invalid,false
Perf01537,Load01537,1967-02-26,FEMALE,PRINCIPAL,,CFPERF01537,+256710001537,perf.01537+uat@example.invalid,false
Perf01538,Load01538,1968-03-27,OTHER,PRINCIPAL,,CFPERF01538,+256710001538,perf.01538+uat@example.invalid,false
Perf01539,Load01539,1969-04-01,MALE,PRINCIPAL,,CFPERF01539,+256710001539,perf.01539+uat@example.invalid,false
Perf01540,Load01540,1970-05-02,FEMALE,PRINCIPAL,,CFPERF01540,+256710001540,perf.01540+uat@example.invalid,false
Perf01541,Load01541,1971-06-03,OTHER,PRINCIPAL,,CFPERF01541,+256710001541,perf.01541+uat@example.invalid,false
Perf01542,Load01542,1972-07-04,MALE,PRINCIPAL,,CFPERF01542,+256710001542,perf.01542+uat@example.invalid,false
Perf01543,Load01543,1973-08-05,FEMALE,PRINCIPAL,,CFPERF01543,+256710001543,perf.01543+uat@example.invalid,false
Perf01544,Load01544,1974-09-06,OTHER,PRINCIPAL,,CFPERF01544,+256710001544,perf.01544+uat@example.invalid,false
Perf01545,Load01545,1975-10-07,MALE,PRINCIPAL,,CFPERF01545,+256710001545,perf.01545+uat@example.invalid,false
Perf01546,Load01546,1976-11-08,FEMALE,PRINCIPAL,,CFPERF01546,+256710001546,perf.01546+uat@example.invalid,false
Perf01547,Load01547,1977-12-09,OTHER,PRINCIPAL,,CFPERF01547,+256710001547,perf.01547+uat@example.invalid,false
Perf01548,Load01548,1978-01-10,MALE,PRINCIPAL,,CFPERF01548,+256710001548,perf.01548+uat@example.invalid,false
Perf01549,Load01549,1979-02-11,FEMALE,PRINCIPAL,,CFPERF01549,+256710001549,perf.01549+uat@example.invalid,false
Perf01550,Load01550,1980-03-12,OTHER,PRINCIPAL,,CFPERF01550,+256710001550,perf.01550+uat@example.invalid,false
Perf01551,Load01551,1981-04-13,MALE,PRINCIPAL,,CFPERF01551,+256710001551,perf.01551+uat@example.invalid,false
Perf01552,Load01552,1982-05-14,FEMALE,PRINCIPAL,,CFPERF01552,+256710001552,perf.01552+uat@example.invalid,false
Perf01553,Load01553,1983-06-15,OTHER,PRINCIPAL,,CFPERF01553,+256710001553,perf.01553+uat@example.invalid,false
Perf01554,Load01554,1984-07-16,MALE,PRINCIPAL,,CFPERF01554,+256710001554,perf.01554+uat@example.invalid,false
Perf01555,Load01555,1985-08-17,FEMALE,PRINCIPAL,,CFPERF01555,+256710001555,perf.01555+uat@example.invalid,false
Perf01556,Load01556,1986-09-18,OTHER,PRINCIPAL,,CFPERF01556,+256710001556,perf.01556+uat@example.invalid,false
Perf01557,Load01557,1987-10-19,MALE,PRINCIPAL,,CFPERF01557,+256710001557,perf.01557+uat@example.invalid,false
Perf01558,Load01558,1988-11-20,FEMALE,PRINCIPAL,,CFPERF01558,+256710001558,perf.01558+uat@example.invalid,false
Perf01559,Load01559,1989-12-21,OTHER,PRINCIPAL,,CFPERF01559,+256710001559,perf.01559+uat@example.invalid,false
Perf01560,Load01560,1990-01-22,MALE,PRINCIPAL,,CFPERF01560,+256710001560,perf.01560+uat@example.invalid,false
Perf01561,Load01561,1991-02-23,FEMALE,PRINCIPAL,,CFPERF01561,+256710001561,perf.01561+uat@example.invalid,false
Perf01562,Load01562,1992-03-24,OTHER,PRINCIPAL,,CFPERF01562,+256710001562,perf.01562+uat@example.invalid,false
Perf01563,Load01563,1993-04-25,MALE,PRINCIPAL,,CFPERF01563,+256710001563,perf.01563+uat@example.invalid,false
Perf01564,Load01564,1994-05-26,FEMALE,PRINCIPAL,,CFPERF01564,+256710001564,perf.01564+uat@example.invalid,false
Perf01565,Load01565,1995-06-27,OTHER,PRINCIPAL,,CFPERF01565,+256710001565,perf.01565+uat@example.invalid,false
Perf01566,Load01566,1996-07-01,MALE,PRINCIPAL,,CFPERF01566,+256710001566,perf.01566+uat@example.invalid,false
Perf01567,Load01567,1997-08-02,FEMALE,PRINCIPAL,,CFPERF01567,+256710001567,perf.01567+uat@example.invalid,false
Perf01568,Load01568,1998-09-03,OTHER,PRINCIPAL,,CFPERF01568,+256710001568,perf.01568+uat@example.invalid,false
Perf01569,Load01569,1999-10-04,MALE,PRINCIPAL,,CFPERF01569,+256710001569,perf.01569+uat@example.invalid,false
Perf01570,Load01570,2000-11-05,FEMALE,PRINCIPAL,,CFPERF01570,+256710001570,perf.01570+uat@example.invalid,false
Perf01571,Load01571,2001-12-06,OTHER,PRINCIPAL,,CFPERF01571,+256710001571,perf.01571+uat@example.invalid,false
Perf01572,Load01572,2002-01-07,MALE,PRINCIPAL,,CFPERF01572,+256710001572,perf.01572+uat@example.invalid,false
Perf01573,Load01573,2003-02-08,FEMALE,PRINCIPAL,,CFPERF01573,+256710001573,perf.01573+uat@example.invalid,false
Perf01574,Load01574,2004-03-09,OTHER,PRINCIPAL,,CFPERF01574,+256710001574,perf.01574+uat@example.invalid,false
Perf01575,Load01575,1960-04-10,MALE,PRINCIPAL,,CFPERF01575,+256710001575,perf.01575+uat@example.invalid,false
Perf01576,Load01576,1961-05-11,FEMALE,PRINCIPAL,,CFPERF01576,+256710001576,perf.01576+uat@example.invalid,false
Perf01577,Load01577,1962-06-12,OTHER,PRINCIPAL,,CFPERF01577,+256710001577,perf.01577+uat@example.invalid,false
Perf01578,Load01578,1963-07-13,MALE,PRINCIPAL,,CFPERF01578,+256710001578,perf.01578+uat@example.invalid,false
Perf01579,Load01579,1964-08-14,FEMALE,PRINCIPAL,,CFPERF01579,+256710001579,perf.01579+uat@example.invalid,false
Perf01580,Load01580,1965-09-15,OTHER,PRINCIPAL,,CFPERF01580,+256710001580,perf.01580+uat@example.invalid,false
Perf01581,Load01581,1966-10-16,MALE,PRINCIPAL,,CFPERF01581,+256710001581,perf.01581+uat@example.invalid,false
Perf01582,Load01582,1967-11-17,FEMALE,PRINCIPAL,,CFPERF01582,+256710001582,perf.01582+uat@example.invalid,false
Perf01583,Load01583,1968-12-18,OTHER,PRINCIPAL,,CFPERF01583,+256710001583,perf.01583+uat@example.invalid,false
Perf01584,Load01584,1969-01-19,MALE,PRINCIPAL,,CFPERF01584,+256710001584,perf.01584+uat@example.invalid,false
Perf01585,Load01585,1970-02-20,FEMALE,PRINCIPAL,,CFPERF01585,+256710001585,perf.01585+uat@example.invalid,false
Perf01586,Load01586,1971-03-21,OTHER,PRINCIPAL,,CFPERF01586,+256710001586,perf.01586+uat@example.invalid,false
Perf01587,Load01587,1972-04-22,MALE,PRINCIPAL,,CFPERF01587,+256710001587,perf.01587+uat@example.invalid,false
Perf01588,Load01588,1973-05-23,FEMALE,PRINCIPAL,,CFPERF01588,+256710001588,perf.01588+uat@example.invalid,false
Perf01589,Load01589,1974-06-24,OTHER,PRINCIPAL,,CFPERF01589,+256710001589,perf.01589+uat@example.invalid,false
Perf01590,Load01590,1975-07-25,MALE,PRINCIPAL,,CFPERF01590,+256710001590,perf.01590+uat@example.invalid,false
Perf01591,Load01591,1976-08-26,FEMALE,PRINCIPAL,,CFPERF01591,+256710001591,perf.01591+uat@example.invalid,false
Perf01592,Load01592,1977-09-27,OTHER,PRINCIPAL,,CFPERF01592,+256710001592,perf.01592+uat@example.invalid,false
Perf01593,Load01593,1978-10-01,MALE,PRINCIPAL,,CFPERF01593,+256710001593,perf.01593+uat@example.invalid,false
Perf01594,Load01594,1979-11-02,FEMALE,PRINCIPAL,,CFPERF01594,+256710001594,perf.01594+uat@example.invalid,false
Perf01595,Load01595,1980-12-03,OTHER,PRINCIPAL,,CFPERF01595,+256710001595,perf.01595+uat@example.invalid,false
Perf01596,Load01596,1981-01-04,MALE,PRINCIPAL,,CFPERF01596,+256710001596,perf.01596+uat@example.invalid,false
Perf01597,Load01597,1982-02-05,FEMALE,PRINCIPAL,,CFPERF01597,+256710001597,perf.01597+uat@example.invalid,false
Perf01598,Load01598,1983-03-06,OTHER,PRINCIPAL,,CFPERF01598,+256710001598,perf.01598+uat@example.invalid,false
Perf01599,Load01599,1984-04-07,MALE,PRINCIPAL,,CFPERF01599,+256710001599,perf.01599+uat@example.invalid,false
Perf01600,Load01600,1985-05-08,FEMALE,PRINCIPAL,,CFPERF01600,+256710001600,perf.01600+uat@example.invalid,false
Perf01601,Load01601,1986-06-09,OTHER,PRINCIPAL,,CFPERF01601,+256710001601,perf.01601+uat@example.invalid,false
Perf01602,Load01602,1987-07-10,MALE,PRINCIPAL,,CFPERF01602,+256710001602,perf.01602+uat@example.invalid,false
Perf01603,Load01603,1988-08-11,FEMALE,PRINCIPAL,,CFPERF01603,+256710001603,perf.01603+uat@example.invalid,false
Perf01604,Load01604,1989-09-12,OTHER,PRINCIPAL,,CFPERF01604,+256710001604,perf.01604+uat@example.invalid,false
Perf01605,Load01605,1990-10-13,MALE,PRINCIPAL,,CFPERF01605,+256710001605,perf.01605+uat@example.invalid,false
Perf01606,Load01606,1991-11-14,FEMALE,PRINCIPAL,,CFPERF01606,+256710001606,perf.01606+uat@example.invalid,false
Perf01607,Load01607,1992-12-15,OTHER,PRINCIPAL,,CFPERF01607,+256710001607,perf.01607+uat@example.invalid,false
Perf01608,Load01608,1993-01-16,MALE,PRINCIPAL,,CFPERF01608,+256710001608,perf.01608+uat@example.invalid,false
Perf01609,Load01609,1994-02-17,FEMALE,PRINCIPAL,,CFPERF01609,+256710001609,perf.01609+uat@example.invalid,false
Perf01610,Load01610,1995-03-18,OTHER,PRINCIPAL,,CFPERF01610,+256710001610,perf.01610+uat@example.invalid,false
Perf01611,Load01611,1996-04-19,MALE,PRINCIPAL,,CFPERF01611,+256710001611,perf.01611+uat@example.invalid,false
Perf01612,Load01612,1997-05-20,FEMALE,PRINCIPAL,,CFPERF01612,+256710001612,perf.01612+uat@example.invalid,false
Perf01613,Load01613,1998-06-21,OTHER,PRINCIPAL,,CFPERF01613,+256710001613,perf.01613+uat@example.invalid,false
Perf01614,Load01614,1999-07-22,MALE,PRINCIPAL,,CFPERF01614,+256710001614,perf.01614+uat@example.invalid,false
Perf01615,Load01615,2000-08-23,FEMALE,PRINCIPAL,,CFPERF01615,+256710001615,perf.01615+uat@example.invalid,false
Perf01616,Load01616,2001-09-24,OTHER,PRINCIPAL,,CFPERF01616,+256710001616,perf.01616+uat@example.invalid,false
Perf01617,Load01617,2002-10-25,MALE,PRINCIPAL,,CFPERF01617,+256710001617,perf.01617+uat@example.invalid,false
Perf01618,Load01618,2003-11-26,FEMALE,PRINCIPAL,,CFPERF01618,+256710001618,perf.01618+uat@example.invalid,false
Perf01619,Load01619,2004-12-27,OTHER,PRINCIPAL,,CFPERF01619,+256710001619,perf.01619+uat@example.invalid,false
Perf01620,Load01620,1960-01-01,MALE,PRINCIPAL,,CFPERF01620,+256710001620,perf.01620+uat@example.invalid,false
Perf01621,Load01621,1961-02-02,FEMALE,PRINCIPAL,,CFPERF01621,+256710001621,perf.01621+uat@example.invalid,false
Perf01622,Load01622,1962-03-03,OTHER,PRINCIPAL,,CFPERF01622,+256710001622,perf.01622+uat@example.invalid,false
Perf01623,Load01623,1963-04-04,MALE,PRINCIPAL,,CFPERF01623,+256710001623,perf.01623+uat@example.invalid,false
Perf01624,Load01624,1964-05-05,FEMALE,PRINCIPAL,,CFPERF01624,+256710001624,perf.01624+uat@example.invalid,false
Perf01625,Load01625,1965-06-06,OTHER,PRINCIPAL,,CFPERF01625,+256710001625,perf.01625+uat@example.invalid,false
Perf01626,Load01626,1966-07-07,MALE,PRINCIPAL,,CFPERF01626,+256710001626,perf.01626+uat@example.invalid,false
Perf01627,Load01627,1967-08-08,FEMALE,PRINCIPAL,,CFPERF01627,+256710001627,perf.01627+uat@example.invalid,false
Perf01628,Load01628,1968-09-09,OTHER,PRINCIPAL,,CFPERF01628,+256710001628,perf.01628+uat@example.invalid,false
Perf01629,Load01629,1969-10-10,MALE,PRINCIPAL,,CFPERF01629,+256710001629,perf.01629+uat@example.invalid,false
Perf01630,Load01630,1970-11-11,FEMALE,PRINCIPAL,,CFPERF01630,+256710001630,perf.01630+uat@example.invalid,false
Perf01631,Load01631,1971-12-12,OTHER,PRINCIPAL,,CFPERF01631,+256710001631,perf.01631+uat@example.invalid,false
Perf01632,Load01632,1972-01-13,MALE,PRINCIPAL,,CFPERF01632,+256710001632,perf.01632+uat@example.invalid,false
Perf01633,Load01633,1973-02-14,FEMALE,PRINCIPAL,,CFPERF01633,+256710001633,perf.01633+uat@example.invalid,false
Perf01634,Load01634,1974-03-15,OTHER,PRINCIPAL,,CFPERF01634,+256710001634,perf.01634+uat@example.invalid,false
Perf01635,Load01635,1975-04-16,MALE,PRINCIPAL,,CFPERF01635,+256710001635,perf.01635+uat@example.invalid,false
Perf01636,Load01636,1976-05-17,FEMALE,PRINCIPAL,,CFPERF01636,+256710001636,perf.01636+uat@example.invalid,false
Perf01637,Load01637,1977-06-18,OTHER,PRINCIPAL,,CFPERF01637,+256710001637,perf.01637+uat@example.invalid,false
Perf01638,Load01638,1978-07-19,MALE,PRINCIPAL,,CFPERF01638,+256710001638,perf.01638+uat@example.invalid,false
Perf01639,Load01639,1979-08-20,FEMALE,PRINCIPAL,,CFPERF01639,+256710001639,perf.01639+uat@example.invalid,false
Perf01640,Load01640,1980-09-21,OTHER,PRINCIPAL,,CFPERF01640,+256710001640,perf.01640+uat@example.invalid,false
Perf01641,Load01641,1981-10-22,MALE,PRINCIPAL,,CFPERF01641,+256710001641,perf.01641+uat@example.invalid,false
Perf01642,Load01642,1982-11-23,FEMALE,PRINCIPAL,,CFPERF01642,+256710001642,perf.01642+uat@example.invalid,false
Perf01643,Load01643,1983-12-24,OTHER,PRINCIPAL,,CFPERF01643,+256710001643,perf.01643+uat@example.invalid,false
Perf01644,Load01644,1984-01-25,MALE,PRINCIPAL,,CFPERF01644,+256710001644,perf.01644+uat@example.invalid,false
Perf01645,Load01645,1985-02-26,FEMALE,PRINCIPAL,,CFPERF01645,+256710001645,perf.01645+uat@example.invalid,false
Perf01646,Load01646,1986-03-27,OTHER,PRINCIPAL,,CFPERF01646,+256710001646,perf.01646+uat@example.invalid,false
Perf01647,Load01647,1987-04-01,MALE,PRINCIPAL,,CFPERF01647,+256710001647,perf.01647+uat@example.invalid,false
Perf01648,Load01648,1988-05-02,FEMALE,PRINCIPAL,,CFPERF01648,+256710001648,perf.01648+uat@example.invalid,false
Perf01649,Load01649,1989-06-03,OTHER,PRINCIPAL,,CFPERF01649,+256710001649,perf.01649+uat@example.invalid,false
Perf01650,Load01650,1990-07-04,MALE,PRINCIPAL,,CFPERF01650,+256710001650,perf.01650+uat@example.invalid,false
Perf01651,Load01651,1991-08-05,FEMALE,PRINCIPAL,,CFPERF01651,+256710001651,perf.01651+uat@example.invalid,false
Perf01652,Load01652,1992-09-06,OTHER,PRINCIPAL,,CFPERF01652,+256710001652,perf.01652+uat@example.invalid,false
Perf01653,Load01653,1993-10-07,MALE,PRINCIPAL,,CFPERF01653,+256710001653,perf.01653+uat@example.invalid,false
Perf01654,Load01654,1994-11-08,FEMALE,PRINCIPAL,,CFPERF01654,+256710001654,perf.01654+uat@example.invalid,false
Perf01655,Load01655,1995-12-09,OTHER,PRINCIPAL,,CFPERF01655,+256710001655,perf.01655+uat@example.invalid,false
Perf01656,Load01656,1996-01-10,MALE,PRINCIPAL,,CFPERF01656,+256710001656,perf.01656+uat@example.invalid,false
Perf01657,Load01657,1997-02-11,FEMALE,PRINCIPAL,,CFPERF01657,+256710001657,perf.01657+uat@example.invalid,false
Perf01658,Load01658,1998-03-12,OTHER,PRINCIPAL,,CFPERF01658,+256710001658,perf.01658+uat@example.invalid,false
Perf01659,Load01659,1999-04-13,MALE,PRINCIPAL,,CFPERF01659,+256710001659,perf.01659+uat@example.invalid,false
Perf01660,Load01660,2000-05-14,FEMALE,PRINCIPAL,,CFPERF01660,+256710001660,perf.01660+uat@example.invalid,false
Perf01661,Load01661,2001-06-15,OTHER,PRINCIPAL,,CFPERF01661,+256710001661,perf.01661+uat@example.invalid,false
Perf01662,Load01662,2002-07-16,MALE,PRINCIPAL,,CFPERF01662,+256710001662,perf.01662+uat@example.invalid,false
Perf01663,Load01663,2003-08-17,FEMALE,PRINCIPAL,,CFPERF01663,+256710001663,perf.01663+uat@example.invalid,false
Perf01664,Load01664,2004-09-18,OTHER,PRINCIPAL,,CFPERF01664,+256710001664,perf.01664+uat@example.invalid,false
Perf01665,Load01665,1960-10-19,MALE,PRINCIPAL,,CFPERF01665,+256710001665,perf.01665+uat@example.invalid,false
Perf01666,Load01666,1961-11-20,FEMALE,PRINCIPAL,,CFPERF01666,+256710001666,perf.01666+uat@example.invalid,false
Perf01667,Load01667,1962-12-21,OTHER,PRINCIPAL,,CFPERF01667,+256710001667,perf.01667+uat@example.invalid,false
Perf01668,Load01668,1963-01-22,MALE,PRINCIPAL,,CFPERF01668,+256710001668,perf.01668+uat@example.invalid,false
Perf01669,Load01669,1964-02-23,FEMALE,PRINCIPAL,,CFPERF01669,+256710001669,perf.01669+uat@example.invalid,false
Perf01670,Load01670,1965-03-24,OTHER,PRINCIPAL,,CFPERF01670,+256710001670,perf.01670+uat@example.invalid,false
Perf01671,Load01671,1966-04-25,MALE,PRINCIPAL,,CFPERF01671,+256710001671,perf.01671+uat@example.invalid,false
Perf01672,Load01672,1967-05-26,FEMALE,PRINCIPAL,,CFPERF01672,+256710001672,perf.01672+uat@example.invalid,false
Perf01673,Load01673,1968-06-27,OTHER,PRINCIPAL,,CFPERF01673,+256710001673,perf.01673+uat@example.invalid,false
Perf01674,Load01674,1969-07-01,MALE,PRINCIPAL,,CFPERF01674,+256710001674,perf.01674+uat@example.invalid,false
Perf01675,Load01675,1970-08-02,FEMALE,PRINCIPAL,,CFPERF01675,+256710001675,perf.01675+uat@example.invalid,false
Perf01676,Load01676,1971-09-03,OTHER,PRINCIPAL,,CFPERF01676,+256710001676,perf.01676+uat@example.invalid,false
Perf01677,Load01677,1972-10-04,MALE,PRINCIPAL,,CFPERF01677,+256710001677,perf.01677+uat@example.invalid,false
Perf01678,Load01678,1973-11-05,FEMALE,PRINCIPAL,,CFPERF01678,+256710001678,perf.01678+uat@example.invalid,false
Perf01679,Load01679,1974-12-06,OTHER,PRINCIPAL,,CFPERF01679,+256710001679,perf.01679+uat@example.invalid,false
Perf01680,Load01680,1975-01-07,MALE,PRINCIPAL,,CFPERF01680,+256710001680,perf.01680+uat@example.invalid,false
Perf01681,Load01681,1976-02-08,FEMALE,PRINCIPAL,,CFPERF01681,+256710001681,perf.01681+uat@example.invalid,false
Perf01682,Load01682,1977-03-09,OTHER,PRINCIPAL,,CFPERF01682,+256710001682,perf.01682+uat@example.invalid,false
Perf01683,Load01683,1978-04-10,MALE,PRINCIPAL,,CFPERF01683,+256710001683,perf.01683+uat@example.invalid,false
Perf01684,Load01684,1979-05-11,FEMALE,PRINCIPAL,,CFPERF01684,+256710001684,perf.01684+uat@example.invalid,false
Perf01685,Load01685,1980-06-12,OTHER,PRINCIPAL,,CFPERF01685,+256710001685,perf.01685+uat@example.invalid,false
Perf01686,Load01686,1981-07-13,MALE,PRINCIPAL,,CFPERF01686,+256710001686,perf.01686+uat@example.invalid,false
Perf01687,Load01687,1982-08-14,FEMALE,PRINCIPAL,,CFPERF01687,+256710001687,perf.01687+uat@example.invalid,false
Perf01688,Load01688,1983-09-15,OTHER,PRINCIPAL,,CFPERF01688,+256710001688,perf.01688+uat@example.invalid,false
Perf01689,Load01689,1984-10-16,MALE,PRINCIPAL,,CFPERF01689,+256710001689,perf.01689+uat@example.invalid,false
Perf01690,Load01690,1985-11-17,FEMALE,PRINCIPAL,,CFPERF01690,+256710001690,perf.01690+uat@example.invalid,false
Perf01691,Load01691,1986-12-18,OTHER,PRINCIPAL,,CFPERF01691,+256710001691,perf.01691+uat@example.invalid,false
Perf01692,Load01692,1987-01-19,MALE,PRINCIPAL,,CFPERF01692,+256710001692,perf.01692+uat@example.invalid,false
Perf01693,Load01693,1988-02-20,FEMALE,PRINCIPAL,,CFPERF01693,+256710001693,perf.01693+uat@example.invalid,false
Perf01694,Load01694,1989-03-21,OTHER,PRINCIPAL,,CFPERF01694,+256710001694,perf.01694+uat@example.invalid,false
Perf01695,Load01695,1990-04-22,MALE,PRINCIPAL,,CFPERF01695,+256710001695,perf.01695+uat@example.invalid,false
Perf01696,Load01696,1991-05-23,FEMALE,PRINCIPAL,,CFPERF01696,+256710001696,perf.01696+uat@example.invalid,false
Perf01697,Load01697,1992-06-24,OTHER,PRINCIPAL,,CFPERF01697,+256710001697,perf.01697+uat@example.invalid,false
Perf01698,Load01698,1993-07-25,MALE,PRINCIPAL,,CFPERF01698,+256710001698,perf.01698+uat@example.invalid,false
Perf01699,Load01699,1994-08-26,FEMALE,PRINCIPAL,,CFPERF01699,+256710001699,perf.01699+uat@example.invalid,false
Perf01700,Load01700,1995-09-27,OTHER,PRINCIPAL,,CFPERF01700,+256710001700,perf.01700+uat@example.invalid,false
Perf01701,Load01701,1996-10-01,MALE,PRINCIPAL,,CFPERF01701,+256710001701,perf.01701+uat@example.invalid,false
Perf01702,Load01702,1997-11-02,FEMALE,PRINCIPAL,,CFPERF01702,+256710001702,perf.01702+uat@example.invalid,false
Perf01703,Load01703,1998-12-03,OTHER,PRINCIPAL,,CFPERF01703,+256710001703,perf.01703+uat@example.invalid,false
Perf01704,Load01704,1999-01-04,MALE,PRINCIPAL,,CFPERF01704,+256710001704,perf.01704+uat@example.invalid,false
Perf01705,Load01705,2000-02-05,FEMALE,PRINCIPAL,,CFPERF01705,+256710001705,perf.01705+uat@example.invalid,false
Perf01706,Load01706,2001-03-06,OTHER,PRINCIPAL,,CFPERF01706,+256710001706,perf.01706+uat@example.invalid,false
Perf01707,Load01707,2002-04-07,MALE,PRINCIPAL,,CFPERF01707,+256710001707,perf.01707+uat@example.invalid,false
Perf01708,Load01708,2003-05-08,FEMALE,PRINCIPAL,,CFPERF01708,+256710001708,perf.01708+uat@example.invalid,false
Perf01709,Load01709,2004-06-09,OTHER,PRINCIPAL,,CFPERF01709,+256710001709,perf.01709+uat@example.invalid,false
Perf01710,Load01710,1960-07-10,MALE,PRINCIPAL,,CFPERF01710,+256710001710,perf.01710+uat@example.invalid,false
Perf01711,Load01711,1961-08-11,FEMALE,PRINCIPAL,,CFPERF01711,+256710001711,perf.01711+uat@example.invalid,false
Perf01712,Load01712,1962-09-12,OTHER,PRINCIPAL,,CFPERF01712,+256710001712,perf.01712+uat@example.invalid,false
Perf01713,Load01713,1963-10-13,MALE,PRINCIPAL,,CFPERF01713,+256710001713,perf.01713+uat@example.invalid,false
Perf01714,Load01714,1964-11-14,FEMALE,PRINCIPAL,,CFPERF01714,+256710001714,perf.01714+uat@example.invalid,false
Perf01715,Load01715,1965-12-15,OTHER,PRINCIPAL,,CFPERF01715,+256710001715,perf.01715+uat@example.invalid,false
Perf01716,Load01716,1966-01-16,MALE,PRINCIPAL,,CFPERF01716,+256710001716,perf.01716+uat@example.invalid,false
Perf01717,Load01717,1967-02-17,FEMALE,PRINCIPAL,,CFPERF01717,+256710001717,perf.01717+uat@example.invalid,false
Perf01718,Load01718,1968-03-18,OTHER,PRINCIPAL,,CFPERF01718,+256710001718,perf.01718+uat@example.invalid,false
Perf01719,Load01719,1969-04-19,MALE,PRINCIPAL,,CFPERF01719,+256710001719,perf.01719+uat@example.invalid,false
Perf01720,Load01720,1970-05-20,FEMALE,PRINCIPAL,,CFPERF01720,+256710001720,perf.01720+uat@example.invalid,false
Perf01721,Load01721,1971-06-21,OTHER,PRINCIPAL,,CFPERF01721,+256710001721,perf.01721+uat@example.invalid,false
Perf01722,Load01722,1972-07-22,MALE,PRINCIPAL,,CFPERF01722,+256710001722,perf.01722+uat@example.invalid,false
Perf01723,Load01723,1973-08-23,FEMALE,PRINCIPAL,,CFPERF01723,+256710001723,perf.01723+uat@example.invalid,false
Perf01724,Load01724,1974-09-24,OTHER,PRINCIPAL,,CFPERF01724,+256710001724,perf.01724+uat@example.invalid,false
Perf01725,Load01725,1975-10-25,MALE,PRINCIPAL,,CFPERF01725,+256710001725,perf.01725+uat@example.invalid,false
Perf01726,Load01726,1976-11-26,FEMALE,PRINCIPAL,,CFPERF01726,+256710001726,perf.01726+uat@example.invalid,false
Perf01727,Load01727,1977-12-27,OTHER,PRINCIPAL,,CFPERF01727,+256710001727,perf.01727+uat@example.invalid,false
Perf01728,Load01728,1978-01-01,MALE,PRINCIPAL,,CFPERF01728,+256710001728,perf.01728+uat@example.invalid,false
Perf01729,Load01729,1979-02-02,FEMALE,PRINCIPAL,,CFPERF01729,+256710001729,perf.01729+uat@example.invalid,false
Perf01730,Load01730,1980-03-03,OTHER,PRINCIPAL,,CFPERF01730,+256710001730,perf.01730+uat@example.invalid,false
Perf01731,Load01731,1981-04-04,MALE,PRINCIPAL,,CFPERF01731,+256710001731,perf.01731+uat@example.invalid,false
Perf01732,Load01732,1982-05-05,FEMALE,PRINCIPAL,,CFPERF01732,+256710001732,perf.01732+uat@example.invalid,false
Perf01733,Load01733,1983-06-06,OTHER,PRINCIPAL,,CFPERF01733,+256710001733,perf.01733+uat@example.invalid,false
Perf01734,Load01734,1984-07-07,MALE,PRINCIPAL,,CFPERF01734,+256710001734,perf.01734+uat@example.invalid,false
Perf01735,Load01735,1985-08-08,FEMALE,PRINCIPAL,,CFPERF01735,+256710001735,perf.01735+uat@example.invalid,false
Perf01736,Load01736,1986-09-09,OTHER,PRINCIPAL,,CFPERF01736,+256710001736,perf.01736+uat@example.invalid,false
Perf01737,Load01737,1987-10-10,MALE,PRINCIPAL,,CFPERF01737,+256710001737,perf.01737+uat@example.invalid,false
Perf01738,Load01738,1988-11-11,FEMALE,PRINCIPAL,,CFPERF01738,+256710001738,perf.01738+uat@example.invalid,false
Perf01739,Load01739,1989-12-12,OTHER,PRINCIPAL,,CFPERF01739,+256710001739,perf.01739+uat@example.invalid,false
Perf01740,Load01740,1990-01-13,MALE,PRINCIPAL,,CFPERF01740,+256710001740,perf.01740+uat@example.invalid,false
Perf01741,Load01741,1991-02-14,FEMALE,PRINCIPAL,,CFPERF01741,+256710001741,perf.01741+uat@example.invalid,false
Perf01742,Load01742,1992-03-15,OTHER,PRINCIPAL,,CFPERF01742,+256710001742,perf.01742+uat@example.invalid,false
Perf01743,Load01743,1993-04-16,MALE,PRINCIPAL,,CFPERF01743,+256710001743,perf.01743+uat@example.invalid,false
Perf01744,Load01744,1994-05-17,FEMALE,PRINCIPAL,,CFPERF01744,+256710001744,perf.01744+uat@example.invalid,false
Perf01745,Load01745,1995-06-18,OTHER,PRINCIPAL,,CFPERF01745,+256710001745,perf.01745+uat@example.invalid,false
Perf01746,Load01746,1996-07-19,MALE,PRINCIPAL,,CFPERF01746,+256710001746,perf.01746+uat@example.invalid,false
Perf01747,Load01747,1997-08-20,FEMALE,PRINCIPAL,,CFPERF01747,+256710001747,perf.01747+uat@example.invalid,false
Perf01748,Load01748,1998-09-21,OTHER,PRINCIPAL,,CFPERF01748,+256710001748,perf.01748+uat@example.invalid,false
Perf01749,Load01749,1999-10-22,MALE,PRINCIPAL,,CFPERF01749,+256710001749,perf.01749+uat@example.invalid,false
Perf01750,Load01750,2000-11-23,FEMALE,PRINCIPAL,,CFPERF01750,+256710001750,perf.01750+uat@example.invalid,false
Perf01751,Load01751,2001-12-24,OTHER,PRINCIPAL,,CFPERF01751,+256710001751,perf.01751+uat@example.invalid,false
Perf01752,Load01752,2002-01-25,MALE,PRINCIPAL,,CFPERF01752,+256710001752,perf.01752+uat@example.invalid,false
Perf01753,Load01753,2003-02-26,FEMALE,PRINCIPAL,,CFPERF01753,+256710001753,perf.01753+uat@example.invalid,false
Perf01754,Load01754,2004-03-27,OTHER,PRINCIPAL,,CFPERF01754,+256710001754,perf.01754+uat@example.invalid,false
Perf01755,Load01755,1960-04-01,MALE,PRINCIPAL,,CFPERF01755,+256710001755,perf.01755+uat@example.invalid,false
Perf01756,Load01756,1961-05-02,FEMALE,PRINCIPAL,,CFPERF01756,+256710001756,perf.01756+uat@example.invalid,false
Perf01757,Load01757,1962-06-03,OTHER,PRINCIPAL,,CFPERF01757,+256710001757,perf.01757+uat@example.invalid,false
Perf01758,Load01758,1963-07-04,MALE,PRINCIPAL,,CFPERF01758,+256710001758,perf.01758+uat@example.invalid,false
Perf01759,Load01759,1964-08-05,FEMALE,PRINCIPAL,,CFPERF01759,+256710001759,perf.01759+uat@example.invalid,false
Perf01760,Load01760,1965-09-06,OTHER,PRINCIPAL,,CFPERF01760,+256710001760,perf.01760+uat@example.invalid,false
Perf01761,Load01761,1966-10-07,MALE,PRINCIPAL,,CFPERF01761,+256710001761,perf.01761+uat@example.invalid,false
Perf01762,Load01762,1967-11-08,FEMALE,PRINCIPAL,,CFPERF01762,+256710001762,perf.01762+uat@example.invalid,false
Perf01763,Load01763,1968-12-09,OTHER,PRINCIPAL,,CFPERF01763,+256710001763,perf.01763+uat@example.invalid,false
Perf01764,Load01764,1969-01-10,MALE,PRINCIPAL,,CFPERF01764,+256710001764,perf.01764+uat@example.invalid,false
Perf01765,Load01765,1970-02-11,FEMALE,PRINCIPAL,,CFPERF01765,+256710001765,perf.01765+uat@example.invalid,false
Perf01766,Load01766,1971-03-12,OTHER,PRINCIPAL,,CFPERF01766,+256710001766,perf.01766+uat@example.invalid,false
Perf01767,Load01767,1972-04-13,MALE,PRINCIPAL,,CFPERF01767,+256710001767,perf.01767+uat@example.invalid,false
Perf01768,Load01768,1973-05-14,FEMALE,PRINCIPAL,,CFPERF01768,+256710001768,perf.01768+uat@example.invalid,false
Perf01769,Load01769,1974-06-15,OTHER,PRINCIPAL,,CFPERF01769,+256710001769,perf.01769+uat@example.invalid,false
Perf01770,Load01770,1975-07-16,MALE,PRINCIPAL,,CFPERF01770,+256710001770,perf.01770+uat@example.invalid,false
Perf01771,Load01771,1976-08-17,FEMALE,PRINCIPAL,,CFPERF01771,+256710001771,perf.01771+uat@example.invalid,false
Perf01772,Load01772,1977-09-18,OTHER,PRINCIPAL,,CFPERF01772,+256710001772,perf.01772+uat@example.invalid,false
Perf01773,Load01773,1978-10-19,MALE,PRINCIPAL,,CFPERF01773,+256710001773,perf.01773+uat@example.invalid,false
Perf01774,Load01774,1979-11-20,FEMALE,PRINCIPAL,,CFPERF01774,+256710001774,perf.01774+uat@example.invalid,false
Perf01775,Load01775,1980-12-21,OTHER,PRINCIPAL,,CFPERF01775,+256710001775,perf.01775+uat@example.invalid,false
Perf01776,Load01776,1981-01-22,MALE,PRINCIPAL,,CFPERF01776,+256710001776,perf.01776+uat@example.invalid,false
Perf01777,Load01777,1982-02-23,FEMALE,PRINCIPAL,,CFPERF01777,+256710001777,perf.01777+uat@example.invalid,false
Perf01778,Load01778,1983-03-24,OTHER,PRINCIPAL,,CFPERF01778,+256710001778,perf.01778+uat@example.invalid,false
Perf01779,Load01779,1984-04-25,MALE,PRINCIPAL,,CFPERF01779,+256710001779,perf.01779+uat@example.invalid,false
Perf01780,Load01780,1985-05-26,FEMALE,PRINCIPAL,,CFPERF01780,+256710001780,perf.01780+uat@example.invalid,false
Perf01781,Load01781,1986-06-27,OTHER,PRINCIPAL,,CFPERF01781,+256710001781,perf.01781+uat@example.invalid,false
Perf01782,Load01782,1987-07-01,MALE,PRINCIPAL,,CFPERF01782,+256710001782,perf.01782+uat@example.invalid,false
Perf01783,Load01783,1988-08-02,FEMALE,PRINCIPAL,,CFPERF01783,+256710001783,perf.01783+uat@example.invalid,false
Perf01784,Load01784,1989-09-03,OTHER,PRINCIPAL,,CFPERF01784,+256710001784,perf.01784+uat@example.invalid,false
Perf01785,Load01785,1990-10-04,MALE,PRINCIPAL,,CFPERF01785,+256710001785,perf.01785+uat@example.invalid,false
Perf01786,Load01786,1991-11-05,FEMALE,PRINCIPAL,,CFPERF01786,+256710001786,perf.01786+uat@example.invalid,false
Perf01787,Load01787,1992-12-06,OTHER,PRINCIPAL,,CFPERF01787,+256710001787,perf.01787+uat@example.invalid,false
Perf01788,Load01788,1993-01-07,MALE,PRINCIPAL,,CFPERF01788,+256710001788,perf.01788+uat@example.invalid,false
Perf01789,Load01789,1994-02-08,FEMALE,PRINCIPAL,,CFPERF01789,+256710001789,perf.01789+uat@example.invalid,false
Perf01790,Load01790,1995-03-09,OTHER,PRINCIPAL,,CFPERF01790,+256710001790,perf.01790+uat@example.invalid,false
Perf01791,Load01791,1996-04-10,MALE,PRINCIPAL,,CFPERF01791,+256710001791,perf.01791+uat@example.invalid,false
Perf01792,Load01792,1997-05-11,FEMALE,PRINCIPAL,,CFPERF01792,+256710001792,perf.01792+uat@example.invalid,false
Perf01793,Load01793,1998-06-12,OTHER,PRINCIPAL,,CFPERF01793,+256710001793,perf.01793+uat@example.invalid,false
Perf01794,Load01794,1999-07-13,MALE,PRINCIPAL,,CFPERF01794,+256710001794,perf.01794+uat@example.invalid,false
Perf01795,Load01795,2000-08-14,FEMALE,PRINCIPAL,,CFPERF01795,+256710001795,perf.01795+uat@example.invalid,false
Perf01796,Load01796,2001-09-15,OTHER,PRINCIPAL,,CFPERF01796,+256710001796,perf.01796+uat@example.invalid,false
Perf01797,Load01797,2002-10-16,MALE,PRINCIPAL,,CFPERF01797,+256710001797,perf.01797+uat@example.invalid,false
Perf01798,Load01798,2003-11-17,FEMALE,PRINCIPAL,,CFPERF01798,+256710001798,perf.01798+uat@example.invalid,false
Perf01799,Load01799,2004-12-18,OTHER,PRINCIPAL,,CFPERF01799,+256710001799,perf.01799+uat@example.invalid,false
Perf01800,Load01800,1960-01-19,MALE,PRINCIPAL,,CFPERF01800,+256710001800,perf.01800+uat@example.invalid,false
Perf01801,Load01801,1961-02-20,FEMALE,PRINCIPAL,,CFPERF01801,+256710001801,perf.01801+uat@example.invalid,false
Perf01802,Load01802,1962-03-21,OTHER,PRINCIPAL,,CFPERF01802,+256710001802,perf.01802+uat@example.invalid,false
Perf01803,Load01803,1963-04-22,MALE,PRINCIPAL,,CFPERF01803,+256710001803,perf.01803+uat@example.invalid,false
Perf01804,Load01804,1964-05-23,FEMALE,PRINCIPAL,,CFPERF01804,+256710001804,perf.01804+uat@example.invalid,false
Perf01805,Load01805,1965-06-24,OTHER,PRINCIPAL,,CFPERF01805,+256710001805,perf.01805+uat@example.invalid,false
Perf01806,Load01806,1966-07-25,MALE,PRINCIPAL,,CFPERF01806,+256710001806,perf.01806+uat@example.invalid,false
Perf01807,Load01807,1967-08-26,FEMALE,PRINCIPAL,,CFPERF01807,+256710001807,perf.01807+uat@example.invalid,false
Perf01808,Load01808,1968-09-27,OTHER,PRINCIPAL,,CFPERF01808,+256710001808,perf.01808+uat@example.invalid,false
Perf01809,Load01809,1969-10-01,MALE,PRINCIPAL,,CFPERF01809,+256710001809,perf.01809+uat@example.invalid,false
Perf01810,Load01810,1970-11-02,FEMALE,PRINCIPAL,,CFPERF01810,+256710001810,perf.01810+uat@example.invalid,false
Perf01811,Load01811,1971-12-03,OTHER,PRINCIPAL,,CFPERF01811,+256710001811,perf.01811+uat@example.invalid,false
Perf01812,Load01812,1972-01-04,MALE,PRINCIPAL,,CFPERF01812,+256710001812,perf.01812+uat@example.invalid,false
Perf01813,Load01813,1973-02-05,FEMALE,PRINCIPAL,,CFPERF01813,+256710001813,perf.01813+uat@example.invalid,false
Perf01814,Load01814,1974-03-06,OTHER,PRINCIPAL,,CFPERF01814,+256710001814,perf.01814+uat@example.invalid,false
Perf01815,Load01815,1975-04-07,MALE,PRINCIPAL,,CFPERF01815,+256710001815,perf.01815+uat@example.invalid,false
Perf01816,Load01816,1976-05-08,FEMALE,PRINCIPAL,,CFPERF01816,+256710001816,perf.01816+uat@example.invalid,false
Perf01817,Load01817,1977-06-09,OTHER,PRINCIPAL,,CFPERF01817,+256710001817,perf.01817+uat@example.invalid,false
Perf01818,Load01818,1978-07-10,MALE,PRINCIPAL,,CFPERF01818,+256710001818,perf.01818+uat@example.invalid,false
Perf01819,Load01819,1979-08-11,FEMALE,PRINCIPAL,,CFPERF01819,+256710001819,perf.01819+uat@example.invalid,false
Perf01820,Load01820,1980-09-12,OTHER,PRINCIPAL,,CFPERF01820,+256710001820,perf.01820+uat@example.invalid,false
Perf01821,Load01821,1981-10-13,MALE,PRINCIPAL,,CFPERF01821,+256710001821,perf.01821+uat@example.invalid,false
Perf01822,Load01822,1982-11-14,FEMALE,PRINCIPAL,,CFPERF01822,+256710001822,perf.01822+uat@example.invalid,false
Perf01823,Load01823,1983-12-15,OTHER,PRINCIPAL,,CFPERF01823,+256710001823,perf.01823+uat@example.invalid,false
Perf01824,Load01824,1984-01-16,MALE,PRINCIPAL,,CFPERF01824,+256710001824,perf.01824+uat@example.invalid,false
Perf01825,Load01825,1985-02-17,FEMALE,PRINCIPAL,,CFPERF01825,+256710001825,perf.01825+uat@example.invalid,false
Perf01826,Load01826,1986-03-18,OTHER,PRINCIPAL,,CFPERF01826,+256710001826,perf.01826+uat@example.invalid,false
Perf01827,Load01827,1987-04-19,MALE,PRINCIPAL,,CFPERF01827,+256710001827,perf.01827+uat@example.invalid,false
Perf01828,Load01828,1988-05-20,FEMALE,PRINCIPAL,,CFPERF01828,+256710001828,perf.01828+uat@example.invalid,false
Perf01829,Load01829,1989-06-21,OTHER,PRINCIPAL,,CFPERF01829,+256710001829,perf.01829+uat@example.invalid,false
Perf01830,Load01830,1990-07-22,MALE,PRINCIPAL,,CFPERF01830,+256710001830,perf.01830+uat@example.invalid,false
Perf01831,Load01831,1991-08-23,FEMALE,PRINCIPAL,,CFPERF01831,+256710001831,perf.01831+uat@example.invalid,false
Perf01832,Load01832,1992-09-24,OTHER,PRINCIPAL,,CFPERF01832,+256710001832,perf.01832+uat@example.invalid,false
Perf01833,Load01833,1993-10-25,MALE,PRINCIPAL,,CFPERF01833,+256710001833,perf.01833+uat@example.invalid,false
Perf01834,Load01834,1994-11-26,FEMALE,PRINCIPAL,,CFPERF01834,+256710001834,perf.01834+uat@example.invalid,false
Perf01835,Load01835,1995-12-27,OTHER,PRINCIPAL,,CFPERF01835,+256710001835,perf.01835+uat@example.invalid,false
Perf01836,Load01836,1996-01-01,MALE,PRINCIPAL,,CFPERF01836,+256710001836,perf.01836+uat@example.invalid,false
Perf01837,Load01837,1997-02-02,FEMALE,PRINCIPAL,,CFPERF01837,+256710001837,perf.01837+uat@example.invalid,false
Perf01838,Load01838,1998-03-03,OTHER,PRINCIPAL,,CFPERF01838,+256710001838,perf.01838+uat@example.invalid,false
Perf01839,Load01839,1999-04-04,MALE,PRINCIPAL,,CFPERF01839,+256710001839,perf.01839+uat@example.invalid,false
Perf01840,Load01840,2000-05-05,FEMALE,PRINCIPAL,,CFPERF01840,+256710001840,perf.01840+uat@example.invalid,false
Perf01841,Load01841,2001-06-06,OTHER,PRINCIPAL,,CFPERF01841,+256710001841,perf.01841+uat@example.invalid,false
Perf01842,Load01842,2002-07-07,MALE,PRINCIPAL,,CFPERF01842,+256710001842,perf.01842+uat@example.invalid,false
Perf01843,Load01843,2003-08-08,FEMALE,PRINCIPAL,,CFPERF01843,+256710001843,perf.01843+uat@example.invalid,false
Perf01844,Load01844,2004-09-09,OTHER,PRINCIPAL,,CFPERF01844,+256710001844,perf.01844+uat@example.invalid,false
Perf01845,Load01845,1960-10-10,MALE,PRINCIPAL,,CFPERF01845,+256710001845,perf.01845+uat@example.invalid,false
Perf01846,Load01846,1961-11-11,FEMALE,PRINCIPAL,,CFPERF01846,+256710001846,perf.01846+uat@example.invalid,false
Perf01847,Load01847,1962-12-12,OTHER,PRINCIPAL,,CFPERF01847,+256710001847,perf.01847+uat@example.invalid,false
Perf01848,Load01848,1963-01-13,MALE,PRINCIPAL,,CFPERF01848,+256710001848,perf.01848+uat@example.invalid,false
Perf01849,Load01849,1964-02-14,FEMALE,PRINCIPAL,,CFPERF01849,+256710001849,perf.01849+uat@example.invalid,false
Perf01850,Load01850,1965-03-15,OTHER,PRINCIPAL,,CFPERF01850,+256710001850,perf.01850+uat@example.invalid,false
Perf01851,Load01851,1966-04-16,MALE,PRINCIPAL,,CFPERF01851,+256710001851,perf.01851+uat@example.invalid,false
Perf01852,Load01852,1967-05-17,FEMALE,PRINCIPAL,,CFPERF01852,+256710001852,perf.01852+uat@example.invalid,false
Perf01853,Load01853,1968-06-18,OTHER,PRINCIPAL,,CFPERF01853,+256710001853,perf.01853+uat@example.invalid,false
Perf01854,Load01854,1969-07-19,MALE,PRINCIPAL,,CFPERF01854,+256710001854,perf.01854+uat@example.invalid,false
Perf01855,Load01855,1970-08-20,FEMALE,PRINCIPAL,,CFPERF01855,+256710001855,perf.01855+uat@example.invalid,false
Perf01856,Load01856,1971-09-21,OTHER,PRINCIPAL,,CFPERF01856,+256710001856,perf.01856+uat@example.invalid,false
Perf01857,Load01857,1972-10-22,MALE,PRINCIPAL,,CFPERF01857,+256710001857,perf.01857+uat@example.invalid,false
Perf01858,Load01858,1973-11-23,FEMALE,PRINCIPAL,,CFPERF01858,+256710001858,perf.01858+uat@example.invalid,false
Perf01859,Load01859,1974-12-24,OTHER,PRINCIPAL,,CFPERF01859,+256710001859,perf.01859+uat@example.invalid,false
Perf01860,Load01860,1975-01-25,MALE,PRINCIPAL,,CFPERF01860,+256710001860,perf.01860+uat@example.invalid,false
Perf01861,Load01861,1976-02-26,FEMALE,PRINCIPAL,,CFPERF01861,+256710001861,perf.01861+uat@example.invalid,false
Perf01862,Load01862,1977-03-27,OTHER,PRINCIPAL,,CFPERF01862,+256710001862,perf.01862+uat@example.invalid,false
Perf01863,Load01863,1978-04-01,MALE,PRINCIPAL,,CFPERF01863,+256710001863,perf.01863+uat@example.invalid,false
Perf01864,Load01864,1979-05-02,FEMALE,PRINCIPAL,,CFPERF01864,+256710001864,perf.01864+uat@example.invalid,false
Perf01865,Load01865,1980-06-03,OTHER,PRINCIPAL,,CFPERF01865,+256710001865,perf.01865+uat@example.invalid,false
Perf01866,Load01866,1981-07-04,MALE,PRINCIPAL,,CFPERF01866,+256710001866,perf.01866+uat@example.invalid,false
Perf01867,Load01867,1982-08-05,FEMALE,PRINCIPAL,,CFPERF01867,+256710001867,perf.01867+uat@example.invalid,false
Perf01868,Load01868,1983-09-06,OTHER,PRINCIPAL,,CFPERF01868,+256710001868,perf.01868+uat@example.invalid,false
Perf01869,Load01869,1984-10-07,MALE,PRINCIPAL,,CFPERF01869,+256710001869,perf.01869+uat@example.invalid,false
Perf01870,Load01870,1985-11-08,FEMALE,PRINCIPAL,,CFPERF01870,+256710001870,perf.01870+uat@example.invalid,false
Perf01871,Load01871,1986-12-09,OTHER,PRINCIPAL,,CFPERF01871,+256710001871,perf.01871+uat@example.invalid,false
Perf01872,Load01872,1987-01-10,MALE,PRINCIPAL,,CFPERF01872,+256710001872,perf.01872+uat@example.invalid,false
Perf01873,Load01873,1988-02-11,FEMALE,PRINCIPAL,,CFPERF01873,+256710001873,perf.01873+uat@example.invalid,false
Perf01874,Load01874,1989-03-12,OTHER,PRINCIPAL,,CFPERF01874,+256710001874,perf.01874+uat@example.invalid,false
Perf01875,Load01875,1990-04-13,MALE,PRINCIPAL,,CFPERF01875,+256710001875,perf.01875+uat@example.invalid,false
Perf01876,Load01876,1991-05-14,FEMALE,PRINCIPAL,,CFPERF01876,+256710001876,perf.01876+uat@example.invalid,false
Perf01877,Load01877,1992-06-15,OTHER,PRINCIPAL,,CFPERF01877,+256710001877,perf.01877+uat@example.invalid,false
Perf01878,Load01878,1993-07-16,MALE,PRINCIPAL,,CFPERF01878,+256710001878,perf.01878+uat@example.invalid,false
Perf01879,Load01879,1994-08-17,FEMALE,PRINCIPAL,,CFPERF01879,+256710001879,perf.01879+uat@example.invalid,false
Perf01880,Load01880,1995-09-18,OTHER,PRINCIPAL,,CFPERF01880,+256710001880,perf.01880+uat@example.invalid,false
Perf01881,Load01881,1996-10-19,MALE,PRINCIPAL,,CFPERF01881,+256710001881,perf.01881+uat@example.invalid,false
Perf01882,Load01882,1997-11-20,FEMALE,PRINCIPAL,,CFPERF01882,+256710001882,perf.01882+uat@example.invalid,false
Perf01883,Load01883,1998-12-21,OTHER,PRINCIPAL,,CFPERF01883,+256710001883,perf.01883+uat@example.invalid,false
Perf01884,Load01884,1999-01-22,MALE,PRINCIPAL,,CFPERF01884,+256710001884,perf.01884+uat@example.invalid,false
Perf01885,Load01885,2000-02-23,FEMALE,PRINCIPAL,,CFPERF01885,+256710001885,perf.01885+uat@example.invalid,false
Perf01886,Load01886,2001-03-24,OTHER,PRINCIPAL,,CFPERF01886,+256710001886,perf.01886+uat@example.invalid,false
Perf01887,Load01887,2002-04-25,MALE,PRINCIPAL,,CFPERF01887,+256710001887,perf.01887+uat@example.invalid,false
Perf01888,Load01888,2003-05-26,FEMALE,PRINCIPAL,,CFPERF01888,+256710001888,perf.01888+uat@example.invalid,false
Perf01889,Load01889,2004-06-27,OTHER,PRINCIPAL,,CFPERF01889,+256710001889,perf.01889+uat@example.invalid,false
Perf01890,Load01890,1960-07-01,MALE,PRINCIPAL,,CFPERF01890,+256710001890,perf.01890+uat@example.invalid,false
Perf01891,Load01891,1961-08-02,FEMALE,PRINCIPAL,,CFPERF01891,+256710001891,perf.01891+uat@example.invalid,false
Perf01892,Load01892,1962-09-03,OTHER,PRINCIPAL,,CFPERF01892,+256710001892,perf.01892+uat@example.invalid,false
Perf01893,Load01893,1963-10-04,MALE,PRINCIPAL,,CFPERF01893,+256710001893,perf.01893+uat@example.invalid,false
Perf01894,Load01894,1964-11-05,FEMALE,PRINCIPAL,,CFPERF01894,+256710001894,perf.01894+uat@example.invalid,false
Perf01895,Load01895,1965-12-06,OTHER,PRINCIPAL,,CFPERF01895,+256710001895,perf.01895+uat@example.invalid,false
Perf01896,Load01896,1966-01-07,MALE,PRINCIPAL,,CFPERF01896,+256710001896,perf.01896+uat@example.invalid,false
Perf01897,Load01897,1967-02-08,FEMALE,PRINCIPAL,,CFPERF01897,+256710001897,perf.01897+uat@example.invalid,false
Perf01898,Load01898,1968-03-09,OTHER,PRINCIPAL,,CFPERF01898,+256710001898,perf.01898+uat@example.invalid,false
Perf01899,Load01899,1969-04-10,MALE,PRINCIPAL,,CFPERF01899,+256710001899,perf.01899+uat@example.invalid,false
Perf01900,Load01900,1970-05-11,FEMALE,PRINCIPAL,,CFPERF01900,+256710001900,perf.01900+uat@example.invalid,false
Perf01901,Load01901,1971-06-12,OTHER,PRINCIPAL,,CFPERF01901,+256710001901,perf.01901+uat@example.invalid,false
Perf01902,Load01902,1972-07-13,MALE,PRINCIPAL,,CFPERF01902,+256710001902,perf.01902+uat@example.invalid,false
Perf01903,Load01903,1973-08-14,FEMALE,PRINCIPAL,,CFPERF01903,+256710001903,perf.01903+uat@example.invalid,false
Perf01904,Load01904,1974-09-15,OTHER,PRINCIPAL,,CFPERF01904,+256710001904,perf.01904+uat@example.invalid,false
Perf01905,Load01905,1975-10-16,MALE,PRINCIPAL,,CFPERF01905,+256710001905,perf.01905+uat@example.invalid,false
Perf01906,Load01906,1976-11-17,FEMALE,PRINCIPAL,,CFPERF01906,+256710001906,perf.01906+uat@example.invalid,false
Perf01907,Load01907,1977-12-18,OTHER,PRINCIPAL,,CFPERF01907,+256710001907,perf.01907+uat@example.invalid,false
Perf01908,Load01908,1978-01-19,MALE,PRINCIPAL,,CFPERF01908,+256710001908,perf.01908+uat@example.invalid,false
Perf01909,Load01909,1979-02-20,FEMALE,PRINCIPAL,,CFPERF01909,+256710001909,perf.01909+uat@example.invalid,false
Perf01910,Load01910,1980-03-21,OTHER,PRINCIPAL,,CFPERF01910,+256710001910,perf.01910+uat@example.invalid,false
Perf01911,Load01911,1981-04-22,MALE,PRINCIPAL,,CFPERF01911,+256710001911,perf.01911+uat@example.invalid,false
Perf01912,Load01912,1982-05-23,FEMALE,PRINCIPAL,,CFPERF01912,+256710001912,perf.01912+uat@example.invalid,false
Perf01913,Load01913,1983-06-24,OTHER,PRINCIPAL,,CFPERF01913,+256710001913,perf.01913+uat@example.invalid,false
Perf01914,Load01914,1984-07-25,MALE,PRINCIPAL,,CFPERF01914,+256710001914,perf.01914+uat@example.invalid,false
Perf01915,Load01915,1985-08-26,FEMALE,PRINCIPAL,,CFPERF01915,+256710001915,perf.01915+uat@example.invalid,false
Perf01916,Load01916,1986-09-27,OTHER,PRINCIPAL,,CFPERF01916,+256710001916,perf.01916+uat@example.invalid,false
Perf01917,Load01917,1987-10-01,MALE,PRINCIPAL,,CFPERF01917,+256710001917,perf.01917+uat@example.invalid,false
Perf01918,Load01918,1988-11-02,FEMALE,PRINCIPAL,,CFPERF01918,+256710001918,perf.01918+uat@example.invalid,false
Perf01919,Load01919,1989-12-03,OTHER,PRINCIPAL,,CFPERF01919,+256710001919,perf.01919+uat@example.invalid,false
Perf01920,Load01920,1990-01-04,MALE,PRINCIPAL,,CFPERF01920,+256710001920,perf.01920+uat@example.invalid,false
Perf01921,Load01921,1991-02-05,FEMALE,PRINCIPAL,,CFPERF01921,+256710001921,perf.01921+uat@example.invalid,false
Perf01922,Load01922,1992-03-06,OTHER,PRINCIPAL,,CFPERF01922,+256710001922,perf.01922+uat@example.invalid,false
Perf01923,Load01923,1993-04-07,MALE,PRINCIPAL,,CFPERF01923,+256710001923,perf.01923+uat@example.invalid,false
Perf01924,Load01924,1994-05-08,FEMALE,PRINCIPAL,,CFPERF01924,+256710001924,perf.01924+uat@example.invalid,false
Perf01925,Load01925,1995-06-09,OTHER,PRINCIPAL,,CFPERF01925,+256710001925,perf.01925+uat@example.invalid,false
Perf01926,Load01926,1996-07-10,MALE,PRINCIPAL,,CFPERF01926,+256710001926,perf.01926+uat@example.invalid,false
Perf01927,Load01927,1997-08-11,FEMALE,PRINCIPAL,,CFPERF01927,+256710001927,perf.01927+uat@example.invalid,false
Perf01928,Load01928,1998-09-12,OTHER,PRINCIPAL,,CFPERF01928,+256710001928,perf.01928+uat@example.invalid,false
Perf01929,Load01929,1999-10-13,MALE,PRINCIPAL,,CFPERF01929,+256710001929,perf.01929+uat@example.invalid,false
Perf01930,Load01930,2000-11-14,FEMALE,PRINCIPAL,,CFPERF01930,+256710001930,perf.01930+uat@example.invalid,false
Perf01931,Load01931,2001-12-15,OTHER,PRINCIPAL,,CFPERF01931,+256710001931,perf.01931+uat@example.invalid,false
Perf01932,Load01932,2002-01-16,MALE,PRINCIPAL,,CFPERF01932,+256710001932,perf.01932+uat@example.invalid,false
Perf01933,Load01933,2003-02-17,FEMALE,PRINCIPAL,,CFPERF01933,+256710001933,perf.01933+uat@example.invalid,false
Perf01934,Load01934,2004-03-18,OTHER,PRINCIPAL,,CFPERF01934,+256710001934,perf.01934+uat@example.invalid,false
Perf01935,Load01935,1960-04-19,MALE,PRINCIPAL,,CFPERF01935,+256710001935,perf.01935+uat@example.invalid,false
Perf01936,Load01936,1961-05-20,FEMALE,PRINCIPAL,,CFPERF01936,+256710001936,perf.01936+uat@example.invalid,false
Perf01937,Load01937,1962-06-21,OTHER,PRINCIPAL,,CFPERF01937,+256710001937,perf.01937+uat@example.invalid,false
Perf01938,Load01938,1963-07-22,MALE,PRINCIPAL,,CFPERF01938,+256710001938,perf.01938+uat@example.invalid,false
Perf01939,Load01939,1964-08-23,FEMALE,PRINCIPAL,,CFPERF01939,+256710001939,perf.01939+uat@example.invalid,false
Perf01940,Load01940,1965-09-24,OTHER,PRINCIPAL,,CFPERF01940,+256710001940,perf.01940+uat@example.invalid,false
Perf01941,Load01941,1966-10-25,MALE,PRINCIPAL,,CFPERF01941,+256710001941,perf.01941+uat@example.invalid,false
Perf01942,Load01942,1967-11-26,FEMALE,PRINCIPAL,,CFPERF01942,+256710001942,perf.01942+uat@example.invalid,false
Perf01943,Load01943,1968-12-27,OTHER,PRINCIPAL,,CFPERF01943,+256710001943,perf.01943+uat@example.invalid,false
Perf01944,Load01944,1969-01-01,MALE,PRINCIPAL,,CFPERF01944,+256710001944,perf.01944+uat@example.invalid,false
Perf01945,Load01945,1970-02-02,FEMALE,PRINCIPAL,,CFPERF01945,+256710001945,perf.01945+uat@example.invalid,false
Perf01946,Load01946,1971-03-03,OTHER,PRINCIPAL,,CFPERF01946,+256710001946,perf.01946+uat@example.invalid,false
Perf01947,Load01947,1972-04-04,MALE,PRINCIPAL,,CFPERF01947,+256710001947,perf.01947+uat@example.invalid,false
Perf01948,Load01948,1973-05-05,FEMALE,PRINCIPAL,,CFPERF01948,+256710001948,perf.01948+uat@example.invalid,false
Perf01949,Load01949,1974-06-06,OTHER,PRINCIPAL,,CFPERF01949,+256710001949,perf.01949+uat@example.invalid,false
Perf01950,Load01950,1975-07-07,MALE,PRINCIPAL,,CFPERF01950,+256710001950,perf.01950+uat@example.invalid,false
Perf01951,Load01951,1976-08-08,FEMALE,PRINCIPAL,,CFPERF01951,+256710001951,perf.01951+uat@example.invalid,false
Perf01952,Load01952,1977-09-09,OTHER,PRINCIPAL,,CFPERF01952,+256710001952,perf.01952+uat@example.invalid,false
Perf01953,Load01953,1978-10-10,MALE,PRINCIPAL,,CFPERF01953,+256710001953,perf.01953+uat@example.invalid,false
Perf01954,Load01954,1979-11-11,FEMALE,PRINCIPAL,,CFPERF01954,+256710001954,perf.01954+uat@example.invalid,false
Perf01955,Load01955,1980-12-12,OTHER,PRINCIPAL,,CFPERF01955,+256710001955,perf.01955+uat@example.invalid,false
Perf01956,Load01956,1981-01-13,MALE,PRINCIPAL,,CFPERF01956,+256710001956,perf.01956+uat@example.invalid,false
Perf01957,Load01957,1982-02-14,FEMALE,PRINCIPAL,,CFPERF01957,+256710001957,perf.01957+uat@example.invalid,false
Perf01958,Load01958,1983-03-15,OTHER,PRINCIPAL,,CFPERF01958,+256710001958,perf.01958+uat@example.invalid,false
Perf01959,Load01959,1984-04-16,MALE,PRINCIPAL,,CFPERF01959,+256710001959,perf.01959+uat@example.invalid,false
Perf01960,Load01960,1985-05-17,FEMALE,PRINCIPAL,,CFPERF01960,+256710001960,perf.01960+uat@example.invalid,false
Perf01961,Load01961,1986-06-18,OTHER,PRINCIPAL,,CFPERF01961,+256710001961,perf.01961+uat@example.invalid,false
Perf01962,Load01962,1987-07-19,MALE,PRINCIPAL,,CFPERF01962,+256710001962,perf.01962+uat@example.invalid,false
Perf01963,Load01963,1988-08-20,FEMALE,PRINCIPAL,,CFPERF01963,+256710001963,perf.01963+uat@example.invalid,false
Perf01964,Load01964,1989-09-21,OTHER,PRINCIPAL,,CFPERF01964,+256710001964,perf.01964+uat@example.invalid,false
Perf01965,Load01965,1990-10-22,MALE,PRINCIPAL,,CFPERF01965,+256710001965,perf.01965+uat@example.invalid,false
Perf01966,Load01966,1991-11-23,FEMALE,PRINCIPAL,,CFPERF01966,+256710001966,perf.01966+uat@example.invalid,false
Perf01967,Load01967,1992-12-24,OTHER,PRINCIPAL,,CFPERF01967,+256710001967,perf.01967+uat@example.invalid,false
Perf01968,Load01968,1993-01-25,MALE,PRINCIPAL,,CFPERF01968,+256710001968,perf.01968+uat@example.invalid,false
Perf01969,Load01969,1994-02-26,FEMALE,PRINCIPAL,,CFPERF01969,+256710001969,perf.01969+uat@example.invalid,false
Perf01970,Load01970,1995-03-27,OTHER,PRINCIPAL,,CFPERF01970,+256710001970,perf.01970+uat@example.invalid,false
Perf01971,Load01971,1996-04-01,MALE,PRINCIPAL,,CFPERF01971,+256710001971,perf.01971+uat@example.invalid,false
Perf01972,Load01972,1997-05-02,FEMALE,PRINCIPAL,,CFPERF01972,+256710001972,perf.01972+uat@example.invalid,false
Perf01973,Load01973,1998-06-03,OTHER,PRINCIPAL,,CFPERF01973,+256710001973,perf.01973+uat@example.invalid,false
Perf01974,Load01974,1999-07-04,MALE,PRINCIPAL,,CFPERF01974,+256710001974,perf.01974+uat@example.invalid,false
Perf01975,Load01975,2000-08-05,FEMALE,PRINCIPAL,,CFPERF01975,+256710001975,perf.01975+uat@example.invalid,false
Perf01976,Load01976,2001-09-06,OTHER,PRINCIPAL,,CFPERF01976,+256710001976,perf.01976+uat@example.invalid,false
Perf01977,Load01977,2002-10-07,MALE,PRINCIPAL,,CFPERF01977,+256710001977,perf.01977+uat@example.invalid,false
Perf01978,Load01978,2003-11-08,FEMALE,PRINCIPAL,,CFPERF01978,+256710001978,perf.01978+uat@example.invalid,false
Perf01979,Load01979,2004-12-09,OTHER,PRINCIPAL,,CFPERF01979,+256710001979,perf.01979+uat@example.invalid,false
Perf01980,Load01980,1960-01-10,MALE,PRINCIPAL,,CFPERF01980,+256710001980,perf.01980+uat@example.invalid,false
Perf01981,Load01981,1961-02-11,FEMALE,PRINCIPAL,,CFPERF01981,+256710001981,perf.01981+uat@example.invalid,false
Perf01982,Load01982,1962-03-12,OTHER,PRINCIPAL,,CFPERF01982,+256710001982,perf.01982+uat@example.invalid,false
Perf01983,Load01983,1963-04-13,MALE,PRINCIPAL,,CFPERF01983,+256710001983,perf.01983+uat@example.invalid,false
Perf01984,Load01984,1964-05-14,FEMALE,PRINCIPAL,,CFPERF01984,+256710001984,perf.01984+uat@example.invalid,false
Perf01985,Load01985,1965-06-15,OTHER,PRINCIPAL,,CFPERF01985,+256710001985,perf.01985+uat@example.invalid,false
Perf01986,Load01986,1966-07-16,MALE,PRINCIPAL,,CFPERF01986,+256710001986,perf.01986+uat@example.invalid,false
Perf01987,Load01987,1967-08-17,FEMALE,PRINCIPAL,,CFPERF01987,+256710001987,perf.01987+uat@example.invalid,false
Perf01988,Load01988,1968-09-18,OTHER,PRINCIPAL,,CFPERF01988,+256710001988,perf.01988+uat@example.invalid,false
Perf01989,Load01989,1969-10-19,MALE,PRINCIPAL,,CFPERF01989,+256710001989,perf.01989+uat@example.invalid,false
Perf01990,Load01990,1970-11-20,FEMALE,PRINCIPAL,,CFPERF01990,+256710001990,perf.01990+uat@example.invalid,false
Perf01991,Load01991,1971-12-21,OTHER,PRINCIPAL,,CFPERF01991,+256710001991,perf.01991+uat@example.invalid,false
Perf01992,Load01992,1972-01-22,MALE,PRINCIPAL,,CFPERF01992,+256710001992,perf.01992+uat@example.invalid,false
Perf01993,Load01993,1973-02-23,FEMALE,PRINCIPAL,,CFPERF01993,+256710001993,perf.01993+uat@example.invalid,false
Perf01994,Load01994,1974-03-24,OTHER,PRINCIPAL,,CFPERF01994,+256710001994,perf.01994+uat@example.invalid,false
Perf01995,Load01995,1975-04-25,MALE,PRINCIPAL,,CFPERF01995,+256710001995,perf.01995+uat@example.invalid,false
Perf01996,Load01996,1976-05-26,FEMALE,PRINCIPAL,,CFPERF01996,+256710001996,perf.01996+uat@example.invalid,false
Perf01997,Load01997,1977-06-27,OTHER,PRINCIPAL,,CFPERF01997,+256710001997,perf.01997+uat@example.invalid,false
Perf01998,Load01998,1978-07-01,MALE,PRINCIPAL,,CFPERF01998,+256710001998,perf.01998+uat@example.invalid,false
Perf01999,Load01999,1979-08-02,FEMALE,PRINCIPAL,,CFPERF01999,+256710001999,perf.01999+uat@example.invalid,false
Perf02000,Load02000,1980-09-03,OTHER,PRINCIPAL,,CFPERF02000,+256710002000,perf.02000+uat@example.invalid,false
Perf02001,Load02001,1981-10-04,MALE,PRINCIPAL,,CFPERF02001,+256710002001,perf.02001+uat@example.invalid,false
Perf02002,Load02002,1982-11-05,FEMALE,PRINCIPAL,,CFPERF02002,+256710002002,perf.02002+uat@example.invalid,false
Perf02003,Load02003,1983-12-06,OTHER,PRINCIPAL,,CFPERF02003,+256710002003,perf.02003+uat@example.invalid,false
Perf02004,Load02004,1984-01-07,MALE,PRINCIPAL,,CFPERF02004,+256710002004,perf.02004+uat@example.invalid,false
Perf02005,Load02005,1985-02-08,FEMALE,PRINCIPAL,,CFPERF02005,+256710002005,perf.02005+uat@example.invalid,false
Perf02006,Load02006,1986-03-09,OTHER,PRINCIPAL,,CFPERF02006,+256710002006,perf.02006+uat@example.invalid,false
Perf02007,Load02007,1987-04-10,MALE,PRINCIPAL,,CFPERF02007,+256710002007,perf.02007+uat@example.invalid,false
Perf02008,Load02008,1988-05-11,FEMALE,PRINCIPAL,,CFPERF02008,+256710002008,perf.02008+uat@example.invalid,false
Perf02009,Load02009,1989-06-12,OTHER,PRINCIPAL,,CFPERF02009,+256710002009,perf.02009+uat@example.invalid,false
Perf02010,Load02010,1990-07-13,MALE,PRINCIPAL,,CFPERF02010,+256710002010,perf.02010+uat@example.invalid,false
Perf02011,Load02011,1991-08-14,FEMALE,PRINCIPAL,,CFPERF02011,+256710002011,perf.02011+uat@example.invalid,false
Perf02012,Load02012,1992-09-15,OTHER,PRINCIPAL,,CFPERF02012,+256710002012,perf.02012+uat@example.invalid,false
Perf02013,Load02013,1993-10-16,MALE,PRINCIPAL,,CFPERF02013,+256710002013,perf.02013+uat@example.invalid,false
Perf02014,Load02014,1994-11-17,FEMALE,PRINCIPAL,,CFPERF02014,+256710002014,perf.02014+uat@example.invalid,false
Perf02015,Load02015,1995-12-18,OTHER,PRINCIPAL,,CFPERF02015,+256710002015,perf.02015+uat@example.invalid,false
Perf02016,Load02016,1996-01-19,MALE,PRINCIPAL,,CFPERF02016,+256710002016,perf.02016+uat@example.invalid,false
Perf02017,Load02017,1997-02-20,FEMALE,PRINCIPAL,,CFPERF02017,+256710002017,perf.02017+uat@example.invalid,false
Perf02018,Load02018,1998-03-21,OTHER,PRINCIPAL,,CFPERF02018,+256710002018,perf.02018+uat@example.invalid,false
Perf02019,Load02019,1999-04-22,MALE,PRINCIPAL,,CFPERF02019,+256710002019,perf.02019+uat@example.invalid,false
Perf02020,Load02020,2000-05-23,FEMALE,PRINCIPAL,,CFPERF02020,+256710002020,perf.02020+uat@example.invalid,false
Perf02021,Load02021,2001-06-24,OTHER,PRINCIPAL,,CFPERF02021,+256710002021,perf.02021+uat@example.invalid,false
Perf02022,Load02022,2002-07-25,MALE,PRINCIPAL,,CFPERF02022,+256710002022,perf.02022+uat@example.invalid,false
Perf02023,Load02023,2003-08-26,FEMALE,PRINCIPAL,,CFPERF02023,+256710002023,perf.02023+uat@example.invalid,false
Perf02024,Load02024,2004-09-27,OTHER,PRINCIPAL,,CFPERF02024,+256710002024,perf.02024+uat@example.invalid,false
Perf02025,Load02025,1960-10-01,MALE,PRINCIPAL,,CFPERF02025,+256710002025,perf.02025+uat@example.invalid,false
Perf02026,Load02026,1961-11-02,FEMALE,PRINCIPAL,,CFPERF02026,+256710002026,perf.02026+uat@example.invalid,false
Perf02027,Load02027,1962-12-03,OTHER,PRINCIPAL,,CFPERF02027,+256710002027,perf.02027+uat@example.invalid,false
Perf02028,Load02028,1963-01-04,MALE,PRINCIPAL,,CFPERF02028,+256710002028,perf.02028+uat@example.invalid,false
Perf02029,Load02029,1964-02-05,FEMALE,PRINCIPAL,,CFPERF02029,+256710002029,perf.02029+uat@example.invalid,false
Perf02030,Load02030,1965-03-06,OTHER,PRINCIPAL,,CFPERF02030,+256710002030,perf.02030+uat@example.invalid,false
Perf02031,Load02031,1966-04-07,MALE,PRINCIPAL,,CFPERF02031,+256710002031,perf.02031+uat@example.invalid,false
Perf02032,Load02032,1967-05-08,FEMALE,PRINCIPAL,,CFPERF02032,+256710002032,perf.02032+uat@example.invalid,false
Perf02033,Load02033,1968-06-09,OTHER,PRINCIPAL,,CFPERF02033,+256710002033,perf.02033+uat@example.invalid,false
Perf02034,Load02034,1969-07-10,MALE,PRINCIPAL,,CFPERF02034,+256710002034,perf.02034+uat@example.invalid,false
Perf02035,Load02035,1970-08-11,FEMALE,PRINCIPAL,,CFPERF02035,+256710002035,perf.02035+uat@example.invalid,false
Perf02036,Load02036,1971-09-12,OTHER,PRINCIPAL,,CFPERF02036,+256710002036,perf.02036+uat@example.invalid,false
Perf02037,Load02037,1972-10-13,MALE,PRINCIPAL,,CFPERF02037,+256710002037,perf.02037+uat@example.invalid,false
Perf02038,Load02038,1973-11-14,FEMALE,PRINCIPAL,,CFPERF02038,+256710002038,perf.02038+uat@example.invalid,false
Perf02039,Load02039,1974-12-15,OTHER,PRINCIPAL,,CFPERF02039,+256710002039,perf.02039+uat@example.invalid,false
Perf02040,Load02040,1975-01-16,MALE,PRINCIPAL,,CFPERF02040,+256710002040,perf.02040+uat@example.invalid,false
Perf02041,Load02041,1976-02-17,FEMALE,PRINCIPAL,,CFPERF02041,+256710002041,perf.02041+uat@example.invalid,false
Perf02042,Load02042,1977-03-18,OTHER,PRINCIPAL,,CFPERF02042,+256710002042,perf.02042+uat@example.invalid,false
Perf02043,Load02043,1978-04-19,MALE,PRINCIPAL,,CFPERF02043,+256710002043,perf.02043+uat@example.invalid,false
Perf02044,Load02044,1979-05-20,FEMALE,PRINCIPAL,,CFPERF02044,+256710002044,perf.02044+uat@example.invalid,false
Perf02045,Load02045,1980-06-21,OTHER,PRINCIPAL,,CFPERF02045,+256710002045,perf.02045+uat@example.invalid,false
Perf02046,Load02046,1981-07-22,MALE,PRINCIPAL,,CFPERF02046,+256710002046,perf.02046+uat@example.invalid,false
Perf02047,Load02047,1982-08-23,FEMALE,PRINCIPAL,,CFPERF02047,+256710002047,perf.02047+uat@example.invalid,false
Perf02048,Load02048,1983-09-24,OTHER,PRINCIPAL,,CFPERF02048,+256710002048,perf.02048+uat@example.invalid,false
Perf02049,Load02049,1984-10-25,MALE,PRINCIPAL,,CFPERF02049,+256710002049,perf.02049+uat@example.invalid,false
Perf02050,Load02050,1985-11-26,FEMALE,PRINCIPAL,,CFPERF02050,+256710002050,perf.02050+uat@example.invalid,false
Perf02051,Load02051,1986-12-27,OTHER,PRINCIPAL,,CFPERF02051,+256710002051,perf.02051+uat@example.invalid,false
Perf02052,Load02052,1987-01-01,MALE,PRINCIPAL,,CFPERF02052,+256710002052,perf.02052+uat@example.invalid,false
Perf02053,Load02053,1988-02-02,FEMALE,PRINCIPAL,,CFPERF02053,+256710002053,perf.02053+uat@example.invalid,false
Perf02054,Load02054,1989-03-03,OTHER,PRINCIPAL,,CFPERF02054,+256710002054,perf.02054+uat@example.invalid,false
Perf02055,Load02055,1990-04-04,MALE,PRINCIPAL,,CFPERF02055,+256710002055,perf.02055+uat@example.invalid,false
Perf02056,Load02056,1991-05-05,FEMALE,PRINCIPAL,,CFPERF02056,+256710002056,perf.02056+uat@example.invalid,false
Perf02057,Load02057,1992-06-06,OTHER,PRINCIPAL,,CFPERF02057,+256710002057,perf.02057+uat@example.invalid,false
Perf02058,Load02058,1993-07-07,MALE,PRINCIPAL,,CFPERF02058,+256710002058,perf.02058+uat@example.invalid,false
Perf02059,Load02059,1994-08-08,FEMALE,PRINCIPAL,,CFPERF02059,+256710002059,perf.02059+uat@example.invalid,false
Perf02060,Load02060,1995-09-09,OTHER,PRINCIPAL,,CFPERF02060,+256710002060,perf.02060+uat@example.invalid,false
Perf02061,Load02061,1996-10-10,MALE,PRINCIPAL,,CFPERF02061,+256710002061,perf.02061+uat@example.invalid,false
Perf02062,Load02062,1997-11-11,FEMALE,PRINCIPAL,,CFPERF02062,+256710002062,perf.02062+uat@example.invalid,false
Perf02063,Load02063,1998-12-12,OTHER,PRINCIPAL,,CFPERF02063,+256710002063,perf.02063+uat@example.invalid,false
Perf02064,Load02064,1999-01-13,MALE,PRINCIPAL,,CFPERF02064,+256710002064,perf.02064+uat@example.invalid,false
Perf02065,Load02065,2000-02-14,FEMALE,PRINCIPAL,,CFPERF02065,+256710002065,perf.02065+uat@example.invalid,false
Perf02066,Load02066,2001-03-15,OTHER,PRINCIPAL,,CFPERF02066,+256710002066,perf.02066+uat@example.invalid,false
Perf02067,Load02067,2002-04-16,MALE,PRINCIPAL,,CFPERF02067,+256710002067,perf.02067+uat@example.invalid,false
Perf02068,Load02068,2003-05-17,FEMALE,PRINCIPAL,,CFPERF02068,+256710002068,perf.02068+uat@example.invalid,false
Perf02069,Load02069,2004-06-18,OTHER,PRINCIPAL,,CFPERF02069,+256710002069,perf.02069+uat@example.invalid,false
Perf02070,Load02070,1960-07-19,MALE,PRINCIPAL,,CFPERF02070,+256710002070,perf.02070+uat@example.invalid,false
Perf02071,Load02071,1961-08-20,FEMALE,PRINCIPAL,,CFPERF02071,+256710002071,perf.02071+uat@example.invalid,false
Perf02072,Load02072,1962-09-21,OTHER,PRINCIPAL,,CFPERF02072,+256710002072,perf.02072+uat@example.invalid,false
Perf02073,Load02073,1963-10-22,MALE,PRINCIPAL,,CFPERF02073,+256710002073,perf.02073+uat@example.invalid,false
Perf02074,Load02074,1964-11-23,FEMALE,PRINCIPAL,,CFPERF02074,+256710002074,perf.02074+uat@example.invalid,false
Perf02075,Load02075,1965-12-24,OTHER,PRINCIPAL,,CFPERF02075,+256710002075,perf.02075+uat@example.invalid,false
Perf02076,Load02076,1966-01-25,MALE,PRINCIPAL,,CFPERF02076,+256710002076,perf.02076+uat@example.invalid,false
Perf02077,Load02077,1967-02-26,FEMALE,PRINCIPAL,,CFPERF02077,+256710002077,perf.02077+uat@example.invalid,false
Perf02078,Load02078,1968-03-27,OTHER,PRINCIPAL,,CFPERF02078,+256710002078,perf.02078+uat@example.invalid,false
Perf02079,Load02079,1969-04-01,MALE,PRINCIPAL,,CFPERF02079,+256710002079,perf.02079+uat@example.invalid,false
Perf02080,Load02080,1970-05-02,FEMALE,PRINCIPAL,,CFPERF02080,+256710002080,perf.02080+uat@example.invalid,false
Perf02081,Load02081,1971-06-03,OTHER,PRINCIPAL,,CFPERF02081,+256710002081,perf.02081+uat@example.invalid,false
Perf02082,Load02082,1972-07-04,MALE,PRINCIPAL,,CFPERF02082,+256710002082,perf.02082+uat@example.invalid,false
Perf02083,Load02083,1973-08-05,FEMALE,PRINCIPAL,,CFPERF02083,+256710002083,perf.02083+uat@example.invalid,false
Perf02084,Load02084,1974-09-06,OTHER,PRINCIPAL,,CFPERF02084,+256710002084,perf.02084+uat@example.invalid,false
Perf02085,Load02085,1975-10-07,MALE,PRINCIPAL,,CFPERF02085,+256710002085,perf.02085+uat@example.invalid,false
Perf02086,Load02086,1976-11-08,FEMALE,PRINCIPAL,,CFPERF02086,+256710002086,perf.02086+uat@example.invalid,false
Perf02087,Load02087,1977-12-09,OTHER,PRINCIPAL,,CFPERF02087,+256710002087,perf.02087+uat@example.invalid,false
Perf02088,Load02088,1978-01-10,MALE,PRINCIPAL,,CFPERF02088,+256710002088,perf.02088+uat@example.invalid,false
Perf02089,Load02089,1979-02-11,FEMALE,PRINCIPAL,,CFPERF02089,+256710002089,perf.02089+uat@example.invalid,false
Perf02090,Load02090,1980-03-12,OTHER,PRINCIPAL,,CFPERF02090,+256710002090,perf.02090+uat@example.invalid,false
Perf02091,Load02091,1981-04-13,MALE,PRINCIPAL,,CFPERF02091,+256710002091,perf.02091+uat@example.invalid,false
Perf02092,Load02092,1982-05-14,FEMALE,PRINCIPAL,,CFPERF02092,+256710002092,perf.02092+uat@example.invalid,false
Perf02093,Load02093,1983-06-15,OTHER,PRINCIPAL,,CFPERF02093,+256710002093,perf.02093+uat@example.invalid,false
Perf02094,Load02094,1984-07-16,MALE,PRINCIPAL,,CFPERF02094,+256710002094,perf.02094+uat@example.invalid,false
Perf02095,Load02095,1985-08-17,FEMALE,PRINCIPAL,,CFPERF02095,+256710002095,perf.02095+uat@example.invalid,false
Perf02096,Load02096,1986-09-18,OTHER,PRINCIPAL,,CFPERF02096,+256710002096,perf.02096+uat@example.invalid,false
Perf02097,Load02097,1987-10-19,MALE,PRINCIPAL,,CFPERF02097,+256710002097,perf.02097+uat@example.invalid,false
Perf02098,Load02098,1988-11-20,FEMALE,PRINCIPAL,,CFPERF02098,+256710002098,perf.02098+uat@example.invalid,false
Perf02099,Load02099,1989-12-21,OTHER,PRINCIPAL,,CFPERF02099,+256710002099,perf.02099+uat@example.invalid,false
Perf02100,Load02100,1990-01-22,MALE,PRINCIPAL,,CFPERF02100,+256710002100,perf.02100+uat@example.invalid,false
Perf02101,Load02101,1991-02-23,FEMALE,PRINCIPAL,,CFPERF02101,+256710002101,perf.02101+uat@example.invalid,false
Perf02102,Load02102,1992-03-24,OTHER,PRINCIPAL,,CFPERF02102,+256710002102,perf.02102+uat@example.invalid,false
Perf02103,Load02103,1993-04-25,MALE,PRINCIPAL,,CFPERF02103,+256710002103,perf.02103+uat@example.invalid,false
Perf02104,Load02104,1994-05-26,FEMALE,PRINCIPAL,,CFPERF02104,+256710002104,perf.02104+uat@example.invalid,false
Perf02105,Load02105,1995-06-27,OTHER,PRINCIPAL,,CFPERF02105,+256710002105,perf.02105+uat@example.invalid,false
Perf02106,Load02106,1996-07-01,MALE,PRINCIPAL,,CFPERF02106,+256710002106,perf.02106+uat@example.invalid,false
Perf02107,Load02107,1997-08-02,FEMALE,PRINCIPAL,,CFPERF02107,+256710002107,perf.02107+uat@example.invalid,false
Perf02108,Load02108,1998-09-03,OTHER,PRINCIPAL,,CFPERF02108,+256710002108,perf.02108+uat@example.invalid,false
Perf02109,Load02109,1999-10-04,MALE,PRINCIPAL,,CFPERF02109,+256710002109,perf.02109+uat@example.invalid,false
Perf02110,Load02110,2000-11-05,FEMALE,PRINCIPAL,,CFPERF02110,+256710002110,perf.02110+uat@example.invalid,false
Perf02111,Load02111,2001-12-06,OTHER,PRINCIPAL,,CFPERF02111,+256710002111,perf.02111+uat@example.invalid,false
Perf02112,Load02112,2002-01-07,MALE,PRINCIPAL,,CFPERF02112,+256710002112,perf.02112+uat@example.invalid,false
Perf02113,Load02113,2003-02-08,FEMALE,PRINCIPAL,,CFPERF02113,+256710002113,perf.02113+uat@example.invalid,false
Perf02114,Load02114,2004-03-09,OTHER,PRINCIPAL,,CFPERF02114,+256710002114,perf.02114+uat@example.invalid,false
Perf02115,Load02115,1960-04-10,MALE,PRINCIPAL,,CFPERF02115,+256710002115,perf.02115+uat@example.invalid,false
Perf02116,Load02116,1961-05-11,FEMALE,PRINCIPAL,,CFPERF02116,+256710002116,perf.02116+uat@example.invalid,false
Perf02117,Load02117,1962-06-12,OTHER,PRINCIPAL,,CFPERF02117,+256710002117,perf.02117+uat@example.invalid,false
Perf02118,Load02118,1963-07-13,MALE,PRINCIPAL,,CFPERF02118,+256710002118,perf.02118+uat@example.invalid,false
Perf02119,Load02119,1964-08-14,FEMALE,PRINCIPAL,,CFPERF02119,+256710002119,perf.02119+uat@example.invalid,false
Perf02120,Load02120,1965-09-15,OTHER,PRINCIPAL,,CFPERF02120,+256710002120,perf.02120+uat@example.invalid,false
Perf02121,Load02121,1966-10-16,MALE,PRINCIPAL,,CFPERF02121,+256710002121,perf.02121+uat@example.invalid,false
Perf02122,Load02122,1967-11-17,FEMALE,PRINCIPAL,,CFPERF02122,+256710002122,perf.02122+uat@example.invalid,false
Perf02123,Load02123,1968-12-18,OTHER,PRINCIPAL,,CFPERF02123,+256710002123,perf.02123+uat@example.invalid,false
Perf02124,Load02124,1969-01-19,MALE,PRINCIPAL,,CFPERF02124,+256710002124,perf.02124+uat@example.invalid,false
Perf02125,Load02125,1970-02-20,FEMALE,PRINCIPAL,,CFPERF02125,+256710002125,perf.02125+uat@example.invalid,false
Perf02126,Load02126,1971-03-21,OTHER,PRINCIPAL,,CFPERF02126,+256710002126,perf.02126+uat@example.invalid,false
Perf02127,Load02127,1972-04-22,MALE,PRINCIPAL,,CFPERF02127,+256710002127,perf.02127+uat@example.invalid,false
Perf02128,Load02128,1973-05-23,FEMALE,PRINCIPAL,,CFPERF02128,+256710002128,perf.02128+uat@example.invalid,false
Perf02129,Load02129,1974-06-24,OTHER,PRINCIPAL,,CFPERF02129,+256710002129,perf.02129+uat@example.invalid,false
Perf02130,Load02130,1975-07-25,MALE,PRINCIPAL,,CFPERF02130,+256710002130,perf.02130+uat@example.invalid,false
Perf02131,Load02131,1976-08-26,FEMALE,PRINCIPAL,,CFPERF02131,+256710002131,perf.02131+uat@example.invalid,false
Perf02132,Load02132,1977-09-27,OTHER,PRINCIPAL,,CFPERF02132,+256710002132,perf.02132+uat@example.invalid,false
Perf02133,Load02133,1978-10-01,MALE,PRINCIPAL,,CFPERF02133,+256710002133,perf.02133+uat@example.invalid,false
Perf02134,Load02134,1979-11-02,FEMALE,PRINCIPAL,,CFPERF02134,+256710002134,perf.02134+uat@example.invalid,false
Perf02135,Load02135,1980-12-03,OTHER,PRINCIPAL,,CFPERF02135,+256710002135,perf.02135+uat@example.invalid,false
Perf02136,Load02136,1981-01-04,MALE,PRINCIPAL,,CFPERF02136,+256710002136,perf.02136+uat@example.invalid,false
Perf02137,Load02137,1982-02-05,FEMALE,PRINCIPAL,,CFPERF02137,+256710002137,perf.02137+uat@example.invalid,false
Perf02138,Load02138,1983-03-06,OTHER,PRINCIPAL,,CFPERF02138,+256710002138,perf.02138+uat@example.invalid,false
Perf02139,Load02139,1984-04-07,MALE,PRINCIPAL,,CFPERF02139,+256710002139,perf.02139+uat@example.invalid,false
Perf02140,Load02140,1985-05-08,FEMALE,PRINCIPAL,,CFPERF02140,+256710002140,perf.02140+uat@example.invalid,false
Perf02141,Load02141,1986-06-09,OTHER,PRINCIPAL,,CFPERF02141,+256710002141,perf.02141+uat@example.invalid,false
Perf02142,Load02142,1987-07-10,MALE,PRINCIPAL,,CFPERF02142,+256710002142,perf.02142+uat@example.invalid,false
Perf02143,Load02143,1988-08-11,FEMALE,PRINCIPAL,,CFPERF02143,+256710002143,perf.02143+uat@example.invalid,false
Perf02144,Load02144,1989-09-12,OTHER,PRINCIPAL,,CFPERF02144,+256710002144,perf.02144+uat@example.invalid,false
Perf02145,Load02145,1990-10-13,MALE,PRINCIPAL,,CFPERF02145,+256710002145,perf.02145+uat@example.invalid,false
Perf02146,Load02146,1991-11-14,FEMALE,PRINCIPAL,,CFPERF02146,+256710002146,perf.02146+uat@example.invalid,false
Perf02147,Load02147,1992-12-15,OTHER,PRINCIPAL,,CFPERF02147,+256710002147,perf.02147+uat@example.invalid,false
Perf02148,Load02148,1993-01-16,MALE,PRINCIPAL,,CFPERF02148,+256710002148,perf.02148+uat@example.invalid,false
Perf02149,Load02149,1994-02-17,FEMALE,PRINCIPAL,,CFPERF02149,+256710002149,perf.02149+uat@example.invalid,false
Perf02150,Load02150,1995-03-18,OTHER,PRINCIPAL,,CFPERF02150,+256710002150,perf.02150+uat@example.invalid,false
Perf02151,Load02151,1996-04-19,MALE,PRINCIPAL,,CFPERF02151,+256710002151,perf.02151+uat@example.invalid,false
Perf02152,Load02152,1997-05-20,FEMALE,PRINCIPAL,,CFPERF02152,+256710002152,perf.02152+uat@example.invalid,false
Perf02153,Load02153,1998-06-21,OTHER,PRINCIPAL,,CFPERF02153,+256710002153,perf.02153+uat@example.invalid,false
Perf02154,Load02154,1999-07-22,MALE,PRINCIPAL,,CFPERF02154,+256710002154,perf.02154+uat@example.invalid,false
Perf02155,Load02155,2000-08-23,FEMALE,PRINCIPAL,,CFPERF02155,+256710002155,perf.02155+uat@example.invalid,false
Perf02156,Load02156,2001-09-24,OTHER,PRINCIPAL,,CFPERF02156,+256710002156,perf.02156+uat@example.invalid,false
Perf02157,Load02157,2002-10-25,MALE,PRINCIPAL,,CFPERF02157,+256710002157,perf.02157+uat@example.invalid,false
Perf02158,Load02158,2003-11-26,FEMALE,PRINCIPAL,,CFPERF02158,+256710002158,perf.02158+uat@example.invalid,false
Perf02159,Load02159,2004-12-27,OTHER,PRINCIPAL,,CFPERF02159,+256710002159,perf.02159+uat@example.invalid,false
Perf02160,Load02160,1960-01-01,MALE,PRINCIPAL,,CFPERF02160,+256710002160,perf.02160+uat@example.invalid,false
Perf02161,Load02161,1961-02-02,FEMALE,PRINCIPAL,,CFPERF02161,+256710002161,perf.02161+uat@example.invalid,false
Perf02162,Load02162,1962-03-03,OTHER,PRINCIPAL,,CFPERF02162,+256710002162,perf.02162+uat@example.invalid,false
Perf02163,Load02163,1963-04-04,MALE,PRINCIPAL,,CFPERF02163,+256710002163,perf.02163+uat@example.invalid,false
Perf02164,Load02164,1964-05-05,FEMALE,PRINCIPAL,,CFPERF02164,+256710002164,perf.02164+uat@example.invalid,false
Perf02165,Load02165,1965-06-06,OTHER,PRINCIPAL,,CFPERF02165,+256710002165,perf.02165+uat@example.invalid,false
Perf02166,Load02166,1966-07-07,MALE,PRINCIPAL,,CFPERF02166,+256710002166,perf.02166+uat@example.invalid,false
Perf02167,Load02167,1967-08-08,FEMALE,PRINCIPAL,,CFPERF02167,+256710002167,perf.02167+uat@example.invalid,false
Perf02168,Load02168,1968-09-09,OTHER,PRINCIPAL,,CFPERF02168,+256710002168,perf.02168+uat@example.invalid,false
Perf02169,Load02169,1969-10-10,MALE,PRINCIPAL,,CFPERF02169,+256710002169,perf.02169+uat@example.invalid,false
Perf02170,Load02170,1970-11-11,FEMALE,PRINCIPAL,,CFPERF02170,+256710002170,perf.02170+uat@example.invalid,false
Perf02171,Load02171,1971-12-12,OTHER,PRINCIPAL,,CFPERF02171,+256710002171,perf.02171+uat@example.invalid,false
Perf02172,Load02172,1972-01-13,MALE,PRINCIPAL,,CFPERF02172,+256710002172,perf.02172+uat@example.invalid,false
Perf02173,Load02173,1973-02-14,FEMALE,PRINCIPAL,,CFPERF02173,+256710002173,perf.02173+uat@example.invalid,false
Perf02174,Load02174,1974-03-15,OTHER,PRINCIPAL,,CFPERF02174,+256710002174,perf.02174+uat@example.invalid,false
Perf02175,Load02175,1975-04-16,MALE,PRINCIPAL,,CFPERF02175,+256710002175,perf.02175+uat@example.invalid,false
Perf02176,Load02176,1976-05-17,FEMALE,PRINCIPAL,,CFPERF02176,+256710002176,perf.02176+uat@example.invalid,false
Perf02177,Load02177,1977-06-18,OTHER,PRINCIPAL,,CFPERF02177,+256710002177,perf.02177+uat@example.invalid,false
Perf02178,Load02178,1978-07-19,MALE,PRINCIPAL,,CFPERF02178,+256710002178,perf.02178+uat@example.invalid,false
Perf02179,Load02179,1979-08-20,FEMALE,PRINCIPAL,,CFPERF02179,+256710002179,perf.02179+uat@example.invalid,false
Perf02180,Load02180,1980-09-21,OTHER,PRINCIPAL,,CFPERF02180,+256710002180,perf.02180+uat@example.invalid,false
Perf02181,Load02181,1981-10-22,MALE,PRINCIPAL,,CFPERF02181,+256710002181,perf.02181+uat@example.invalid,false
Perf02182,Load02182,1982-11-23,FEMALE,PRINCIPAL,,CFPERF02182,+256710002182,perf.02182+uat@example.invalid,false
Perf02183,Load02183,1983-12-24,OTHER,PRINCIPAL,,CFPERF02183,+256710002183,perf.02183+uat@example.invalid,false
Perf02184,Load02184,1984-01-25,MALE,PRINCIPAL,,CFPERF02184,+256710002184,perf.02184+uat@example.invalid,false
Perf02185,Load02185,1985-02-26,FEMALE,PRINCIPAL,,CFPERF02185,+256710002185,perf.02185+uat@example.invalid,false
Perf02186,Load02186,1986-03-27,OTHER,PRINCIPAL,,CFPERF02186,+256710002186,perf.02186+uat@example.invalid,false
Perf02187,Load02187,1987-04-01,MALE,PRINCIPAL,,CFPERF02187,+256710002187,perf.02187+uat@example.invalid,false
Perf02188,Load02188,1988-05-02,FEMALE,PRINCIPAL,,CFPERF02188,+256710002188,perf.02188+uat@example.invalid,false
Perf02189,Load02189,1989-06-03,OTHER,PRINCIPAL,,CFPERF02189,+256710002189,perf.02189+uat@example.invalid,false
Perf02190,Load02190,1990-07-04,MALE,PRINCIPAL,,CFPERF02190,+256710002190,perf.02190+uat@example.invalid,false
Perf02191,Load02191,1991-08-05,FEMALE,PRINCIPAL,,CFPERF02191,+256710002191,perf.02191+uat@example.invalid,false
Perf02192,Load02192,1992-09-06,OTHER,PRINCIPAL,,CFPERF02192,+256710002192,perf.02192+uat@example.invalid,false
Perf02193,Load02193,1993-10-07,MALE,PRINCIPAL,,CFPERF02193,+256710002193,perf.02193+uat@example.invalid,false
Perf02194,Load02194,1994-11-08,FEMALE,PRINCIPAL,,CFPERF02194,+256710002194,perf.02194+uat@example.invalid,false
Perf02195,Load02195,1995-12-09,OTHER,PRINCIPAL,,CFPERF02195,+256710002195,perf.02195+uat@example.invalid,false
Perf02196,Load02196,1996-01-10,MALE,PRINCIPAL,,CFPERF02196,+256710002196,perf.02196+uat@example.invalid,false
Perf02197,Load02197,1997-02-11,FEMALE,PRINCIPAL,,CFPERF02197,+256710002197,perf.02197+uat@example.invalid,false
Perf02198,Load02198,1998-03-12,OTHER,PRINCIPAL,,CFPERF02198,+256710002198,perf.02198+uat@example.invalid,false
Perf02199,Load02199,1999-04-13,MALE,PRINCIPAL,,CFPERF02199,+256710002199,perf.02199+uat@example.invalid,false
Perf02200,Load02200,2000-05-14,FEMALE,PRINCIPAL,,CFPERF02200,+256710002200,perf.02200+uat@example.invalid,false
Perf02201,Load02201,2001-06-15,OTHER,PRINCIPAL,,CFPERF02201,+256710002201,perf.02201+uat@example.invalid,false
Perf02202,Load02202,2002-07-16,MALE,PRINCIPAL,,CFPERF02202,+256710002202,perf.02202+uat@example.invalid,false
Perf02203,Load02203,2003-08-17,FEMALE,PRINCIPAL,,CFPERF02203,+256710002203,perf.02203+uat@example.invalid,false
Perf02204,Load02204,2004-09-18,OTHER,PRINCIPAL,,CFPERF02204,+256710002204,perf.02204+uat@example.invalid,false
Perf02205,Load02205,1960-10-19,MALE,PRINCIPAL,,CFPERF02205,+256710002205,perf.02205+uat@example.invalid,false
Perf02206,Load02206,1961-11-20,FEMALE,PRINCIPAL,,CFPERF02206,+256710002206,perf.02206+uat@example.invalid,false
Perf02207,Load02207,1962-12-21,OTHER,PRINCIPAL,,CFPERF02207,+256710002207,perf.02207+uat@example.invalid,false
Perf02208,Load02208,1963-01-22,MALE,PRINCIPAL,,CFPERF02208,+256710002208,perf.02208+uat@example.invalid,false
Perf02209,Load02209,1964-02-23,FEMALE,PRINCIPAL,,CFPERF02209,+256710002209,perf.02209+uat@example.invalid,false
Perf02210,Load02210,1965-03-24,OTHER,PRINCIPAL,,CFPERF02210,+256710002210,perf.02210+uat@example.invalid,false
Perf02211,Load02211,1966-04-25,MALE,PRINCIPAL,,CFPERF02211,+256710002211,perf.02211+uat@example.invalid,false
Perf02212,Load02212,1967-05-26,FEMALE,PRINCIPAL,,CFPERF02212,+256710002212,perf.02212+uat@example.invalid,false
Perf02213,Load02213,1968-06-27,OTHER,PRINCIPAL,,CFPERF02213,+256710002213,perf.02213+uat@example.invalid,false
Perf02214,Load02214,1969-07-01,MALE,PRINCIPAL,,CFPERF02214,+256710002214,perf.02214+uat@example.invalid,false
Perf02215,Load02215,1970-08-02,FEMALE,PRINCIPAL,,CFPERF02215,+256710002215,perf.02215+uat@example.invalid,false
Perf02216,Load02216,1971-09-03,OTHER,PRINCIPAL,,CFPERF02216,+256710002216,perf.02216+uat@example.invalid,false
Perf02217,Load02217,1972-10-04,MALE,PRINCIPAL,,CFPERF02217,+256710002217,perf.02217+uat@example.invalid,false
Perf02218,Load02218,1973-11-05,FEMALE,PRINCIPAL,,CFPERF02218,+256710002218,perf.02218+uat@example.invalid,false
Perf02219,Load02219,1974-12-06,OTHER,PRINCIPAL,,CFPERF02219,+256710002219,perf.02219+uat@example.invalid,false
Perf02220,Load02220,1975-01-07,MALE,PRINCIPAL,,CFPERF02220,+256710002220,perf.02220+uat@example.invalid,false
Perf02221,Load02221,1976-02-08,FEMALE,PRINCIPAL,,CFPERF02221,+256710002221,perf.02221+uat@example.invalid,false
Perf02222,Load02222,1977-03-09,OTHER,PRINCIPAL,,CFPERF02222,+256710002222,perf.02222+uat@example.invalid,false
Perf02223,Load02223,1978-04-10,MALE,PRINCIPAL,,CFPERF02223,+256710002223,perf.02223+uat@example.invalid,false
Perf02224,Load02224,1979-05-11,FEMALE,PRINCIPAL,,CFPERF02224,+256710002224,perf.02224+uat@example.invalid,false
Perf02225,Load02225,1980-06-12,OTHER,PRINCIPAL,,CFPERF02225,+256710002225,perf.02225+uat@example.invalid,false
Perf02226,Load02226,1981-07-13,MALE,PRINCIPAL,,CFPERF02226,+256710002226,perf.02226+uat@example.invalid,false
Perf02227,Load02227,1982-08-14,FEMALE,PRINCIPAL,,CFPERF02227,+256710002227,perf.02227+uat@example.invalid,false
Perf02228,Load02228,1983-09-15,OTHER,PRINCIPAL,,CFPERF02228,+256710002228,perf.02228+uat@example.invalid,false
Perf02229,Load02229,1984-10-16,MALE,PRINCIPAL,,CFPERF02229,+256710002229,perf.02229+uat@example.invalid,false
Perf02230,Load02230,1985-11-17,FEMALE,PRINCIPAL,,CFPERF02230,+256710002230,perf.02230+uat@example.invalid,false
Perf02231,Load02231,1986-12-18,OTHER,PRINCIPAL,,CFPERF02231,+256710002231,perf.02231+uat@example.invalid,false
Perf02232,Load02232,1987-01-19,MALE,PRINCIPAL,,CFPERF02232,+256710002232,perf.02232+uat@example.invalid,false
Perf02233,Load02233,1988-02-20,FEMALE,PRINCIPAL,,CFPERF02233,+256710002233,perf.02233+uat@example.invalid,false
Perf02234,Load02234,1989-03-21,OTHER,PRINCIPAL,,CFPERF02234,+256710002234,perf.02234+uat@example.invalid,false
Perf02235,Load02235,1990-04-22,MALE,PRINCIPAL,,CFPERF02235,+256710002235,perf.02235+uat@example.invalid,false
Perf02236,Load02236,1991-05-23,FEMALE,PRINCIPAL,,CFPERF02236,+256710002236,perf.02236+uat@example.invalid,false
Perf02237,Load02237,1992-06-24,OTHER,PRINCIPAL,,CFPERF02237,+256710002237,perf.02237+uat@example.invalid,false
Perf02238,Load02238,1993-07-25,MALE,PRINCIPAL,,CFPERF02238,+256710002238,perf.02238+uat@example.invalid,false
Perf02239,Load02239,1994-08-26,FEMALE,PRINCIPAL,,CFPERF02239,+256710002239,perf.02239+uat@example.invalid,false
Perf02240,Load02240,1995-09-27,OTHER,PRINCIPAL,,CFPERF02240,+256710002240,perf.02240+uat@example.invalid,false
Perf02241,Load02241,1996-10-01,MALE,PRINCIPAL,,CFPERF02241,+256710002241,perf.02241+uat@example.invalid,false
Perf02242,Load02242,1997-11-02,FEMALE,PRINCIPAL,,CFPERF02242,+256710002242,perf.02242+uat@example.invalid,false
Perf02243,Load02243,1998-12-03,OTHER,PRINCIPAL,,CFPERF02243,+256710002243,perf.02243+uat@example.invalid,false
Perf02244,Load02244,1999-01-04,MALE,PRINCIPAL,,CFPERF02244,+256710002244,perf.02244+uat@example.invalid,false
Perf02245,Load02245,2000-02-05,FEMALE,PRINCIPAL,,CFPERF02245,+256710002245,perf.02245+uat@example.invalid,false
Perf02246,Load02246,2001-03-06,OTHER,PRINCIPAL,,CFPERF02246,+256710002246,perf.02246+uat@example.invalid,false
Perf02247,Load02247,2002-04-07,MALE,PRINCIPAL,,CFPERF02247,+256710002247,perf.02247+uat@example.invalid,false
Perf02248,Load02248,2003-05-08,FEMALE,PRINCIPAL,,CFPERF02248,+256710002248,perf.02248+uat@example.invalid,false
Perf02249,Load02249,2004-06-09,OTHER,PRINCIPAL,,CFPERF02249,+256710002249,perf.02249+uat@example.invalid,false
Perf02250,Load02250,1960-07-10,MALE,PRINCIPAL,,CFPERF02250,+256710002250,perf.02250+uat@example.invalid,false
Perf02251,Load02251,1961-08-11,FEMALE,PRINCIPAL,,CFPERF02251,+256710002251,perf.02251+uat@example.invalid,false
Perf02252,Load02252,1962-09-12,OTHER,PRINCIPAL,,CFPERF02252,+256710002252,perf.02252+uat@example.invalid,false
Perf02253,Load02253,1963-10-13,MALE,PRINCIPAL,,CFPERF02253,+256710002253,perf.02253+uat@example.invalid,false
Perf02254,Load02254,1964-11-14,FEMALE,PRINCIPAL,,CFPERF02254,+256710002254,perf.02254+uat@example.invalid,false
Perf02255,Load02255,1965-12-15,OTHER,PRINCIPAL,,CFPERF02255,+256710002255,perf.02255+uat@example.invalid,false
Perf02256,Load02256,1966-01-16,MALE,PRINCIPAL,,CFPERF02256,+256710002256,perf.02256+uat@example.invalid,false
Perf02257,Load02257,1967-02-17,FEMALE,PRINCIPAL,,CFPERF02257,+256710002257,perf.02257+uat@example.invalid,false
Perf02258,Load02258,1968-03-18,OTHER,PRINCIPAL,,CFPERF02258,+256710002258,perf.02258+uat@example.invalid,false
Perf02259,Load02259,1969-04-19,MALE,PRINCIPAL,,CFPERF02259,+256710002259,perf.02259+uat@example.invalid,false
Perf02260,Load02260,1970-05-20,FEMALE,PRINCIPAL,,CFPERF02260,+256710002260,perf.02260+uat@example.invalid,false
Perf02261,Load02261,1971-06-21,OTHER,PRINCIPAL,,CFPERF02261,+256710002261,perf.02261+uat@example.invalid,false
Perf02262,Load02262,1972-07-22,MALE,PRINCIPAL,,CFPERF02262,+256710002262,perf.02262+uat@example.invalid,false
Perf02263,Load02263,1973-08-23,FEMALE,PRINCIPAL,,CFPERF02263,+256710002263,perf.02263+uat@example.invalid,false
Perf02264,Load02264,1974-09-24,OTHER,PRINCIPAL,,CFPERF02264,+256710002264,perf.02264+uat@example.invalid,false
Perf02265,Load02265,1975-10-25,MALE,PRINCIPAL,,CFPERF02265,+256710002265,perf.02265+uat@example.invalid,false
Perf02266,Load02266,1976-11-26,FEMALE,PRINCIPAL,,CFPERF02266,+256710002266,perf.02266+uat@example.invalid,false
Perf02267,Load02267,1977-12-27,OTHER,PRINCIPAL,,CFPERF02267,+256710002267,perf.02267+uat@example.invalid,false
Perf02268,Load02268,1978-01-01,MALE,PRINCIPAL,,CFPERF02268,+256710002268,perf.02268+uat@example.invalid,false
Perf02269,Load02269,1979-02-02,FEMALE,PRINCIPAL,,CFPERF02269,+256710002269,perf.02269+uat@example.invalid,false
Perf02270,Load02270,1980-03-03,OTHER,PRINCIPAL,,CFPERF02270,+256710002270,perf.02270+uat@example.invalid,false
Perf02271,Load02271,1981-04-04,MALE,PRINCIPAL,,CFPERF02271,+256710002271,perf.02271+uat@example.invalid,false
Perf02272,Load02272,1982-05-05,FEMALE,PRINCIPAL,,CFPERF02272,+256710002272,perf.02272+uat@example.invalid,false
Perf02273,Load02273,1983-06-06,OTHER,PRINCIPAL,,CFPERF02273,+256710002273,perf.02273+uat@example.invalid,false
Perf02274,Load02274,1984-07-07,MALE,PRINCIPAL,,CFPERF02274,+256710002274,perf.02274+uat@example.invalid,false
Perf02275,Load02275,1985-08-08,FEMALE,PRINCIPAL,,CFPERF02275,+256710002275,perf.02275+uat@example.invalid,false
Perf02276,Load02276,1986-09-09,OTHER,PRINCIPAL,,CFPERF02276,+256710002276,perf.02276+uat@example.invalid,false
Perf02277,Load02277,1987-10-10,MALE,PRINCIPAL,,CFPERF02277,+256710002277,perf.02277+uat@example.invalid,false
Perf02278,Load02278,1988-11-11,FEMALE,PRINCIPAL,,CFPERF02278,+256710002278,perf.02278+uat@example.invalid,false
Perf02279,Load02279,1989-12-12,OTHER,PRINCIPAL,,CFPERF02279,+256710002279,perf.02279+uat@example.invalid,false
Perf02280,Load02280,1990-01-13,MALE,PRINCIPAL,,CFPERF02280,+256710002280,perf.02280+uat@example.invalid,false
Perf02281,Load02281,1991-02-14,FEMALE,PRINCIPAL,,CFPERF02281,+256710002281,perf.02281+uat@example.invalid,false
Perf02282,Load02282,1992-03-15,OTHER,PRINCIPAL,,CFPERF02282,+256710002282,perf.02282+uat@example.invalid,false
Perf02283,Load02283,1993-04-16,MALE,PRINCIPAL,,CFPERF02283,+256710002283,perf.02283+uat@example.invalid,false
Perf02284,Load02284,1994-05-17,FEMALE,PRINCIPAL,,CFPERF02284,+256710002284,perf.02284+uat@example.invalid,false
Perf02285,Load02285,1995-06-18,OTHER,PRINCIPAL,,CFPERF02285,+256710002285,perf.02285+uat@example.invalid,false
Perf02286,Load02286,1996-07-19,MALE,PRINCIPAL,,CFPERF02286,+256710002286,perf.02286+uat@example.invalid,false
Perf02287,Load02287,1997-08-20,FEMALE,PRINCIPAL,,CFPERF02287,+256710002287,perf.02287+uat@example.invalid,false
Perf02288,Load02288,1998-09-21,OTHER,PRINCIPAL,,CFPERF02288,+256710002288,perf.02288+uat@example.invalid,false
Perf02289,Load02289,1999-10-22,MALE,PRINCIPAL,,CFPERF02289,+256710002289,perf.02289+uat@example.invalid,false
Perf02290,Load02290,2000-11-23,FEMALE,PRINCIPAL,,CFPERF02290,+256710002290,perf.02290+uat@example.invalid,false
Perf02291,Load02291,2001-12-24,OTHER,PRINCIPAL,,CFPERF02291,+256710002291,perf.02291+uat@example.invalid,false
Perf02292,Load02292,2002-01-25,MALE,PRINCIPAL,,CFPERF02292,+256710002292,perf.02292+uat@example.invalid,false
Perf02293,Load02293,2003-02-26,FEMALE,PRINCIPAL,,CFPERF02293,+256710002293,perf.02293+uat@example.invalid,false
Perf02294,Load02294,2004-03-27,OTHER,PRINCIPAL,,CFPERF02294,+256710002294,perf.02294+uat@example.invalid,false
Perf02295,Load02295,1960-04-01,MALE,PRINCIPAL,,CFPERF02295,+256710002295,perf.02295+uat@example.invalid,false
Perf02296,Load02296,1961-05-02,FEMALE,PRINCIPAL,,CFPERF02296,+256710002296,perf.02296+uat@example.invalid,false
Perf02297,Load02297,1962-06-03,OTHER,PRINCIPAL,,CFPERF02297,+256710002297,perf.02297+uat@example.invalid,false
Perf02298,Load02298,1963-07-04,MALE,PRINCIPAL,,CFPERF02298,+256710002298,perf.02298+uat@example.invalid,false
Perf02299,Load02299,1964-08-05,FEMALE,PRINCIPAL,,CFPERF02299,+256710002299,perf.02299+uat@example.invalid,false
Perf02300,Load02300,1965-09-06,OTHER,PRINCIPAL,,CFPERF02300,+256710002300,perf.02300+uat@example.invalid,false
Perf02301,Load02301,1966-10-07,MALE,PRINCIPAL,,CFPERF02301,+256710002301,perf.02301+uat@example.invalid,false
Perf02302,Load02302,1967-11-08,FEMALE,PRINCIPAL,,CFPERF02302,+256710002302,perf.02302+uat@example.invalid,false
Perf02303,Load02303,1968-12-09,OTHER,PRINCIPAL,,CFPERF02303,+256710002303,perf.02303+uat@example.invalid,false
Perf02304,Load02304,1969-01-10,MALE,PRINCIPAL,,CFPERF02304,+256710002304,perf.02304+uat@example.invalid,false
Perf02305,Load02305,1970-02-11,FEMALE,PRINCIPAL,,CFPERF02305,+256710002305,perf.02305+uat@example.invalid,false
Perf02306,Load02306,1971-03-12,OTHER,PRINCIPAL,,CFPERF02306,+256710002306,perf.02306+uat@example.invalid,false
Perf02307,Load02307,1972-04-13,MALE,PRINCIPAL,,CFPERF02307,+256710002307,perf.02307+uat@example.invalid,false
Perf02308,Load02308,1973-05-14,FEMALE,PRINCIPAL,,CFPERF02308,+256710002308,perf.02308+uat@example.invalid,false
Perf02309,Load02309,1974-06-15,OTHER,PRINCIPAL,,CFPERF02309,+256710002309,perf.02309+uat@example.invalid,false
Perf02310,Load02310,1975-07-16,MALE,PRINCIPAL,,CFPERF02310,+256710002310,perf.02310+uat@example.invalid,false
Perf02311,Load02311,1976-08-17,FEMALE,PRINCIPAL,,CFPERF02311,+256710002311,perf.02311+uat@example.invalid,false
Perf02312,Load02312,1977-09-18,OTHER,PRINCIPAL,,CFPERF02312,+256710002312,perf.02312+uat@example.invalid,false
Perf02313,Load02313,1978-10-19,MALE,PRINCIPAL,,CFPERF02313,+256710002313,perf.02313+uat@example.invalid,false
Perf02314,Load02314,1979-11-20,FEMALE,PRINCIPAL,,CFPERF02314,+256710002314,perf.02314+uat@example.invalid,false
Perf02315,Load02315,1980-12-21,OTHER,PRINCIPAL,,CFPERF02315,+256710002315,perf.02315+uat@example.invalid,false
Perf02316,Load02316,1981-01-22,MALE,PRINCIPAL,,CFPERF02316,+256710002316,perf.02316+uat@example.invalid,false
Perf02317,Load02317,1982-02-23,FEMALE,PRINCIPAL,,CFPERF02317,+256710002317,perf.02317+uat@example.invalid,false
Perf02318,Load02318,1983-03-24,OTHER,PRINCIPAL,,CFPERF02318,+256710002318,perf.02318+uat@example.invalid,false
Perf02319,Load02319,1984-04-25,MALE,PRINCIPAL,,CFPERF02319,+256710002319,perf.02319+uat@example.invalid,false
Perf02320,Load02320,1985-05-26,FEMALE,PRINCIPAL,,CFPERF02320,+256710002320,perf.02320+uat@example.invalid,false
Perf02321,Load02321,1986-06-27,OTHER,PRINCIPAL,,CFPERF02321,+256710002321,perf.02321+uat@example.invalid,false
Perf02322,Load02322,1987-07-01,MALE,PRINCIPAL,,CFPERF02322,+256710002322,perf.02322+uat@example.invalid,false
Perf02323,Load02323,1988-08-02,FEMALE,PRINCIPAL,,CFPERF02323,+256710002323,perf.02323+uat@example.invalid,false
Perf02324,Load02324,1989-09-03,OTHER,PRINCIPAL,,CFPERF02324,+256710002324,perf.02324+uat@example.invalid,false
Perf02325,Load02325,1990-10-04,MALE,PRINCIPAL,,CFPERF02325,+256710002325,perf.02325+uat@example.invalid,false
Perf02326,Load02326,1991-11-05,FEMALE,PRINCIPAL,,CFPERF02326,+256710002326,perf.02326+uat@example.invalid,false
Perf02327,Load02327,1992-12-06,OTHER,PRINCIPAL,,CFPERF02327,+256710002327,perf.02327+uat@example.invalid,false
Perf02328,Load02328,1993-01-07,MALE,PRINCIPAL,,CFPERF02328,+256710002328,perf.02328+uat@example.invalid,false
Perf02329,Load02329,1994-02-08,FEMALE,PRINCIPAL,,CFPERF02329,+256710002329,perf.02329+uat@example.invalid,false
Perf02330,Load02330,1995-03-09,OTHER,PRINCIPAL,,CFPERF02330,+256710002330,perf.02330+uat@example.invalid,false
Perf02331,Load02331,1996-04-10,MALE,PRINCIPAL,,CFPERF02331,+256710002331,perf.02331+uat@example.invalid,false
Perf02332,Load02332,1997-05-11,FEMALE,PRINCIPAL,,CFPERF02332,+256710002332,perf.02332+uat@example.invalid,false
Perf02333,Load02333,1998-06-12,OTHER,PRINCIPAL,,CFPERF02333,+256710002333,perf.02333+uat@example.invalid,false
Perf02334,Load02334,1999-07-13,MALE,PRINCIPAL,,CFPERF02334,+256710002334,perf.02334+uat@example.invalid,false
Perf02335,Load02335,2000-08-14,FEMALE,PRINCIPAL,,CFPERF02335,+256710002335,perf.02335+uat@example.invalid,false
Perf02336,Load02336,2001-09-15,OTHER,PRINCIPAL,,CFPERF02336,+256710002336,perf.02336+uat@example.invalid,false
Perf02337,Load02337,2002-10-16,MALE,PRINCIPAL,,CFPERF02337,+256710002337,perf.02337+uat@example.invalid,false
Perf02338,Load02338,2003-11-17,FEMALE,PRINCIPAL,,CFPERF02338,+256710002338,perf.02338+uat@example.invalid,false
Perf02339,Load02339,2004-12-18,OTHER,PRINCIPAL,,CFPERF02339,+256710002339,perf.02339+uat@example.invalid,false
Perf02340,Load02340,1960-01-19,MALE,PRINCIPAL,,CFPERF02340,+256710002340,perf.02340+uat@example.invalid,false
Perf02341,Load02341,1961-02-20,FEMALE,PRINCIPAL,,CFPERF02341,+256710002341,perf.02341+uat@example.invalid,false
Perf02342,Load02342,1962-03-21,OTHER,PRINCIPAL,,CFPERF02342,+256710002342,perf.02342+uat@example.invalid,false
Perf02343,Load02343,1963-04-22,MALE,PRINCIPAL,,CFPERF02343,+256710002343,perf.02343+uat@example.invalid,false
Perf02344,Load02344,1964-05-23,FEMALE,PRINCIPAL,,CFPERF02344,+256710002344,perf.02344+uat@example.invalid,false
Perf02345,Load02345,1965-06-24,OTHER,PRINCIPAL,,CFPERF02345,+256710002345,perf.02345+uat@example.invalid,false
Perf02346,Load02346,1966-07-25,MALE,PRINCIPAL,,CFPERF02346,+256710002346,perf.02346+uat@example.invalid,false
Perf02347,Load02347,1967-08-26,FEMALE,PRINCIPAL,,CFPERF02347,+256710002347,perf.02347+uat@example.invalid,false
Perf02348,Load02348,1968-09-27,OTHER,PRINCIPAL,,CFPERF02348,+256710002348,perf.02348+uat@example.invalid,false
Perf02349,Load02349,1969-10-01,MALE,PRINCIPAL,,CFPERF02349,+256710002349,perf.02349+uat@example.invalid,false
Perf02350,Load02350,1970-11-02,FEMALE,PRINCIPAL,,CFPERF02350,+256710002350,perf.02350+uat@example.invalid,false
Perf02351,Load02351,1971-12-03,OTHER,PRINCIPAL,,CFPERF02351,+256710002351,perf.02351+uat@example.invalid,false
Perf02352,Load02352,1972-01-04,MALE,PRINCIPAL,,CFPERF02352,+256710002352,perf.02352+uat@example.invalid,false
Perf02353,Load02353,1973-02-05,FEMALE,PRINCIPAL,,CFPERF02353,+256710002353,perf.02353+uat@example.invalid,false
Perf02354,Load02354,1974-03-06,OTHER,PRINCIPAL,,CFPERF02354,+256710002354,perf.02354+uat@example.invalid,false
Perf02355,Load02355,1975-04-07,MALE,PRINCIPAL,,CFPERF02355,+256710002355,perf.02355+uat@example.invalid,false
Perf02356,Load02356,1976-05-08,FEMALE,PRINCIPAL,,CFPERF02356,+256710002356,perf.02356+uat@example.invalid,false
Perf02357,Load02357,1977-06-09,OTHER,PRINCIPAL,,CFPERF02357,+256710002357,perf.02357+uat@example.invalid,false
Perf02358,Load02358,1978-07-10,MALE,PRINCIPAL,,CFPERF02358,+256710002358,perf.02358+uat@example.invalid,false
Perf02359,Load02359,1979-08-11,FEMALE,PRINCIPAL,,CFPERF02359,+256710002359,perf.02359+uat@example.invalid,false
Perf02360,Load02360,1980-09-12,OTHER,PRINCIPAL,,CFPERF02360,+256710002360,perf.02360+uat@example.invalid,false
Perf02361,Load02361,1981-10-13,MALE,PRINCIPAL,,CFPERF02361,+256710002361,perf.02361+uat@example.invalid,false
Perf02362,Load02362,1982-11-14,FEMALE,PRINCIPAL,,CFPERF02362,+256710002362,perf.02362+uat@example.invalid,false
Perf02363,Load02363,1983-12-15,OTHER,PRINCIPAL,,CFPERF02363,+256710002363,perf.02363+uat@example.invalid,false
Perf02364,Load02364,1984-01-16,MALE,PRINCIPAL,,CFPERF02364,+256710002364,perf.02364+uat@example.invalid,false
Perf02365,Load02365,1985-02-17,FEMALE,PRINCIPAL,,CFPERF02365,+256710002365,perf.02365+uat@example.invalid,false
Perf02366,Load02366,1986-03-18,OTHER,PRINCIPAL,,CFPERF02366,+256710002366,perf.02366+uat@example.invalid,false
Perf02367,Load02367,1987-04-19,MALE,PRINCIPAL,,CFPERF02367,+256710002367,perf.02367+uat@example.invalid,false
Perf02368,Load02368,1988-05-20,FEMALE,PRINCIPAL,,CFPERF02368,+256710002368,perf.02368+uat@example.invalid,false
Perf02369,Load02369,1989-06-21,OTHER,PRINCIPAL,,CFPERF02369,+256710002369,perf.02369+uat@example.invalid,false
Perf02370,Load02370,1990-07-22,MALE,PRINCIPAL,,CFPERF02370,+256710002370,perf.02370+uat@example.invalid,false
Perf02371,Load02371,1991-08-23,FEMALE,PRINCIPAL,,CFPERF02371,+256710002371,perf.02371+uat@example.invalid,false
Perf02372,Load02372,1992-09-24,OTHER,PRINCIPAL,,CFPERF02372,+256710002372,perf.02372+uat@example.invalid,false
Perf02373,Load02373,1993-10-25,MALE,PRINCIPAL,,CFPERF02373,+256710002373,perf.02373+uat@example.invalid,false
Perf02374,Load02374,1994-11-26,FEMALE,PRINCIPAL,,CFPERF02374,+256710002374,perf.02374+uat@example.invalid,false
Perf02375,Load02375,1995-12-27,OTHER,PRINCIPAL,,CFPERF02375,+256710002375,perf.02375+uat@example.invalid,false
Perf02376,Load02376,1996-01-01,MALE,PRINCIPAL,,CFPERF02376,+256710002376,perf.02376+uat@example.invalid,false
Perf02377,Load02377,1997-02-02,FEMALE,PRINCIPAL,,CFPERF02377,+256710002377,perf.02377+uat@example.invalid,false
Perf02378,Load02378,1998-03-03,OTHER,PRINCIPAL,,CFPERF02378,+256710002378,perf.02378+uat@example.invalid,false
Perf02379,Load02379,1999-04-04,MALE,PRINCIPAL,,CFPERF02379,+256710002379,perf.02379+uat@example.invalid,false
Perf02380,Load02380,2000-05-05,FEMALE,PRINCIPAL,,CFPERF02380,+256710002380,perf.02380+uat@example.invalid,false
Perf02381,Load02381,2001-06-06,OTHER,PRINCIPAL,,CFPERF02381,+256710002381,perf.02381+uat@example.invalid,false
Perf02382,Load02382,2002-07-07,MALE,PRINCIPAL,,CFPERF02382,+256710002382,perf.02382+uat@example.invalid,false
Perf02383,Load02383,2003-08-08,FEMALE,PRINCIPAL,,CFPERF02383,+256710002383,perf.02383+uat@example.invalid,false
Perf02384,Load02384,2004-09-09,OTHER,PRINCIPAL,,CFPERF02384,+256710002384,perf.02384+uat@example.invalid,false
Perf02385,Load02385,1960-10-10,MALE,PRINCIPAL,,CFPERF02385,+256710002385,perf.02385+uat@example.invalid,false
Perf02386,Load02386,1961-11-11,FEMALE,PRINCIPAL,,CFPERF02386,+256710002386,perf.02386+uat@example.invalid,false
Perf02387,Load02387,1962-12-12,OTHER,PRINCIPAL,,CFPERF02387,+256710002387,perf.02387+uat@example.invalid,false
Perf02388,Load02388,1963-01-13,MALE,PRINCIPAL,,CFPERF02388,+256710002388,perf.02388+uat@example.invalid,false
Perf02389,Load02389,1964-02-14,FEMALE,PRINCIPAL,,CFPERF02389,+256710002389,perf.02389+uat@example.invalid,false
Perf02390,Load02390,1965-03-15,OTHER,PRINCIPAL,,CFPERF02390,+256710002390,perf.02390+uat@example.invalid,false
Perf02391,Load02391,1966-04-16,MALE,PRINCIPAL,,CFPERF02391,+256710002391,perf.02391+uat@example.invalid,false
Perf02392,Load02392,1967-05-17,FEMALE,PRINCIPAL,,CFPERF02392,+256710002392,perf.02392+uat@example.invalid,false
Perf02393,Load02393,1968-06-18,OTHER,PRINCIPAL,,CFPERF02393,+256710002393,perf.02393+uat@example.invalid,false
Perf02394,Load02394,1969-07-19,MALE,PRINCIPAL,,CFPERF02394,+256710002394,perf.02394+uat@example.invalid,false
Perf02395,Load02395,1970-08-20,FEMALE,PRINCIPAL,,CFPERF02395,+256710002395,perf.02395+uat@example.invalid,false
Perf02396,Load02396,1971-09-21,OTHER,PRINCIPAL,,CFPERF02396,+256710002396,perf.02396+uat@example.invalid,false
Perf02397,Load02397,1972-10-22,MALE,PRINCIPAL,,CFPERF02397,+256710002397,perf.02397+uat@example.invalid,false
Perf02398,Load02398,1973-11-23,FEMALE,PRINCIPAL,,CFPERF02398,+256710002398,perf.02398+uat@example.invalid,false
Perf02399,Load02399,1974-12-24,OTHER,PRINCIPAL,,CFPERF02399,+256710002399,perf.02399+uat@example.invalid,false
Perf02400,Load02400,1975-01-25,MALE,PRINCIPAL,,CFPERF02400,+256710002400,perf.02400+uat@example.invalid,false
Perf02401,Load02401,1976-02-26,FEMALE,PRINCIPAL,,CFPERF02401,+256710002401,perf.02401+uat@example.invalid,false
Perf02402,Load02402,1977-03-27,OTHER,PRINCIPAL,,CFPERF02402,+256710002402,perf.02402+uat@example.invalid,false
Perf02403,Load02403,1978-04-01,MALE,PRINCIPAL,,CFPERF02403,+256710002403,perf.02403+uat@example.invalid,false
Perf02404,Load02404,1979-05-02,FEMALE,PRINCIPAL,,CFPERF02404,+256710002404,perf.02404+uat@example.invalid,false
Perf02405,Load02405,1980-06-03,OTHER,PRINCIPAL,,CFPERF02405,+256710002405,perf.02405+uat@example.invalid,false
Perf02406,Load02406,1981-07-04,MALE,PRINCIPAL,,CFPERF02406,+256710002406,perf.02406+uat@example.invalid,false
Perf02407,Load02407,1982-08-05,FEMALE,PRINCIPAL,,CFPERF02407,+256710002407,perf.02407+uat@example.invalid,false
Perf02408,Load02408,1983-09-06,OTHER,PRINCIPAL,,CFPERF02408,+256710002408,perf.02408+uat@example.invalid,false
Perf02409,Load02409,1984-10-07,MALE,PRINCIPAL,,CFPERF02409,+256710002409,perf.02409+uat@example.invalid,false
Perf02410,Load02410,1985-11-08,FEMALE,PRINCIPAL,,CFPERF02410,+256710002410,perf.02410+uat@example.invalid,false
Perf02411,Load02411,1986-12-09,OTHER,PRINCIPAL,,CFPERF02411,+256710002411,perf.02411+uat@example.invalid,false
Perf02412,Load02412,1987-01-10,MALE,PRINCIPAL,,CFPERF02412,+256710002412,perf.02412+uat@example.invalid,false
Perf02413,Load02413,1988-02-11,FEMALE,PRINCIPAL,,CFPERF02413,+256710002413,perf.02413+uat@example.invalid,false
Perf02414,Load02414,1989-03-12,OTHER,PRINCIPAL,,CFPERF02414,+256710002414,perf.02414+uat@example.invalid,false
Perf02415,Load02415,1990-04-13,MALE,PRINCIPAL,,CFPERF02415,+256710002415,perf.02415+uat@example.invalid,false
Perf02416,Load02416,1991-05-14,FEMALE,PRINCIPAL,,CFPERF02416,+256710002416,perf.02416+uat@example.invalid,false
Perf02417,Load02417,1992-06-15,OTHER,PRINCIPAL,,CFPERF02417,+256710002417,perf.02417+uat@example.invalid,false
Perf02418,Load02418,1993-07-16,MALE,PRINCIPAL,,CFPERF02418,+256710002418,perf.02418+uat@example.invalid,false
Perf02419,Load02419,1994-08-17,FEMALE,PRINCIPAL,,CFPERF02419,+256710002419,perf.02419+uat@example.invalid,false
Perf02420,Load02420,1995-09-18,OTHER,PRINCIPAL,,CFPERF02420,+256710002420,perf.02420+uat@example.invalid,false
Perf02421,Load02421,1996-10-19,MALE,PRINCIPAL,,CFPERF02421,+256710002421,perf.02421+uat@example.invalid,false
Perf02422,Load02422,1997-11-20,FEMALE,PRINCIPAL,,CFPERF02422,+256710002422,perf.02422+uat@example.invalid,false
Perf02423,Load02423,1998-12-21,OTHER,PRINCIPAL,,CFPERF02423,+256710002423,perf.02423+uat@example.invalid,false
Perf02424,Load02424,1999-01-22,MALE,PRINCIPAL,,CFPERF02424,+256710002424,perf.02424+uat@example.invalid,false
Perf02425,Load02425,2000-02-23,FEMALE,PRINCIPAL,,CFPERF02425,+256710002425,perf.02425+uat@example.invalid,false
Perf02426,Load02426,2001-03-24,OTHER,PRINCIPAL,,CFPERF02426,+256710002426,perf.02426+uat@example.invalid,false
Perf02427,Load02427,2002-04-25,MALE,PRINCIPAL,,CFPERF02427,+256710002427,perf.02427+uat@example.invalid,false
Perf02428,Load02428,2003-05-26,FEMALE,PRINCIPAL,,CFPERF02428,+256710002428,perf.02428+uat@example.invalid,false
Perf02429,Load02429,2004-06-27,OTHER,PRINCIPAL,,CFPERF02429,+256710002429,perf.02429+uat@example.invalid,false
Perf02430,Load02430,1960-07-01,MALE,PRINCIPAL,,CFPERF02430,+256710002430,perf.02430+uat@example.invalid,false
Perf02431,Load02431,1961-08-02,FEMALE,PRINCIPAL,,CFPERF02431,+256710002431,perf.02431+uat@example.invalid,false
Perf02432,Load02432,1962-09-03,OTHER,PRINCIPAL,,CFPERF02432,+256710002432,perf.02432+uat@example.invalid,false
Perf02433,Load02433,1963-10-04,MALE,PRINCIPAL,,CFPERF02433,+256710002433,perf.02433+uat@example.invalid,false
Perf02434,Load02434,1964-11-05,FEMALE,PRINCIPAL,,CFPERF02434,+256710002434,perf.02434+uat@example.invalid,false
Perf02435,Load02435,1965-12-06,OTHER,PRINCIPAL,,CFPERF02435,+256710002435,perf.02435+uat@example.invalid,false
Perf02436,Load02436,1966-01-07,MALE,PRINCIPAL,,CFPERF02436,+256710002436,perf.02436+uat@example.invalid,false
Perf02437,Load02437,1967-02-08,FEMALE,PRINCIPAL,,CFPERF02437,+256710002437,perf.02437+uat@example.invalid,false
Perf02438,Load02438,1968-03-09,OTHER,PRINCIPAL,,CFPERF02438,+256710002438,perf.02438+uat@example.invalid,false
Perf02439,Load02439,1969-04-10,MALE,PRINCIPAL,,CFPERF02439,+256710002439,perf.02439+uat@example.invalid,false
Perf02440,Load02440,1970-05-11,FEMALE,PRINCIPAL,,CFPERF02440,+256710002440,perf.02440+uat@example.invalid,false
Perf02441,Load02441,1971-06-12,OTHER,PRINCIPAL,,CFPERF02441,+256710002441,perf.02441+uat@example.invalid,false
Perf02442,Load02442,1972-07-13,MALE,PRINCIPAL,,CFPERF02442,+256710002442,perf.02442+uat@example.invalid,false
Perf02443,Load02443,1973-08-14,FEMALE,PRINCIPAL,,CFPERF02443,+256710002443,perf.02443+uat@example.invalid,false
Perf02444,Load02444,1974-09-15,OTHER,PRINCIPAL,,CFPERF02444,+256710002444,perf.02444+uat@example.invalid,false
Perf02445,Load02445,1975-10-16,MALE,PRINCIPAL,,CFPERF02445,+256710002445,perf.02445+uat@example.invalid,false
Perf02446,Load02446,1976-11-17,FEMALE,PRINCIPAL,,CFPERF02446,+256710002446,perf.02446+uat@example.invalid,false
Perf02447,Load02447,1977-12-18,OTHER,PRINCIPAL,,CFPERF02447,+256710002447,perf.02447+uat@example.invalid,false
Perf02448,Load02448,1978-01-19,MALE,PRINCIPAL,,CFPERF02448,+256710002448,perf.02448+uat@example.invalid,false
Perf02449,Load02449,1979-02-20,FEMALE,PRINCIPAL,,CFPERF02449,+256710002449,perf.02449+uat@example.invalid,false
Perf02450,Load02450,1980-03-21,OTHER,PRINCIPAL,,CFPERF02450,+256710002450,perf.02450+uat@example.invalid,false
Perf02451,Load02451,1981-04-22,MALE,PRINCIPAL,,CFPERF02451,+256710002451,perf.02451+uat@example.invalid,false
Perf02452,Load02452,1982-05-23,FEMALE,PRINCIPAL,,CFPERF02452,+256710002452,perf.02452+uat@example.invalid,false
Perf02453,Load02453,1983-06-24,OTHER,PRINCIPAL,,CFPERF02453,+256710002453,perf.02453+uat@example.invalid,false
Perf02454,Load02454,1984-07-25,MALE,PRINCIPAL,,CFPERF02454,+256710002454,perf.02454+uat@example.invalid,false
Perf02455,Load02455,1985-08-26,FEMALE,PRINCIPAL,,CFPERF02455,+256710002455,perf.02455+uat@example.invalid,false
Perf02456,Load02456,1986-09-27,OTHER,PRINCIPAL,,CFPERF02456,+256710002456,perf.02456+uat@example.invalid,false
Perf02457,Load02457,1987-10-01,MALE,PRINCIPAL,,CFPERF02457,+256710002457,perf.02457+uat@example.invalid,false
Perf02458,Load02458,1988-11-02,FEMALE,PRINCIPAL,,CFPERF02458,+256710002458,perf.02458+uat@example.invalid,false
Perf02459,Load02459,1989-12-03,OTHER,PRINCIPAL,,CFPERF02459,+256710002459,perf.02459+uat@example.invalid,false
Perf02460,Load02460,1990-01-04,MALE,PRINCIPAL,,CFPERF02460,+256710002460,perf.02460+uat@example.invalid,false
Perf02461,Load02461,1991-02-05,FEMALE,PRINCIPAL,,CFPERF02461,+256710002461,perf.02461+uat@example.invalid,false
Perf02462,Load02462,1992-03-06,OTHER,PRINCIPAL,,CFPERF02462,+256710002462,perf.02462+uat@example.invalid,false
Perf02463,Load02463,1993-04-07,MALE,PRINCIPAL,,CFPERF02463,+256710002463,perf.02463+uat@example.invalid,false
Perf02464,Load02464,1994-05-08,FEMALE,PRINCIPAL,,CFPERF02464,+256710002464,perf.02464+uat@example.invalid,false
Perf02465,Load02465,1995-06-09,OTHER,PRINCIPAL,,CFPERF02465,+256710002465,perf.02465+uat@example.invalid,false
Perf02466,Load02466,1996-07-10,MALE,PRINCIPAL,,CFPERF02466,+256710002466,perf.02466+uat@example.invalid,false
Perf02467,Load02467,1997-08-11,FEMALE,PRINCIPAL,,CFPERF02467,+256710002467,perf.02467+uat@example.invalid,false
Perf02468,Load02468,1998-09-12,OTHER,PRINCIPAL,,CFPERF02468,+256710002468,perf.02468+uat@example.invalid,false
Perf02469,Load02469,1999-10-13,MALE,PRINCIPAL,,CFPERF02469,+256710002469,perf.02469+uat@example.invalid,false
Perf02470,Load02470,2000-11-14,FEMALE,PRINCIPAL,,CFPERF02470,+256710002470,perf.02470+uat@example.invalid,false
Perf02471,Load02471,2001-12-15,OTHER,PRINCIPAL,,CFPERF02471,+256710002471,perf.02471+uat@example.invalid,false
Perf02472,Load02472,2002-01-16,MALE,PRINCIPAL,,CFPERF02472,+256710002472,perf.02472+uat@example.invalid,false
Perf02473,Load02473,2003-02-17,FEMALE,PRINCIPAL,,CFPERF02473,+256710002473,perf.02473+uat@example.invalid,false
Perf02474,Load02474,2004-03-18,OTHER,PRINCIPAL,,CFPERF02474,+256710002474,perf.02474+uat@example.invalid,false
Perf02475,Load02475,1960-04-19,MALE,PRINCIPAL,,CFPERF02475,+256710002475,perf.02475+uat@example.invalid,false
Perf02476,Load02476,1961-05-20,FEMALE,PRINCIPAL,,CFPERF02476,+256710002476,perf.02476+uat@example.invalid,false
Perf02477,Load02477,1962-06-21,OTHER,PRINCIPAL,,CFPERF02477,+256710002477,perf.02477+uat@example.invalid,false
Perf02478,Load02478,1963-07-22,MALE,PRINCIPAL,,CFPERF02478,+256710002478,perf.02478+uat@example.invalid,false
Perf02479,Load02479,1964-08-23,FEMALE,PRINCIPAL,,CFPERF02479,+256710002479,perf.02479+uat@example.invalid,false
Perf02480,Load02480,1965-09-24,OTHER,PRINCIPAL,,CFPERF02480,+256710002480,perf.02480+uat@example.invalid,false
Perf02481,Load02481,1966-10-25,MALE,PRINCIPAL,,CFPERF02481,+256710002481,perf.02481+uat@example.invalid,false
Perf02482,Load02482,1967-11-26,FEMALE,PRINCIPAL,,CFPERF02482,+256710002482,perf.02482+uat@example.invalid,false
Perf02483,Load02483,1968-12-27,OTHER,PRINCIPAL,,CFPERF02483,+256710002483,perf.02483+uat@example.invalid,false
Perf02484,Load02484,1969-01-01,MALE,PRINCIPAL,,CFPERF02484,+256710002484,perf.02484+uat@example.invalid,false
Perf02485,Load02485,1970-02-02,FEMALE,PRINCIPAL,,CFPERF02485,+256710002485,perf.02485+uat@example.invalid,false
Perf02486,Load02486,1971-03-03,OTHER,PRINCIPAL,,CFPERF02486,+256710002486,perf.02486+uat@example.invalid,false
Perf02487,Load02487,1972-04-04,MALE,PRINCIPAL,,CFPERF02487,+256710002487,perf.02487+uat@example.invalid,false
Perf02488,Load02488,1973-05-05,FEMALE,PRINCIPAL,,CFPERF02488,+256710002488,perf.02488+uat@example.invalid,false
Perf02489,Load02489,1974-06-06,OTHER,PRINCIPAL,,CFPERF02489,+256710002489,perf.02489+uat@example.invalid,false
Perf02490,Load02490,1975-07-07,MALE,PRINCIPAL,,CFPERF02490,+256710002490,perf.02490+uat@example.invalid,false
Perf02491,Load02491,1976-08-08,FEMALE,PRINCIPAL,,CFPERF02491,+256710002491,perf.02491+uat@example.invalid,false
Perf02492,Load02492,1977-09-09,OTHER,PRINCIPAL,,CFPERF02492,+256710002492,perf.02492+uat@example.invalid,false
Perf02493,Load02493,1978-10-10,MALE,PRINCIPAL,,CFPERF02493,+256710002493,perf.02493+uat@example.invalid,false
Perf02494,Load02494,1979-11-11,FEMALE,PRINCIPAL,,CFPERF02494,+256710002494,perf.02494+uat@example.invalid,false
Perf02495,Load02495,1980-12-12,OTHER,PRINCIPAL,,CFPERF02495,+256710002495,perf.02495+uat@example.invalid,false
Perf02496,Load02496,1981-01-13,MALE,PRINCIPAL,,CFPERF02496,+256710002496,perf.02496+uat@example.invalid,false
Perf02497,Load02497,1982-02-14,FEMALE,PRINCIPAL,,CFPERF02497,+256710002497,perf.02497+uat@example.invalid,false
Perf02498,Load02498,1983-03-15,OTHER,PRINCIPAL,,CFPERF02498,+256710002498,perf.02498+uat@example.invalid,false
Perf02499,Load02499,1984-04-16,MALE,PRINCIPAL,,CFPERF02499,+256710002499,perf.02499+uat@example.invalid,false
Perf02500,Load02500,1985-05-17,FEMALE,PRINCIPAL,,CFPERF02500,+256710002500,perf.02500+uat@example.invalid,false
Perf02501,Load02501,1986-06-18,OTHER,PRINCIPAL,,CFPERF02501,+256710002501,perf.02501+uat@example.invalid,false
Perf02502,Load02502,1987-07-19,MALE,PRINCIPAL,,CFPERF02502,+256710002502,perf.02502+uat@example.invalid,false
Perf02503,Load02503,1988-08-20,FEMALE,PRINCIPAL,,CFPERF02503,+256710002503,perf.02503+uat@example.invalid,false
Perf02504,Load02504,1989-09-21,OTHER,PRINCIPAL,,CFPERF02504,+256710002504,perf.02504+uat@example.invalid,false
Perf02505,Load02505,1990-10-22,MALE,PRINCIPAL,,CFPERF02505,+256710002505,perf.02505+uat@example.invalid,false
Perf02506,Load02506,1991-11-23,FEMALE,PRINCIPAL,,CFPERF02506,+256710002506,perf.02506+uat@example.invalid,false
Perf02507,Load02507,1992-12-24,OTHER,PRINCIPAL,,CFPERF02507,+256710002507,perf.02507+uat@example.invalid,false
Perf02508,Load02508,1993-01-25,MALE,PRINCIPAL,,CFPERF02508,+256710002508,perf.02508+uat@example.invalid,false
Perf02509,Load02509,1994-02-26,FEMALE,PRINCIPAL,,CFPERF02509,+256710002509,perf.02509+uat@example.invalid,false
Perf02510,Load02510,1995-03-27,OTHER,PRINCIPAL,,CFPERF02510,+256710002510,perf.02510+uat@example.invalid,false
Perf02511,Load02511,1996-04-01,MALE,PRINCIPAL,,CFPERF02511,+256710002511,perf.02511+uat@example.invalid,false
Perf02512,Load02512,1997-05-02,FEMALE,PRINCIPAL,,CFPERF02512,+256710002512,perf.02512+uat@example.invalid,false
Perf02513,Load02513,1998-06-03,OTHER,PRINCIPAL,,CFPERF02513,+256710002513,perf.02513+uat@example.invalid,false
Perf02514,Load02514,1999-07-04,MALE,PRINCIPAL,,CFPERF02514,+256710002514,perf.02514+uat@example.invalid,false
Perf02515,Load02515,2000-08-05,FEMALE,PRINCIPAL,,CFPERF02515,+256710002515,perf.02515+uat@example.invalid,false
Perf02516,Load02516,2001-09-06,OTHER,PRINCIPAL,,CFPERF02516,+256710002516,perf.02516+uat@example.invalid,false
Perf02517,Load02517,2002-10-07,MALE,PRINCIPAL,,CFPERF02517,+256710002517,perf.02517+uat@example.invalid,false
Perf02518,Load02518,2003-11-08,FEMALE,PRINCIPAL,,CFPERF02518,+256710002518,perf.02518+uat@example.invalid,false
Perf02519,Load02519,2004-12-09,OTHER,PRINCIPAL,,CFPERF02519,+256710002519,perf.02519+uat@example.invalid,false
Perf02520,Load02520,1960-01-10,MALE,PRINCIPAL,,CFPERF02520,+256710002520,perf.02520+uat@example.invalid,false
Perf02521,Load02521,1961-02-11,FEMALE,PRINCIPAL,,CFPERF02521,+256710002521,perf.02521+uat@example.invalid,false
Perf02522,Load02522,1962-03-12,OTHER,PRINCIPAL,,CFPERF02522,+256710002522,perf.02522+uat@example.invalid,false
Perf02523,Load02523,1963-04-13,MALE,PRINCIPAL,,CFPERF02523,+256710002523,perf.02523+uat@example.invalid,false
Perf02524,Load02524,1964-05-14,FEMALE,PRINCIPAL,,CFPERF02524,+256710002524,perf.02524+uat@example.invalid,false
Perf02525,Load02525,1965-06-15,OTHER,PRINCIPAL,,CFPERF02525,+256710002525,perf.02525+uat@example.invalid,false
Perf02526,Load02526,1966-07-16,MALE,PRINCIPAL,,CFPERF02526,+256710002526,perf.02526+uat@example.invalid,false
Perf02527,Load02527,1967-08-17,FEMALE,PRINCIPAL,,CFPERF02527,+256710002527,perf.02527+uat@example.invalid,false
Perf02528,Load02528,1968-09-18,OTHER,PRINCIPAL,,CFPERF02528,+256710002528,perf.02528+uat@example.invalid,false
Perf02529,Load02529,1969-10-19,MALE,PRINCIPAL,,CFPERF02529,+256710002529,perf.02529+uat@example.invalid,false
Perf02530,Load02530,1970-11-20,FEMALE,PRINCIPAL,,CFPERF02530,+256710002530,perf.02530+uat@example.invalid,false
Perf02531,Load02531,1971-12-21,OTHER,PRINCIPAL,,CFPERF02531,+256710002531,perf.02531+uat@example.invalid,false
Perf02532,Load02532,1972-01-22,MALE,PRINCIPAL,,CFPERF02532,+256710002532,perf.02532+uat@example.invalid,false
Perf02533,Load02533,1973-02-23,FEMALE,PRINCIPAL,,CFPERF02533,+256710002533,perf.02533+uat@example.invalid,false
Perf02534,Load02534,1974-03-24,OTHER,PRINCIPAL,,CFPERF02534,+256710002534,perf.02534+uat@example.invalid,false
Perf02535,Load02535,1975-04-25,MALE,PRINCIPAL,,CFPERF02535,+256710002535,perf.02535+uat@example.invalid,false
Perf02536,Load02536,1976-05-26,FEMALE,PRINCIPAL,,CFPERF02536,+256710002536,perf.02536+uat@example.invalid,false
Perf02537,Load02537,1977-06-27,OTHER,PRINCIPAL,,CFPERF02537,+256710002537,perf.02537+uat@example.invalid,false
Perf02538,Load02538,1978-07-01,MALE,PRINCIPAL,,CFPERF02538,+256710002538,perf.02538+uat@example.invalid,false
Perf02539,Load02539,1979-08-02,FEMALE,PRINCIPAL,,CFPERF02539,+256710002539,perf.02539+uat@example.invalid,false
Perf02540,Load02540,1980-09-03,OTHER,PRINCIPAL,,CFPERF02540,+256710002540,perf.02540+uat@example.invalid,false
Perf02541,Load02541,1981-10-04,MALE,PRINCIPAL,,CFPERF02541,+256710002541,perf.02541+uat@example.invalid,false
Perf02542,Load02542,1982-11-05,FEMALE,PRINCIPAL,,CFPERF02542,+256710002542,perf.02542+uat@example.invalid,false
Perf02543,Load02543,1983-12-06,OTHER,PRINCIPAL,,CFPERF02543,+256710002543,perf.02543+uat@example.invalid,false
Perf02544,Load02544,1984-01-07,MALE,PRINCIPAL,,CFPERF02544,+256710002544,perf.02544+uat@example.invalid,false
Perf02545,Load02545,1985-02-08,FEMALE,PRINCIPAL,,CFPERF02545,+256710002545,perf.02545+uat@example.invalid,false
Perf02546,Load02546,1986-03-09,OTHER,PRINCIPAL,,CFPERF02546,+256710002546,perf.02546+uat@example.invalid,false
Perf02547,Load02547,1987-04-10,MALE,PRINCIPAL,,CFPERF02547,+256710002547,perf.02547+uat@example.invalid,false
Perf02548,Load02548,1988-05-11,FEMALE,PRINCIPAL,,CFPERF02548,+256710002548,perf.02548+uat@example.invalid,false
Perf02549,Load02549,1989-06-12,OTHER,PRINCIPAL,,CFPERF02549,+256710002549,perf.02549+uat@example.invalid,false
Perf02550,Load02550,1990-07-13,MALE,PRINCIPAL,,CFPERF02550,+256710002550,perf.02550+uat@example.invalid,false
Perf02551,Load02551,1991-08-14,FEMALE,PRINCIPAL,,CFPERF02551,+256710002551,perf.02551+uat@example.invalid,false
Perf02552,Load02552,1992-09-15,OTHER,PRINCIPAL,,CFPERF02552,+256710002552,perf.02552+uat@example.invalid,false
Perf02553,Load02553,1993-10-16,MALE,PRINCIPAL,,CFPERF02553,+256710002553,perf.02553+uat@example.invalid,false
Perf02554,Load02554,1994-11-17,FEMALE,PRINCIPAL,,CFPERF02554,+256710002554,perf.02554+uat@example.invalid,false
Perf02555,Load02555,1995-12-18,OTHER,PRINCIPAL,,CFPERF02555,+256710002555,perf.02555+uat@example.invalid,false
Perf02556,Load02556,1996-01-19,MALE,PRINCIPAL,,CFPERF02556,+256710002556,perf.02556+uat@example.invalid,false
Perf02557,Load02557,1997-02-20,FEMALE,PRINCIPAL,,CFPERF02557,+256710002557,perf.02557+uat@example.invalid,false
Perf02558,Load02558,1998-03-21,OTHER,PRINCIPAL,,CFPERF02558,+256710002558,perf.02558+uat@example.invalid,false
Perf02559,Load02559,1999-04-22,MALE,PRINCIPAL,,CFPERF02559,+256710002559,perf.02559+uat@example.invalid,false
Perf02560,Load02560,2000-05-23,FEMALE,PRINCIPAL,,CFPERF02560,+256710002560,perf.02560+uat@example.invalid,false
Perf02561,Load02561,2001-06-24,OTHER,PRINCIPAL,,CFPERF02561,+256710002561,perf.02561+uat@example.invalid,false
Perf02562,Load02562,2002-07-25,MALE,PRINCIPAL,,CFPERF02562,+256710002562,perf.02562+uat@example.invalid,false
Perf02563,Load02563,2003-08-26,FEMALE,PRINCIPAL,,CFPERF02563,+256710002563,perf.02563+uat@example.invalid,false
Perf02564,Load02564,2004-09-27,OTHER,PRINCIPAL,,CFPERF02564,+256710002564,perf.02564+uat@example.invalid,false
Perf02565,Load02565,1960-10-01,MALE,PRINCIPAL,,CFPERF02565,+256710002565,perf.02565+uat@example.invalid,false
Perf02566,Load02566,1961-11-02,FEMALE,PRINCIPAL,,CFPERF02566,+256710002566,perf.02566+uat@example.invalid,false
Perf02567,Load02567,1962-12-03,OTHER,PRINCIPAL,,CFPERF02567,+256710002567,perf.02567+uat@example.invalid,false
Perf02568,Load02568,1963-01-04,MALE,PRINCIPAL,,CFPERF02568,+256710002568,perf.02568+uat@example.invalid,false
Perf02569,Load02569,1964-02-05,FEMALE,PRINCIPAL,,CFPERF02569,+256710002569,perf.02569+uat@example.invalid,false
Perf02570,Load02570,1965-03-06,OTHER,PRINCIPAL,,CFPERF02570,+256710002570,perf.02570+uat@example.invalid,false
Perf02571,Load02571,1966-04-07,MALE,PRINCIPAL,,CFPERF02571,+256710002571,perf.02571+uat@example.invalid,false
Perf02572,Load02572,1967-05-08,FEMALE,PRINCIPAL,,CFPERF02572,+256710002572,perf.02572+uat@example.invalid,false
Perf02573,Load02573,1968-06-09,OTHER,PRINCIPAL,,CFPERF02573,+256710002573,perf.02573+uat@example.invalid,false
Perf02574,Load02574,1969-07-10,MALE,PRINCIPAL,,CFPERF02574,+256710002574,perf.02574+uat@example.invalid,false
Perf02575,Load02575,1970-08-11,FEMALE,PRINCIPAL,,CFPERF02575,+256710002575,perf.02575+uat@example.invalid,false
Perf02576,Load02576,1971-09-12,OTHER,PRINCIPAL,,CFPERF02576,+256710002576,perf.02576+uat@example.invalid,false
Perf02577,Load02577,1972-10-13,MALE,PRINCIPAL,,CFPERF02577,+256710002577,perf.02577+uat@example.invalid,false
Perf02578,Load02578,1973-11-14,FEMALE,PRINCIPAL,,CFPERF02578,+256710002578,perf.02578+uat@example.invalid,false
Perf02579,Load02579,1974-12-15,OTHER,PRINCIPAL,,CFPERF02579,+256710002579,perf.02579+uat@example.invalid,false
Perf02580,Load02580,1975-01-16,MALE,PRINCIPAL,,CFPERF02580,+256710002580,perf.02580+uat@example.invalid,false
Perf02581,Load02581,1976-02-17,FEMALE,PRINCIPAL,,CFPERF02581,+256710002581,perf.02581+uat@example.invalid,false
Perf02582,Load02582,1977-03-18,OTHER,PRINCIPAL,,CFPERF02582,+256710002582,perf.02582+uat@example.invalid,false
Perf02583,Load02583,1978-04-19,MALE,PRINCIPAL,,CFPERF02583,+256710002583,perf.02583+uat@example.invalid,false
Perf02584,Load02584,1979-05-20,FEMALE,PRINCIPAL,,CFPERF02584,+256710002584,perf.02584+uat@example.invalid,false
Perf02585,Load02585,1980-06-21,OTHER,PRINCIPAL,,CFPERF02585,+256710002585,perf.02585+uat@example.invalid,false
Perf02586,Load02586,1981-07-22,MALE,PRINCIPAL,,CFPERF02586,+256710002586,perf.02586+uat@example.invalid,false
Perf02587,Load02587,1982-08-23,FEMALE,PRINCIPAL,,CFPERF02587,+256710002587,perf.02587+uat@example.invalid,false
Perf02588,Load02588,1983-09-24,OTHER,PRINCIPAL,,CFPERF02588,+256710002588,perf.02588+uat@example.invalid,false
Perf02589,Load02589,1984-10-25,MALE,PRINCIPAL,,CFPERF02589,+256710002589,perf.02589+uat@example.invalid,false
Perf02590,Load02590,1985-11-26,FEMALE,PRINCIPAL,,CFPERF02590,+256710002590,perf.02590+uat@example.invalid,false
Perf02591,Load02591,1986-12-27,OTHER,PRINCIPAL,,CFPERF02591,+256710002591,perf.02591+uat@example.invalid,false
Perf02592,Load02592,1987-01-01,MALE,PRINCIPAL,,CFPERF02592,+256710002592,perf.02592+uat@example.invalid,false
Perf02593,Load02593,1988-02-02,FEMALE,PRINCIPAL,,CFPERF02593,+256710002593,perf.02593+uat@example.invalid,false
Perf02594,Load02594,1989-03-03,OTHER,PRINCIPAL,,CFPERF02594,+256710002594,perf.02594+uat@example.invalid,false
Perf02595,Load02595,1990-04-04,MALE,PRINCIPAL,,CFPERF02595,+256710002595,perf.02595+uat@example.invalid,false
Perf02596,Load02596,1991-05-05,FEMALE,PRINCIPAL,,CFPERF02596,+256710002596,perf.02596+uat@example.invalid,false
Perf02597,Load02597,1992-06-06,OTHER,PRINCIPAL,,CFPERF02597,+256710002597,perf.02597+uat@example.invalid,false
Perf02598,Load02598,1993-07-07,MALE,PRINCIPAL,,CFPERF02598,+256710002598,perf.02598+uat@example.invalid,false
Perf02599,Load02599,1994-08-08,FEMALE,PRINCIPAL,,CFPERF02599,+256710002599,perf.02599+uat@example.invalid,false
Perf02600,Load02600,1995-09-09,OTHER,PRINCIPAL,,CFPERF02600,+256710002600,perf.02600+uat@example.invalid,false
Perf02601,Load02601,1996-10-10,MALE,PRINCIPAL,,CFPERF02601,+256710002601,perf.02601+uat@example.invalid,false
Perf02602,Load02602,1997-11-11,FEMALE,PRINCIPAL,,CFPERF02602,+256710002602,perf.02602+uat@example.invalid,false
Perf02603,Load02603,1998-12-12,OTHER,PRINCIPAL,,CFPERF02603,+256710002603,perf.02603+uat@example.invalid,false
Perf02604,Load02604,1999-01-13,MALE,PRINCIPAL,,CFPERF02604,+256710002604,perf.02604+uat@example.invalid,false
Perf02605,Load02605,2000-02-14,FEMALE,PRINCIPAL,,CFPERF02605,+256710002605,perf.02605+uat@example.invalid,false
Perf02606,Load02606,2001-03-15,OTHER,PRINCIPAL,,CFPERF02606,+256710002606,perf.02606+uat@example.invalid,false
Perf02607,Load02607,2002-04-16,MALE,PRINCIPAL,,CFPERF02607,+256710002607,perf.02607+uat@example.invalid,false
Perf02608,Load02608,2003-05-17,FEMALE,PRINCIPAL,,CFPERF02608,+256710002608,perf.02608+uat@example.invalid,false
Perf02609,Load02609,2004-06-18,OTHER,PRINCIPAL,,CFPERF02609,+256710002609,perf.02609+uat@example.invalid,false
Perf02610,Load02610,1960-07-19,MALE,PRINCIPAL,,CFPERF02610,+256710002610,perf.02610+uat@example.invalid,false
Perf02611,Load02611,1961-08-20,FEMALE,PRINCIPAL,,CFPERF02611,+256710002611,perf.02611+uat@example.invalid,false
Perf02612,Load02612,1962-09-21,OTHER,PRINCIPAL,,CFPERF02612,+256710002612,perf.02612+uat@example.invalid,false
Perf02613,Load02613,1963-10-22,MALE,PRINCIPAL,,CFPERF02613,+256710002613,perf.02613+uat@example.invalid,false
Perf02614,Load02614,1964-11-23,FEMALE,PRINCIPAL,,CFPERF02614,+256710002614,perf.02614+uat@example.invalid,false
Perf02615,Load02615,1965-12-24,OTHER,PRINCIPAL,,CFPERF02615,+256710002615,perf.02615+uat@example.invalid,false
Perf02616,Load02616,1966-01-25,MALE,PRINCIPAL,,CFPERF02616,+256710002616,perf.02616+uat@example.invalid,false
Perf02617,Load02617,1967-02-26,FEMALE,PRINCIPAL,,CFPERF02617,+256710002617,perf.02617+uat@example.invalid,false
Perf02618,Load02618,1968-03-27,OTHER,PRINCIPAL,,CFPERF02618,+256710002618,perf.02618+uat@example.invalid,false
Perf02619,Load02619,1969-04-01,MALE,PRINCIPAL,,CFPERF02619,+256710002619,perf.02619+uat@example.invalid,false
Perf02620,Load02620,1970-05-02,FEMALE,PRINCIPAL,,CFPERF02620,+256710002620,perf.02620+uat@example.invalid,false
Perf02621,Load02621,1971-06-03,OTHER,PRINCIPAL,,CFPERF02621,+256710002621,perf.02621+uat@example.invalid,false
Perf02622,Load02622,1972-07-04,MALE,PRINCIPAL,,CFPERF02622,+256710002622,perf.02622+uat@example.invalid,false
Perf02623,Load02623,1973-08-05,FEMALE,PRINCIPAL,,CFPERF02623,+256710002623,perf.02623+uat@example.invalid,false
Perf02624,Load02624,1974-09-06,OTHER,PRINCIPAL,,CFPERF02624,+256710002624,perf.02624+uat@example.invalid,false
Perf02625,Load02625,1975-10-07,MALE,PRINCIPAL,,CFPERF02625,+256710002625,perf.02625+uat@example.invalid,false
Perf02626,Load02626,1976-11-08,FEMALE,PRINCIPAL,,CFPERF02626,+256710002626,perf.02626+uat@example.invalid,false
Perf02627,Load02627,1977-12-09,OTHER,PRINCIPAL,,CFPERF02627,+256710002627,perf.02627+uat@example.invalid,false
Perf02628,Load02628,1978-01-10,MALE,PRINCIPAL,,CFPERF02628,+256710002628,perf.02628+uat@example.invalid,false
Perf02629,Load02629,1979-02-11,FEMALE,PRINCIPAL,,CFPERF02629,+256710002629,perf.02629+uat@example.invalid,false
Perf02630,Load02630,1980-03-12,OTHER,PRINCIPAL,,CFPERF02630,+256710002630,perf.02630+uat@example.invalid,false
Perf02631,Load02631,1981-04-13,MALE,PRINCIPAL,,CFPERF02631,+256710002631,perf.02631+uat@example.invalid,false
Perf02632,Load02632,1982-05-14,FEMALE,PRINCIPAL,,CFPERF02632,+256710002632,perf.02632+uat@example.invalid,false
Perf02633,Load02633,1983-06-15,OTHER,PRINCIPAL,,CFPERF02633,+256710002633,perf.02633+uat@example.invalid,false
Perf02634,Load02634,1984-07-16,MALE,PRINCIPAL,,CFPERF02634,+256710002634,perf.02634+uat@example.invalid,false
Perf02635,Load02635,1985-08-17,FEMALE,PRINCIPAL,,CFPERF02635,+256710002635,perf.02635+uat@example.invalid,false
Perf02636,Load02636,1986-09-18,OTHER,PRINCIPAL,,CFPERF02636,+256710002636,perf.02636+uat@example.invalid,false
Perf02637,Load02637,1987-10-19,MALE,PRINCIPAL,,CFPERF02637,+256710002637,perf.02637+uat@example.invalid,false
Perf02638,Load02638,1988-11-20,FEMALE,PRINCIPAL,,CFPERF02638,+256710002638,perf.02638+uat@example.invalid,false
Perf02639,Load02639,1989-12-21,OTHER,PRINCIPAL,,CFPERF02639,+256710002639,perf.02639+uat@example.invalid,false
Perf02640,Load02640,1990-01-22,MALE,PRINCIPAL,,CFPERF02640,+256710002640,perf.02640+uat@example.invalid,false
Perf02641,Load02641,1991-02-23,FEMALE,PRINCIPAL,,CFPERF02641,+256710002641,perf.02641+uat@example.invalid,false
Perf02642,Load02642,1992-03-24,OTHER,PRINCIPAL,,CFPERF02642,+256710002642,perf.02642+uat@example.invalid,false
Perf02643,Load02643,1993-04-25,MALE,PRINCIPAL,,CFPERF02643,+256710002643,perf.02643+uat@example.invalid,false
Perf02644,Load02644,1994-05-26,FEMALE,PRINCIPAL,,CFPERF02644,+256710002644,perf.02644+uat@example.invalid,false
Perf02645,Load02645,1995-06-27,OTHER,PRINCIPAL,,CFPERF02645,+256710002645,perf.02645+uat@example.invalid,false
Perf02646,Load02646,1996-07-01,MALE,PRINCIPAL,,CFPERF02646,+256710002646,perf.02646+uat@example.invalid,false
Perf02647,Load02647,1997-08-02,FEMALE,PRINCIPAL,,CFPERF02647,+256710002647,perf.02647+uat@example.invalid,false
Perf02648,Load02648,1998-09-03,OTHER,PRINCIPAL,,CFPERF02648,+256710002648,perf.02648+uat@example.invalid,false
Perf02649,Load02649,1999-10-04,MALE,PRINCIPAL,,CFPERF02649,+256710002649,perf.02649+uat@example.invalid,false
Perf02650,Load02650,2000-11-05,FEMALE,PRINCIPAL,,CFPERF02650,+256710002650,perf.02650+uat@example.invalid,false
Perf02651,Load02651,2001-12-06,OTHER,PRINCIPAL,,CFPERF02651,+256710002651,perf.02651+uat@example.invalid,false
Perf02652,Load02652,2002-01-07,MALE,PRINCIPAL,,CFPERF02652,+256710002652,perf.02652+uat@example.invalid,false
Perf02653,Load02653,2003-02-08,FEMALE,PRINCIPAL,,CFPERF02653,+256710002653,perf.02653+uat@example.invalid,false
Perf02654,Load02654,2004-03-09,OTHER,PRINCIPAL,,CFPERF02654,+256710002654,perf.02654+uat@example.invalid,false
Perf02655,Load02655,1960-04-10,MALE,PRINCIPAL,,CFPERF02655,+256710002655,perf.02655+uat@example.invalid,false
Perf02656,Load02656,1961-05-11,FEMALE,PRINCIPAL,,CFPERF02656,+256710002656,perf.02656+uat@example.invalid,false
Perf02657,Load02657,1962-06-12,OTHER,PRINCIPAL,,CFPERF02657,+256710002657,perf.02657+uat@example.invalid,false
Perf02658,Load02658,1963-07-13,MALE,PRINCIPAL,,CFPERF02658,+256710002658,perf.02658+uat@example.invalid,false
Perf02659,Load02659,1964-08-14,FEMALE,PRINCIPAL,,CFPERF02659,+256710002659,perf.02659+uat@example.invalid,false
Perf02660,Load02660,1965-09-15,OTHER,PRINCIPAL,,CFPERF02660,+256710002660,perf.02660+uat@example.invalid,false
Perf02661,Load02661,1966-10-16,MALE,PRINCIPAL,,CFPERF02661,+256710002661,perf.02661+uat@example.invalid,false
Perf02662,Load02662,1967-11-17,FEMALE,PRINCIPAL,,CFPERF02662,+256710002662,perf.02662+uat@example.invalid,false
Perf02663,Load02663,1968-12-18,OTHER,PRINCIPAL,,CFPERF02663,+256710002663,perf.02663+uat@example.invalid,false
Perf02664,Load02664,1969-01-19,MALE,PRINCIPAL,,CFPERF02664,+256710002664,perf.02664+uat@example.invalid,false
Perf02665,Load02665,1970-02-20,FEMALE,PRINCIPAL,,CFPERF02665,+256710002665,perf.02665+uat@example.invalid,false
Perf02666,Load02666,1971-03-21,OTHER,PRINCIPAL,,CFPERF02666,+256710002666,perf.02666+uat@example.invalid,false
Perf02667,Load02667,1972-04-22,MALE,PRINCIPAL,,CFPERF02667,+256710002667,perf.02667+uat@example.invalid,false
Perf02668,Load02668,1973-05-23,FEMALE,PRINCIPAL,,CFPERF02668,+256710002668,perf.02668+uat@example.invalid,false
Perf02669,Load02669,1974-06-24,OTHER,PRINCIPAL,,CFPERF02669,+256710002669,perf.02669+uat@example.invalid,false
Perf02670,Load02670,1975-07-25,MALE,PRINCIPAL,,CFPERF02670,+256710002670,perf.02670+uat@example.invalid,false
Perf02671,Load02671,1976-08-26,FEMALE,PRINCIPAL,,CFPERF02671,+256710002671,perf.02671+uat@example.invalid,false
Perf02672,Load02672,1977-09-27,OTHER,PRINCIPAL,,CFPERF02672,+256710002672,perf.02672+uat@example.invalid,false
Perf02673,Load02673,1978-10-01,MALE,PRINCIPAL,,CFPERF02673,+256710002673,perf.02673+uat@example.invalid,false
Perf02674,Load02674,1979-11-02,FEMALE,PRINCIPAL,,CFPERF02674,+256710002674,perf.02674+uat@example.invalid,false
Perf02675,Load02675,1980-12-03,OTHER,PRINCIPAL,,CFPERF02675,+256710002675,perf.02675+uat@example.invalid,false
Perf02676,Load02676,1981-01-04,MALE,PRINCIPAL,,CFPERF02676,+256710002676,perf.02676+uat@example.invalid,false
Perf02677,Load02677,1982-02-05,FEMALE,PRINCIPAL,,CFPERF02677,+256710002677,perf.02677+uat@example.invalid,false
Perf02678,Load02678,1983-03-06,OTHER,PRINCIPAL,,CFPERF02678,+256710002678,perf.02678+uat@example.invalid,false
Perf02679,Load02679,1984-04-07,MALE,PRINCIPAL,,CFPERF02679,+256710002679,perf.02679+uat@example.invalid,false
Perf02680,Load02680,1985-05-08,FEMALE,PRINCIPAL,,CFPERF02680,+256710002680,perf.02680+uat@example.invalid,false
Perf02681,Load02681,1986-06-09,OTHER,PRINCIPAL,,CFPERF02681,+256710002681,perf.02681+uat@example.invalid,false
Perf02682,Load02682,1987-07-10,MALE,PRINCIPAL,,CFPERF02682,+256710002682,perf.02682+uat@example.invalid,false
Perf02683,Load02683,1988-08-11,FEMALE,PRINCIPAL,,CFPERF02683,+256710002683,perf.02683+uat@example.invalid,false
Perf02684,Load02684,1989-09-12,OTHER,PRINCIPAL,,CFPERF02684,+256710002684,perf.02684+uat@example.invalid,false
Perf02685,Load02685,1990-10-13,MALE,PRINCIPAL,,CFPERF02685,+256710002685,perf.02685+uat@example.invalid,false
Perf02686,Load02686,1991-11-14,FEMALE,PRINCIPAL,,CFPERF02686,+256710002686,perf.02686+uat@example.invalid,false
Perf02687,Load02687,1992-12-15,OTHER,PRINCIPAL,,CFPERF02687,+256710002687,perf.02687+uat@example.invalid,false
Perf02688,Load02688,1993-01-16,MALE,PRINCIPAL,,CFPERF02688,+256710002688,perf.02688+uat@example.invalid,false
Perf02689,Load02689,1994-02-17,FEMALE,PRINCIPAL,,CFPERF02689,+256710002689,perf.02689+uat@example.invalid,false
Perf02690,Load02690,1995-03-18,OTHER,PRINCIPAL,,CFPERF02690,+256710002690,perf.02690+uat@example.invalid,false
Perf02691,Load02691,1996-04-19,MALE,PRINCIPAL,,CFPERF02691,+256710002691,perf.02691+uat@example.invalid,false
Perf02692,Load02692,1997-05-20,FEMALE,PRINCIPAL,,CFPERF02692,+256710002692,perf.02692+uat@example.invalid,false
Perf02693,Load02693,1998-06-21,OTHER,PRINCIPAL,,CFPERF02693,+256710002693,perf.02693+uat@example.invalid,false
Perf02694,Load02694,1999-07-22,MALE,PRINCIPAL,,CFPERF02694,+256710002694,perf.02694+uat@example.invalid,false
Perf02695,Load02695,2000-08-23,FEMALE,PRINCIPAL,,CFPERF02695,+256710002695,perf.02695+uat@example.invalid,false
Perf02696,Load02696,2001-09-24,OTHER,PRINCIPAL,,CFPERF02696,+256710002696,perf.02696+uat@example.invalid,false
Perf02697,Load02697,2002-10-25,MALE,PRINCIPAL,,CFPERF02697,+256710002697,perf.02697+uat@example.invalid,false
Perf02698,Load02698,2003-11-26,FEMALE,PRINCIPAL,,CFPERF02698,+256710002698,perf.02698+uat@example.invalid,false
Perf02699,Load02699,2004-12-27,OTHER,PRINCIPAL,,CFPERF02699,+256710002699,perf.02699+uat@example.invalid,false
Perf02700,Load02700,1960-01-01,MALE,PRINCIPAL,,CFPERF02700,+256710002700,perf.02700+uat@example.invalid,false
Perf02701,Load02701,1961-02-02,FEMALE,PRINCIPAL,,CFPERF02701,+256710002701,perf.02701+uat@example.invalid,false
Perf02702,Load02702,1962-03-03,OTHER,PRINCIPAL,,CFPERF02702,+256710002702,perf.02702+uat@example.invalid,false
Perf02703,Load02703,1963-04-04,MALE,PRINCIPAL,,CFPERF02703,+256710002703,perf.02703+uat@example.invalid,false
Perf02704,Load02704,1964-05-05,FEMALE,PRINCIPAL,,CFPERF02704,+256710002704,perf.02704+uat@example.invalid,false
Perf02705,Load02705,1965-06-06,OTHER,PRINCIPAL,,CFPERF02705,+256710002705,perf.02705+uat@example.invalid,false
Perf02706,Load02706,1966-07-07,MALE,PRINCIPAL,,CFPERF02706,+256710002706,perf.02706+uat@example.invalid,false
Perf02707,Load02707,1967-08-08,FEMALE,PRINCIPAL,,CFPERF02707,+256710002707,perf.02707+uat@example.invalid,false
Perf02708,Load02708,1968-09-09,OTHER,PRINCIPAL,,CFPERF02708,+256710002708,perf.02708+uat@example.invalid,false
Perf02709,Load02709,1969-10-10,MALE,PRINCIPAL,,CFPERF02709,+256710002709,perf.02709+uat@example.invalid,false
Perf02710,Load02710,1970-11-11,FEMALE,PRINCIPAL,,CFPERF02710,+256710002710,perf.02710+uat@example.invalid,false
Perf02711,Load02711,1971-12-12,OTHER,PRINCIPAL,,CFPERF02711,+256710002711,perf.02711+uat@example.invalid,false
Perf02712,Load02712,1972-01-13,MALE,PRINCIPAL,,CFPERF02712,+256710002712,perf.02712+uat@example.invalid,false
Perf02713,Load02713,1973-02-14,FEMALE,PRINCIPAL,,CFPERF02713,+256710002713,perf.02713+uat@example.invalid,false
Perf02714,Load02714,1974-03-15,OTHER,PRINCIPAL,,CFPERF02714,+256710002714,perf.02714+uat@example.invalid,false
Perf02715,Load02715,1975-04-16,MALE,PRINCIPAL,,CFPERF02715,+256710002715,perf.02715+uat@example.invalid,false
Perf02716,Load02716,1976-05-17,FEMALE,PRINCIPAL,,CFPERF02716,+256710002716,perf.02716+uat@example.invalid,false
Perf02717,Load02717,1977-06-18,OTHER,PRINCIPAL,,CFPERF02717,+256710002717,perf.02717+uat@example.invalid,false
Perf02718,Load02718,1978-07-19,MALE,PRINCIPAL,,CFPERF02718,+256710002718,perf.02718+uat@example.invalid,false
Perf02719,Load02719,1979-08-20,FEMALE,PRINCIPAL,,CFPERF02719,+256710002719,perf.02719+uat@example.invalid,false
Perf02720,Load02720,1980-09-21,OTHER,PRINCIPAL,,CFPERF02720,+256710002720,perf.02720+uat@example.invalid,false
Perf02721,Load02721,1981-10-22,MALE,PRINCIPAL,,CFPERF02721,+256710002721,perf.02721+uat@example.invalid,false
Perf02722,Load02722,1982-11-23,FEMALE,PRINCIPAL,,CFPERF02722,+256710002722,perf.02722+uat@example.invalid,false
Perf02723,Load02723,1983-12-24,OTHER,PRINCIPAL,,CFPERF02723,+256710002723,perf.02723+uat@example.invalid,false
Perf02724,Load02724,1984-01-25,MALE,PRINCIPAL,,CFPERF02724,+256710002724,perf.02724+uat@example.invalid,false
Perf02725,Load02725,1985-02-26,FEMALE,PRINCIPAL,,CFPERF02725,+256710002725,perf.02725+uat@example.invalid,false
Perf02726,Load02726,1986-03-27,OTHER,PRINCIPAL,,CFPERF02726,+256710002726,perf.02726+uat@example.invalid,false
Perf02727,Load02727,1987-04-01,MALE,PRINCIPAL,,CFPERF02727,+256710002727,perf.02727+uat@example.invalid,false
Perf02728,Load02728,1988-05-02,FEMALE,PRINCIPAL,,CFPERF02728,+256710002728,perf.02728+uat@example.invalid,false
Perf02729,Load02729,1989-06-03,OTHER,PRINCIPAL,,CFPERF02729,+256710002729,perf.02729+uat@example.invalid,false
Perf02730,Load02730,1990-07-04,MALE,PRINCIPAL,,CFPERF02730,+256710002730,perf.02730+uat@example.invalid,false
Perf02731,Load02731,1991-08-05,FEMALE,PRINCIPAL,,CFPERF02731,+256710002731,perf.02731+uat@example.invalid,false
Perf02732,Load02732,1992-09-06,OTHER,PRINCIPAL,,CFPERF02732,+256710002732,perf.02732+uat@example.invalid,false
Perf02733,Load02733,1993-10-07,MALE,PRINCIPAL,,CFPERF02733,+256710002733,perf.02733+uat@example.invalid,false
Perf02734,Load02734,1994-11-08,FEMALE,PRINCIPAL,,CFPERF02734,+256710002734,perf.02734+uat@example.invalid,false
Perf02735,Load02735,1995-12-09,OTHER,PRINCIPAL,,CFPERF02735,+256710002735,perf.02735+uat@example.invalid,false
Perf02736,Load02736,1996-01-10,MALE,PRINCIPAL,,CFPERF02736,+256710002736,perf.02736+uat@example.invalid,false
Perf02737,Load02737,1997-02-11,FEMALE,PRINCIPAL,,CFPERF02737,+256710002737,perf.02737+uat@example.invalid,false
Perf02738,Load02738,1998-03-12,OTHER,PRINCIPAL,,CFPERF02738,+256710002738,perf.02738+uat@example.invalid,false
Perf02739,Load02739,1999-04-13,MALE,PRINCIPAL,,CFPERF02739,+256710002739,perf.02739+uat@example.invalid,false
Perf02740,Load02740,2000-05-14,FEMALE,PRINCIPAL,,CFPERF02740,+256710002740,perf.02740+uat@example.invalid,false
Perf02741,Load02741,2001-06-15,OTHER,PRINCIPAL,,CFPERF02741,+256710002741,perf.02741+uat@example.invalid,false
Perf02742,Load02742,2002-07-16,MALE,PRINCIPAL,,CFPERF02742,+256710002742,perf.02742+uat@example.invalid,false
Perf02743,Load02743,2003-08-17,FEMALE,PRINCIPAL,,CFPERF02743,+256710002743,perf.02743+uat@example.invalid,false
Perf02744,Load02744,2004-09-18,OTHER,PRINCIPAL,,CFPERF02744,+256710002744,perf.02744+uat@example.invalid,false
Perf02745,Load02745,1960-10-19,MALE,PRINCIPAL,,CFPERF02745,+256710002745,perf.02745+uat@example.invalid,false
Perf02746,Load02746,1961-11-20,FEMALE,PRINCIPAL,,CFPERF02746,+256710002746,perf.02746+uat@example.invalid,false
Perf02747,Load02747,1962-12-21,OTHER,PRINCIPAL,,CFPERF02747,+256710002747,perf.02747+uat@example.invalid,false
Perf02748,Load02748,1963-01-22,MALE,PRINCIPAL,,CFPERF02748,+256710002748,perf.02748+uat@example.invalid,false
Perf02749,Load02749,1964-02-23,FEMALE,PRINCIPAL,,CFPERF02749,+256710002749,perf.02749+uat@example.invalid,false
Perf02750,Load02750,1965-03-24,OTHER,PRINCIPAL,,CFPERF02750,+256710002750,perf.02750+uat@example.invalid,false
Perf02751,Load02751,1966-04-25,MALE,PRINCIPAL,,CFPERF02751,+256710002751,perf.02751+uat@example.invalid,false
Perf02752,Load02752,1967-05-26,FEMALE,PRINCIPAL,,CFPERF02752,+256710002752,perf.02752+uat@example.invalid,false
Perf02753,Load02753,1968-06-27,OTHER,PRINCIPAL,,CFPERF02753,+256710002753,perf.02753+uat@example.invalid,false
Perf02754,Load02754,1969-07-01,MALE,PRINCIPAL,,CFPERF02754,+256710002754,perf.02754+uat@example.invalid,false
Perf02755,Load02755,1970-08-02,FEMALE,PRINCIPAL,,CFPERF02755,+256710002755,perf.02755+uat@example.invalid,false
Perf02756,Load02756,1971-09-03,OTHER,PRINCIPAL,,CFPERF02756,+256710002756,perf.02756+uat@example.invalid,false
Perf02757,Load02757,1972-10-04,MALE,PRINCIPAL,,CFPERF02757,+256710002757,perf.02757+uat@example.invalid,false
Perf02758,Load02758,1973-11-05,FEMALE,PRINCIPAL,,CFPERF02758,+256710002758,perf.02758+uat@example.invalid,false
Perf02759,Load02759,1974-12-06,OTHER,PRINCIPAL,,CFPERF02759,+256710002759,perf.02759+uat@example.invalid,false
Perf02760,Load02760,1975-01-07,MALE,PRINCIPAL,,CFPERF02760,+256710002760,perf.02760+uat@example.invalid,false
Perf02761,Load02761,1976-02-08,FEMALE,PRINCIPAL,,CFPERF02761,+256710002761,perf.02761+uat@example.invalid,false
Perf02762,Load02762,1977-03-09,OTHER,PRINCIPAL,,CFPERF02762,+256710002762,perf.02762+uat@example.invalid,false
Perf02763,Load02763,1978-04-10,MALE,PRINCIPAL,,CFPERF02763,+256710002763,perf.02763+uat@example.invalid,false
Perf02764,Load02764,1979-05-11,FEMALE,PRINCIPAL,,CFPERF02764,+256710002764,perf.02764+uat@example.invalid,false
Perf02765,Load02765,1980-06-12,OTHER,PRINCIPAL,,CFPERF02765,+256710002765,perf.02765+uat@example.invalid,false
Perf02766,Load02766,1981-07-13,MALE,PRINCIPAL,,CFPERF02766,+256710002766,perf.02766+uat@example.invalid,false
Perf02767,Load02767,1982-08-14,FEMALE,PRINCIPAL,,CFPERF02767,+256710002767,perf.02767+uat@example.invalid,false
Perf02768,Load02768,1983-09-15,OTHER,PRINCIPAL,,CFPERF02768,+256710002768,perf.02768+uat@example.invalid,false
Perf02769,Load02769,1984-10-16,MALE,PRINCIPAL,,CFPERF02769,+256710002769,perf.02769+uat@example.invalid,false
Perf02770,Load02770,1985-11-17,FEMALE,PRINCIPAL,,CFPERF02770,+256710002770,perf.02770+uat@example.invalid,false
Perf02771,Load02771,1986-12-18,OTHER,PRINCIPAL,,CFPERF02771,+256710002771,perf.02771+uat@example.invalid,false
Perf02772,Load02772,1987-01-19,MALE,PRINCIPAL,,CFPERF02772,+256710002772,perf.02772+uat@example.invalid,false
Perf02773,Load02773,1988-02-20,FEMALE,PRINCIPAL,,CFPERF02773,+256710002773,perf.02773+uat@example.invalid,false
Perf02774,Load02774,1989-03-21,OTHER,PRINCIPAL,,CFPERF02774,+256710002774,perf.02774+uat@example.invalid,false
Perf02775,Load02775,1990-04-22,MALE,PRINCIPAL,,CFPERF02775,+256710002775,perf.02775+uat@example.invalid,false
Perf02776,Load02776,1991-05-23,FEMALE,PRINCIPAL,,CFPERF02776,+256710002776,perf.02776+uat@example.invalid,false
Perf02777,Load02777,1992-06-24,OTHER,PRINCIPAL,,CFPERF02777,+256710002777,perf.02777+uat@example.invalid,false
Perf02778,Load02778,1993-07-25,MALE,PRINCIPAL,,CFPERF02778,+256710002778,perf.02778+uat@example.invalid,false
Perf02779,Load02779,1994-08-26,FEMALE,PRINCIPAL,,CFPERF02779,+256710002779,perf.02779+uat@example.invalid,false
Perf02780,Load02780,1995-09-27,OTHER,PRINCIPAL,,CFPERF02780,+256710002780,perf.02780+uat@example.invalid,false
Perf02781,Load02781,1996-10-01,MALE,PRINCIPAL,,CFPERF02781,+256710002781,perf.02781+uat@example.invalid,false
Perf02782,Load02782,1997-11-02,FEMALE,PRINCIPAL,,CFPERF02782,+256710002782,perf.02782+uat@example.invalid,false
Perf02783,Load02783,1998-12-03,OTHER,PRINCIPAL,,CFPERF02783,+256710002783,perf.02783+uat@example.invalid,false
Perf02784,Load02784,1999-01-04,MALE,PRINCIPAL,,CFPERF02784,+256710002784,perf.02784+uat@example.invalid,false
Perf02785,Load02785,2000-02-05,FEMALE,PRINCIPAL,,CFPERF02785,+256710002785,perf.02785+uat@example.invalid,false
Perf02786,Load02786,2001-03-06,OTHER,PRINCIPAL,,CFPERF02786,+256710002786,perf.02786+uat@example.invalid,false
Perf02787,Load02787,2002-04-07,MALE,PRINCIPAL,,CFPERF02787,+256710002787,perf.02787+uat@example.invalid,false
Perf02788,Load02788,2003-05-08,FEMALE,PRINCIPAL,,CFPERF02788,+256710002788,perf.02788+uat@example.invalid,false
Perf02789,Load02789,2004-06-09,OTHER,PRINCIPAL,,CFPERF02789,+256710002789,perf.02789+uat@example.invalid,false
Perf02790,Load02790,1960-07-10,MALE,PRINCIPAL,,CFPERF02790,+256710002790,perf.02790+uat@example.invalid,false
Perf02791,Load02791,1961-08-11,FEMALE,PRINCIPAL,,CFPERF02791,+256710002791,perf.02791+uat@example.invalid,false
Perf02792,Load02792,1962-09-12,OTHER,PRINCIPAL,,CFPERF02792,+256710002792,perf.02792+uat@example.invalid,false
Perf02793,Load02793,1963-10-13,MALE,PRINCIPAL,,CFPERF02793,+256710002793,perf.02793+uat@example.invalid,false
Perf02794,Load02794,1964-11-14,FEMALE,PRINCIPAL,,CFPERF02794,+256710002794,perf.02794+uat@example.invalid,false
Perf02795,Load02795,1965-12-15,OTHER,PRINCIPAL,,CFPERF02795,+256710002795,perf.02795+uat@example.invalid,false
Perf02796,Load02796,1966-01-16,MALE,PRINCIPAL,,CFPERF02796,+256710002796,perf.02796+uat@example.invalid,false
Perf02797,Load02797,1967-02-17,FEMALE,PRINCIPAL,,CFPERF02797,+256710002797,perf.02797+uat@example.invalid,false
Perf02798,Load02798,1968-03-18,OTHER,PRINCIPAL,,CFPERF02798,+256710002798,perf.02798+uat@example.invalid,false
Perf02799,Load02799,1969-04-19,MALE,PRINCIPAL,,CFPERF02799,+256710002799,perf.02799+uat@example.invalid,false
Perf02800,Load02800,1970-05-20,FEMALE,PRINCIPAL,,CFPERF02800,+256710002800,perf.02800+uat@example.invalid,false
Perf02801,Load02801,1971-06-21,OTHER,PRINCIPAL,,CFPERF02801,+256710002801,perf.02801+uat@example.invalid,false
Perf02802,Load02802,1972-07-22,MALE,PRINCIPAL,,CFPERF02802,+256710002802,perf.02802+uat@example.invalid,false
Perf02803,Load02803,1973-08-23,FEMALE,PRINCIPAL,,CFPERF02803,+256710002803,perf.02803+uat@example.invalid,false
Perf02804,Load02804,1974-09-24,OTHER,PRINCIPAL,,CFPERF02804,+256710002804,perf.02804+uat@example.invalid,false
Perf02805,Load02805,1975-10-25,MALE,PRINCIPAL,,CFPERF02805,+256710002805,perf.02805+uat@example.invalid,false
Perf02806,Load02806,1976-11-26,FEMALE,PRINCIPAL,,CFPERF02806,+256710002806,perf.02806+uat@example.invalid,false
Perf02807,Load02807,1977-12-27,OTHER,PRINCIPAL,,CFPERF02807,+256710002807,perf.02807+uat@example.invalid,false
Perf02808,Load02808,1978-01-01,MALE,PRINCIPAL,,CFPERF02808,+256710002808,perf.02808+uat@example.invalid,false
Perf02809,Load02809,1979-02-02,FEMALE,PRINCIPAL,,CFPERF02809,+256710002809,perf.02809+uat@example.invalid,false
Perf02810,Load02810,1980-03-03,OTHER,PRINCIPAL,,CFPERF02810,+256710002810,perf.02810+uat@example.invalid,false
Perf02811,Load02811,1981-04-04,MALE,PRINCIPAL,,CFPERF02811,+256710002811,perf.02811+uat@example.invalid,false
Perf02812,Load02812,1982-05-05,FEMALE,PRINCIPAL,,CFPERF02812,+256710002812,perf.02812+uat@example.invalid,false
Perf02813,Load02813,1983-06-06,OTHER,PRINCIPAL,,CFPERF02813,+256710002813,perf.02813+uat@example.invalid,false
Perf02814,Load02814,1984-07-07,MALE,PRINCIPAL,,CFPERF02814,+256710002814,perf.02814+uat@example.invalid,false
Perf02815,Load02815,1985-08-08,FEMALE,PRINCIPAL,,CFPERF02815,+256710002815,perf.02815+uat@example.invalid,false
Perf02816,Load02816,1986-09-09,OTHER,PRINCIPAL,,CFPERF02816,+256710002816,perf.02816+uat@example.invalid,false
Perf02817,Load02817,1987-10-10,MALE,PRINCIPAL,,CFPERF02817,+256710002817,perf.02817+uat@example.invalid,false
Perf02818,Load02818,1988-11-11,FEMALE,PRINCIPAL,,CFPERF02818,+256710002818,perf.02818+uat@example.invalid,false
Perf02819,Load02819,1989-12-12,OTHER,PRINCIPAL,,CFPERF02819,+256710002819,perf.02819+uat@example.invalid,false
Perf02820,Load02820,1990-01-13,MALE,PRINCIPAL,,CFPERF02820,+256710002820,perf.02820+uat@example.invalid,false
Perf02821,Load02821,1991-02-14,FEMALE,PRINCIPAL,,CFPERF02821,+256710002821,perf.02821+uat@example.invalid,false
Perf02822,Load02822,1992-03-15,OTHER,PRINCIPAL,,CFPERF02822,+256710002822,perf.02822+uat@example.invalid,false
Perf02823,Load02823,1993-04-16,MALE,PRINCIPAL,,CFPERF02823,+256710002823,perf.02823+uat@example.invalid,false
Perf02824,Load02824,1994-05-17,FEMALE,PRINCIPAL,,CFPERF02824,+256710002824,perf.02824+uat@example.invalid,false
Perf02825,Load02825,1995-06-18,OTHER,PRINCIPAL,,CFPERF02825,+256710002825,perf.02825+uat@example.invalid,false
Perf02826,Load02826,1996-07-19,MALE,PRINCIPAL,,CFPERF02826,+256710002826,perf.02826+uat@example.invalid,false
Perf02827,Load02827,1997-08-20,FEMALE,PRINCIPAL,,CFPERF02827,+256710002827,perf.02827+uat@example.invalid,false
Perf02828,Load02828,1998-09-21,OTHER,PRINCIPAL,,CFPERF02828,+256710002828,perf.02828+uat@example.invalid,false
Perf02829,Load02829,1999-10-22,MALE,PRINCIPAL,,CFPERF02829,+256710002829,perf.02829+uat@example.invalid,false
Perf02830,Load02830,2000-11-23,FEMALE,PRINCIPAL,,CFPERF02830,+256710002830,perf.02830+uat@example.invalid,false
Perf02831,Load02831,2001-12-24,OTHER,PRINCIPAL,,CFPERF02831,+256710002831,perf.02831+uat@example.invalid,false
Perf02832,Load02832,2002-01-25,MALE,PRINCIPAL,,CFPERF02832,+256710002832,perf.02832+uat@example.invalid,false
Perf02833,Load02833,2003-02-26,FEMALE,PRINCIPAL,,CFPERF02833,+256710002833,perf.02833+uat@example.invalid,false
Perf02834,Load02834,2004-03-27,OTHER,PRINCIPAL,,CFPERF02834,+256710002834,perf.02834+uat@example.invalid,false
Perf02835,Load02835,1960-04-01,MALE,PRINCIPAL,,CFPERF02835,+256710002835,perf.02835+uat@example.invalid,false
Perf02836,Load02836,1961-05-02,FEMALE,PRINCIPAL,,CFPERF02836,+256710002836,perf.02836+uat@example.invalid,false
Perf02837,Load02837,1962-06-03,OTHER,PRINCIPAL,,CFPERF02837,+256710002837,perf.02837+uat@example.invalid,false
Perf02838,Load02838,1963-07-04,MALE,PRINCIPAL,,CFPERF02838,+256710002838,perf.02838+uat@example.invalid,false
Perf02839,Load02839,1964-08-05,FEMALE,PRINCIPAL,,CFPERF02839,+256710002839,perf.02839+uat@example.invalid,false
Perf02840,Load02840,1965-09-06,OTHER,PRINCIPAL,,CFPERF02840,+256710002840,perf.02840+uat@example.invalid,false
Perf02841,Load02841,1966-10-07,MALE,PRINCIPAL,,CFPERF02841,+256710002841,perf.02841+uat@example.invalid,false
Perf02842,Load02842,1967-11-08,FEMALE,PRINCIPAL,,CFPERF02842,+256710002842,perf.02842+uat@example.invalid,false
Perf02843,Load02843,1968-12-09,OTHER,PRINCIPAL,,CFPERF02843,+256710002843,perf.02843+uat@example.invalid,false
Perf02844,Load02844,1969-01-10,MALE,PRINCIPAL,,CFPERF02844,+256710002844,perf.02844+uat@example.invalid,false
Perf02845,Load02845,1970-02-11,FEMALE,PRINCIPAL,,CFPERF02845,+256710002845,perf.02845+uat@example.invalid,false
Perf02846,Load02846,1971-03-12,OTHER,PRINCIPAL,,CFPERF02846,+256710002846,perf.02846+uat@example.invalid,false
Perf02847,Load02847,1972-04-13,MALE,PRINCIPAL,,CFPERF02847,+256710002847,perf.02847+uat@example.invalid,false
Perf02848,Load02848,1973-05-14,FEMALE,PRINCIPAL,,CFPERF02848,+256710002848,perf.02848+uat@example.invalid,false
Perf02849,Load02849,1974-06-15,OTHER,PRINCIPAL,,CFPERF02849,+256710002849,perf.02849+uat@example.invalid,false
Perf02850,Load02850,1975-07-16,MALE,PRINCIPAL,,CFPERF02850,+256710002850,perf.02850+uat@example.invalid,false
Perf02851,Load02851,1976-08-17,FEMALE,PRINCIPAL,,CFPERF02851,+256710002851,perf.02851+uat@example.invalid,false
Perf02852,Load02852,1977-09-18,OTHER,PRINCIPAL,,CFPERF02852,+256710002852,perf.02852+uat@example.invalid,false
Perf02853,Load02853,1978-10-19,MALE,PRINCIPAL,,CFPERF02853,+256710002853,perf.02853+uat@example.invalid,false
Perf02854,Load02854,1979-11-20,FEMALE,PRINCIPAL,,CFPERF02854,+256710002854,perf.02854+uat@example.invalid,false
Perf02855,Load02855,1980-12-21,OTHER,PRINCIPAL,,CFPERF02855,+256710002855,perf.02855+uat@example.invalid,false
Perf02856,Load02856,1981-01-22,MALE,PRINCIPAL,,CFPERF02856,+256710002856,perf.02856+uat@example.invalid,false
Perf02857,Load02857,1982-02-23,FEMALE,PRINCIPAL,,CFPERF02857,+256710002857,perf.02857+uat@example.invalid,false
Perf02858,Load02858,1983-03-24,OTHER,PRINCIPAL,,CFPERF02858,+256710002858,perf.02858+uat@example.invalid,false
Perf02859,Load02859,1984-04-25,MALE,PRINCIPAL,,CFPERF02859,+256710002859,perf.02859+uat@example.invalid,false
Perf02860,Load02860,1985-05-26,FEMALE,PRINCIPAL,,CFPERF02860,+256710002860,perf.02860+uat@example.invalid,false
Perf02861,Load02861,1986-06-27,OTHER,PRINCIPAL,,CFPERF02861,+256710002861,perf.02861+uat@example.invalid,false
Perf02862,Load02862,1987-07-01,MALE,PRINCIPAL,,CFPERF02862,+256710002862,perf.02862+uat@example.invalid,false
Perf02863,Load02863,1988-08-02,FEMALE,PRINCIPAL,,CFPERF02863,+256710002863,perf.02863+uat@example.invalid,false
Perf02864,Load02864,1989-09-03,OTHER,PRINCIPAL,,CFPERF02864,+256710002864,perf.02864+uat@example.invalid,false
Perf02865,Load02865,1990-10-04,MALE,PRINCIPAL,,CFPERF02865,+256710002865,perf.02865+uat@example.invalid,false
Perf02866,Load02866,1991-11-05,FEMALE,PRINCIPAL,,CFPERF02866,+256710002866,perf.02866+uat@example.invalid,false
Perf02867,Load02867,1992-12-06,OTHER,PRINCIPAL,,CFPERF02867,+256710002867,perf.02867+uat@example.invalid,false
Perf02868,Load02868,1993-01-07,MALE,PRINCIPAL,,CFPERF02868,+256710002868,perf.02868+uat@example.invalid,false
Perf02869,Load02869,1994-02-08,FEMALE,PRINCIPAL,,CFPERF02869,+256710002869,perf.02869+uat@example.invalid,false
Perf02870,Load02870,1995-03-09,OTHER,PRINCIPAL,,CFPERF02870,+256710002870,perf.02870+uat@example.invalid,false
Perf02871,Load02871,1996-04-10,MALE,PRINCIPAL,,CFPERF02871,+256710002871,perf.02871+uat@example.invalid,false
Perf02872,Load02872,1997-05-11,FEMALE,PRINCIPAL,,CFPERF02872,+256710002872,perf.02872+uat@example.invalid,false
Perf02873,Load02873,1998-06-12,OTHER,PRINCIPAL,,CFPERF02873,+256710002873,perf.02873+uat@example.invalid,false
Perf02874,Load02874,1999-07-13,MALE,PRINCIPAL,,CFPERF02874,+256710002874,perf.02874+uat@example.invalid,false
Perf02875,Load02875,2000-08-14,FEMALE,PRINCIPAL,,CFPERF02875,+256710002875,perf.02875+uat@example.invalid,false
Perf02876,Load02876,2001-09-15,OTHER,PRINCIPAL,,CFPERF02876,+256710002876,perf.02876+uat@example.invalid,false
Perf02877,Load02877,2002-10-16,MALE,PRINCIPAL,,CFPERF02877,+256710002877,perf.02877+uat@example.invalid,false
Perf02878,Load02878,2003-11-17,FEMALE,PRINCIPAL,,CFPERF02878,+256710002878,perf.02878+uat@example.invalid,false
Perf02879,Load02879,2004-12-18,OTHER,PRINCIPAL,,CFPERF02879,+256710002879,perf.02879+uat@example.invalid,false
Perf02880,Load02880,1960-01-19,MALE,PRINCIPAL,,CFPERF02880,+256710002880,perf.02880+uat@example.invalid,false
Perf02881,Load02881,1961-02-20,FEMALE,PRINCIPAL,,CFPERF02881,+256710002881,perf.02881+uat@example.invalid,false
Perf02882,Load02882,1962-03-21,OTHER,PRINCIPAL,,CFPERF02882,+256710002882,perf.02882+uat@example.invalid,false
Perf02883,Load02883,1963-04-22,MALE,PRINCIPAL,,CFPERF02883,+256710002883,perf.02883+uat@example.invalid,false
Perf02884,Load02884,1964-05-23,FEMALE,PRINCIPAL,,CFPERF02884,+256710002884,perf.02884+uat@example.invalid,false
Perf02885,Load02885,1965-06-24,OTHER,PRINCIPAL,,CFPERF02885,+256710002885,perf.02885+uat@example.invalid,false
Perf02886,Load02886,1966-07-25,MALE,PRINCIPAL,,CFPERF02886,+256710002886,perf.02886+uat@example.invalid,false
Perf02887,Load02887,1967-08-26,FEMALE,PRINCIPAL,,CFPERF02887,+256710002887,perf.02887+uat@example.invalid,false
Perf02888,Load02888,1968-09-27,OTHER,PRINCIPAL,,CFPERF02888,+256710002888,perf.02888+uat@example.invalid,false
Perf02889,Load02889,1969-10-01,MALE,PRINCIPAL,,CFPERF02889,+256710002889,perf.02889+uat@example.invalid,false
Perf02890,Load02890,1970-11-02,FEMALE,PRINCIPAL,,CFPERF02890,+256710002890,perf.02890+uat@example.invalid,false
Perf02891,Load02891,1971-12-03,OTHER,PRINCIPAL,,CFPERF02891,+256710002891,perf.02891+uat@example.invalid,false
Perf02892,Load02892,1972-01-04,MALE,PRINCIPAL,,CFPERF02892,+256710002892,perf.02892+uat@example.invalid,false
Perf02893,Load02893,1973-02-05,FEMALE,PRINCIPAL,,CFPERF02893,+256710002893,perf.02893+uat@example.invalid,false
Perf02894,Load02894,1974-03-06,OTHER,PRINCIPAL,,CFPERF02894,+256710002894,perf.02894+uat@example.invalid,false
Perf02895,Load02895,1975-04-07,MALE,PRINCIPAL,,CFPERF02895,+256710002895,perf.02895+uat@example.invalid,false
Perf02896,Load02896,1976-05-08,FEMALE,PRINCIPAL,,CFPERF02896,+256710002896,perf.02896+uat@example.invalid,false
Perf02897,Load02897,1977-06-09,OTHER,PRINCIPAL,,CFPERF02897,+256710002897,perf.02897+uat@example.invalid,false
Perf02898,Load02898,1978-07-10,MALE,PRINCIPAL,,CFPERF02898,+256710002898,perf.02898+uat@example.invalid,false
Perf02899,Load02899,1979-08-11,FEMALE,PRINCIPAL,,CFPERF02899,+256710002899,perf.02899+uat@example.invalid,false
Perf02900,Load02900,1980-09-12,OTHER,PRINCIPAL,,CFPERF02900,+256710002900,perf.02900+uat@example.invalid,false
Perf02901,Load02901,1981-10-13,MALE,PRINCIPAL,,CFPERF02901,+256710002901,perf.02901+uat@example.invalid,false
Perf02902,Load02902,1982-11-14,FEMALE,PRINCIPAL,,CFPERF02902,+256710002902,perf.02902+uat@example.invalid,false
Perf02903,Load02903,1983-12-15,OTHER,PRINCIPAL,,CFPERF02903,+256710002903,perf.02903+uat@example.invalid,false
Perf02904,Load02904,1984-01-16,MALE,PRINCIPAL,,CFPERF02904,+256710002904,perf.02904+uat@example.invalid,false
Perf02905,Load02905,1985-02-17,FEMALE,PRINCIPAL,,CFPERF02905,+256710002905,perf.02905+uat@example.invalid,false
Perf02906,Load02906,1986-03-18,OTHER,PRINCIPAL,,CFPERF02906,+256710002906,perf.02906+uat@example.invalid,false
Perf02907,Load02907,1987-04-19,MALE,PRINCIPAL,,CFPERF02907,+256710002907,perf.02907+uat@example.invalid,false
Perf02908,Load02908,1988-05-20,FEMALE,PRINCIPAL,,CFPERF02908,+256710002908,perf.02908+uat@example.invalid,false
Perf02909,Load02909,1989-06-21,OTHER,PRINCIPAL,,CFPERF02909,+256710002909,perf.02909+uat@example.invalid,false
Perf02910,Load02910,1990-07-22,MALE,PRINCIPAL,,CFPERF02910,+256710002910,perf.02910+uat@example.invalid,false
Perf02911,Load02911,1991-08-23,FEMALE,PRINCIPAL,,CFPERF02911,+256710002911,perf.02911+uat@example.invalid,false
Perf02912,Load02912,1992-09-24,OTHER,PRINCIPAL,,CFPERF02912,+256710002912,perf.02912+uat@example.invalid,false
Perf02913,Load02913,1993-10-25,MALE,PRINCIPAL,,CFPERF02913,+256710002913,perf.02913+uat@example.invalid,false
Perf02914,Load02914,1994-11-26,FEMALE,PRINCIPAL,,CFPERF02914,+256710002914,perf.02914+uat@example.invalid,false
Perf02915,Load02915,1995-12-27,OTHER,PRINCIPAL,,CFPERF02915,+256710002915,perf.02915+uat@example.invalid,false
Perf02916,Load02916,1996-01-01,MALE,PRINCIPAL,,CFPERF02916,+256710002916,perf.02916+uat@example.invalid,false
Perf02917,Load02917,1997-02-02,FEMALE,PRINCIPAL,,CFPERF02917,+256710002917,perf.02917+uat@example.invalid,false
Perf02918,Load02918,1998-03-03,OTHER,PRINCIPAL,,CFPERF02918,+256710002918,perf.02918+uat@example.invalid,false
Perf02919,Load02919,1999-04-04,MALE,PRINCIPAL,,CFPERF02919,+256710002919,perf.02919+uat@example.invalid,false
Perf02920,Load02920,2000-05-05,FEMALE,PRINCIPAL,,CFPERF02920,+256710002920,perf.02920+uat@example.invalid,false
Perf02921,Load02921,2001-06-06,OTHER,PRINCIPAL,,CFPERF02921,+256710002921,perf.02921+uat@example.invalid,false
Perf02922,Load02922,2002-07-07,MALE,PRINCIPAL,,CFPERF02922,+256710002922,perf.02922+uat@example.invalid,false
Perf02923,Load02923,2003-08-08,FEMALE,PRINCIPAL,,CFPERF02923,+256710002923,perf.02923+uat@example.invalid,false
Perf02924,Load02924,2004-09-09,OTHER,PRINCIPAL,,CFPERF02924,+256710002924,perf.02924+uat@example.invalid,false
Perf02925,Load02925,1960-10-10,MALE,PRINCIPAL,,CFPERF02925,+256710002925,perf.02925+uat@example.invalid,false
Perf02926,Load02926,1961-11-11,FEMALE,PRINCIPAL,,CFPERF02926,+256710002926,perf.02926+uat@example.invalid,false
Perf02927,Load02927,1962-12-12,OTHER,PRINCIPAL,,CFPERF02927,+256710002927,perf.02927+uat@example.invalid,false
Perf02928,Load02928,1963-01-13,MALE,PRINCIPAL,,CFPERF02928,+256710002928,perf.02928+uat@example.invalid,false
Perf02929,Load02929,1964-02-14,FEMALE,PRINCIPAL,,CFPERF02929,+256710002929,perf.02929+uat@example.invalid,false
Perf02930,Load02930,1965-03-15,OTHER,PRINCIPAL,,CFPERF02930,+256710002930,perf.02930+uat@example.invalid,false
Perf02931,Load02931,1966-04-16,MALE,PRINCIPAL,,CFPERF02931,+256710002931,perf.02931+uat@example.invalid,false
Perf02932,Load02932,1967-05-17,FEMALE,PRINCIPAL,,CFPERF02932,+256710002932,perf.02932+uat@example.invalid,false
Perf02933,Load02933,1968-06-18,OTHER,PRINCIPAL,,CFPERF02933,+256710002933,perf.02933+uat@example.invalid,false
Perf02934,Load02934,1969-07-19,MALE,PRINCIPAL,,CFPERF02934,+256710002934,perf.02934+uat@example.invalid,false
Perf02935,Load02935,1970-08-20,FEMALE,PRINCIPAL,,CFPERF02935,+256710002935,perf.02935+uat@example.invalid,false
Perf02936,Load02936,1971-09-21,OTHER,PRINCIPAL,,CFPERF02936,+256710002936,perf.02936+uat@example.invalid,false
Perf02937,Load02937,1972-10-22,MALE,PRINCIPAL,,CFPERF02937,+256710002937,perf.02937+uat@example.invalid,false
Perf02938,Load02938,1973-11-23,FEMALE,PRINCIPAL,,CFPERF02938,+256710002938,perf.02938+uat@example.invalid,false
Perf02939,Load02939,1974-12-24,OTHER,PRINCIPAL,,CFPERF02939,+256710002939,perf.02939+uat@example.invalid,false
Perf02940,Load02940,1975-01-25,MALE,PRINCIPAL,,CFPERF02940,+256710002940,perf.02940+uat@example.invalid,false
Perf02941,Load02941,1976-02-26,FEMALE,PRINCIPAL,,CFPERF02941,+256710002941,perf.02941+uat@example.invalid,false
Perf02942,Load02942,1977-03-27,OTHER,PRINCIPAL,,CFPERF02942,+256710002942,perf.02942+uat@example.invalid,false
Perf02943,Load02943,1978-04-01,MALE,PRINCIPAL,,CFPERF02943,+256710002943,perf.02943+uat@example.invalid,false
Perf02944,Load02944,1979-05-02,FEMALE,PRINCIPAL,,CFPERF02944,+256710002944,perf.02944+uat@example.invalid,false
Perf02945,Load02945,1980-06-03,OTHER,PRINCIPAL,,CFPERF02945,+256710002945,perf.02945+uat@example.invalid,false
Perf02946,Load02946,1981-07-04,MALE,PRINCIPAL,,CFPERF02946,+256710002946,perf.02946+uat@example.invalid,false
Perf02947,Load02947,1982-08-05,FEMALE,PRINCIPAL,,CFPERF02947,+256710002947,perf.02947+uat@example.invalid,false
Perf02948,Load02948,1983-09-06,OTHER,PRINCIPAL,,CFPERF02948,+256710002948,perf.02948+uat@example.invalid,false
Perf02949,Load02949,1984-10-07,MALE,PRINCIPAL,,CFPERF02949,+256710002949,perf.02949+uat@example.invalid,false
Perf02950,Load02950,1985-11-08,FEMALE,PRINCIPAL,,CFPERF02950,+256710002950,perf.02950+uat@example.invalid,false
Perf02951,Load02951,1986-12-09,OTHER,PRINCIPAL,,CFPERF02951,+256710002951,perf.02951+uat@example.invalid,false
Perf02952,Load02952,1987-01-10,MALE,PRINCIPAL,,CFPERF02952,+256710002952,perf.02952+uat@example.invalid,false
Perf02953,Load02953,1988-02-11,FEMALE,PRINCIPAL,,CFPERF02953,+256710002953,perf.02953+uat@example.invalid,false
Perf02954,Load02954,1989-03-12,OTHER,PRINCIPAL,,CFPERF02954,+256710002954,perf.02954+uat@example.invalid,false
Perf02955,Load02955,1990-04-13,MALE,PRINCIPAL,,CFPERF02955,+256710002955,perf.02955+uat@example.invalid,false
Perf02956,Load02956,1991-05-14,FEMALE,PRINCIPAL,,CFPERF02956,+256710002956,perf.02956+uat@example.invalid,false
Perf02957,Load02957,1992-06-15,OTHER,PRINCIPAL,,CFPERF02957,+256710002957,perf.02957+uat@example.invalid,false
Perf02958,Load02958,1993-07-16,MALE,PRINCIPAL,,CFPERF02958,+256710002958,perf.02958+uat@example.invalid,false
Perf02959,Load02959,1994-08-17,FEMALE,PRINCIPAL,,CFPERF02959,+256710002959,perf.02959+uat@example.invalid,false
Perf02960,Load02960,1995-09-18,OTHER,PRINCIPAL,,CFPERF02960,+256710002960,perf.02960+uat@example.invalid,false
Perf02961,Load02961,1996-10-19,MALE,PRINCIPAL,,CFPERF02961,+256710002961,perf.02961+uat@example.invalid,false
Perf02962,Load02962,1997-11-20,FEMALE,PRINCIPAL,,CFPERF02962,+256710002962,perf.02962+uat@example.invalid,false
Perf02963,Load02963,1998-12-21,OTHER,PRINCIPAL,,CFPERF02963,+256710002963,perf.02963+uat@example.invalid,false
Perf02964,Load02964,1999-01-22,MALE,PRINCIPAL,,CFPERF02964,+256710002964,perf.02964+uat@example.invalid,false
Perf02965,Load02965,2000-02-23,FEMALE,PRINCIPAL,,CFPERF02965,+256710002965,perf.02965+uat@example.invalid,false
Perf02966,Load02966,2001-03-24,OTHER,PRINCIPAL,,CFPERF02966,+256710002966,perf.02966+uat@example.invalid,false
Perf02967,Load02967,2002-04-25,MALE,PRINCIPAL,,CFPERF02967,+256710002967,perf.02967+uat@example.invalid,false
Perf02968,Load02968,2003-05-26,FEMALE,PRINCIPAL,,CFPERF02968,+256710002968,perf.02968+uat@example.invalid,false
Perf02969,Load02969,2004-06-27,OTHER,PRINCIPAL,,CFPERF02969,+256710002969,perf.02969+uat@example.invalid,false
Perf02970,Load02970,1960-07-01,MALE,PRINCIPAL,,CFPERF02970,+256710002970,perf.02970+uat@example.invalid,false
Perf02971,Load02971,1961-08-02,FEMALE,PRINCIPAL,,CFPERF02971,+256710002971,perf.02971+uat@example.invalid,false
Perf02972,Load02972,1962-09-03,OTHER,PRINCIPAL,,CFPERF02972,+256710002972,perf.02972+uat@example.invalid,false
Perf02973,Load02973,1963-10-04,MALE,PRINCIPAL,,CFPERF02973,+256710002973,perf.02973+uat@example.invalid,false
Perf02974,Load02974,1964-11-05,FEMALE,PRINCIPAL,,CFPERF02974,+256710002974,perf.02974+uat@example.invalid,false
Perf02975,Load02975,1965-12-06,OTHER,PRINCIPAL,,CFPERF02975,+256710002975,perf.02975+uat@example.invalid,false
Perf02976,Load02976,1966-01-07,MALE,PRINCIPAL,,CFPERF02976,+256710002976,perf.02976+uat@example.invalid,false
Perf02977,Load02977,1967-02-08,FEMALE,PRINCIPAL,,CFPERF02977,+256710002977,perf.02977+uat@example.invalid,false
Perf02978,Load02978,1968-03-09,OTHER,PRINCIPAL,,CFPERF02978,+256710002978,perf.02978+uat@example.invalid,false
Perf02979,Load02979,1969-04-10,MALE,PRINCIPAL,,CFPERF02979,+256710002979,perf.02979+uat@example.invalid,false
Perf02980,Load02980,1970-05-11,FEMALE,PRINCIPAL,,CFPERF02980,+256710002980,perf.02980+uat@example.invalid,false
Perf02981,Load02981,1971-06-12,OTHER,PRINCIPAL,,CFPERF02981,+256710002981,perf.02981+uat@example.invalid,false
Perf02982,Load02982,1972-07-13,MALE,PRINCIPAL,,CFPERF02982,+256710002982,perf.02982+uat@example.invalid,false
Perf02983,Load02983,1973-08-14,FEMALE,PRINCIPAL,,CFPERF02983,+256710002983,perf.02983+uat@example.invalid,false
Perf02984,Load02984,1974-09-15,OTHER,PRINCIPAL,,CFPERF02984,+256710002984,perf.02984+uat@example.invalid,false
Perf02985,Load02985,1975-10-16,MALE,PRINCIPAL,,CFPERF02985,+256710002985,perf.02985+uat@example.invalid,false
Perf02986,Load02986,1976-11-17,FEMALE,PRINCIPAL,,CFPERF02986,+256710002986,perf.02986+uat@example.invalid,false
Perf02987,Load02987,1977-12-18,OTHER,PRINCIPAL,,CFPERF02987,+256710002987,perf.02987+uat@example.invalid,false
Perf02988,Load02988,1978-01-19,MALE,PRINCIPAL,,CFPERF02988,+256710002988,perf.02988+uat@example.invalid,false
Perf02989,Load02989,1979-02-20,FEMALE,PRINCIPAL,,CFPERF02989,+256710002989,perf.02989+uat@example.invalid,false
Perf02990,Load02990,1980-03-21,OTHER,PRINCIPAL,,CFPERF02990,+256710002990,perf.02990+uat@example.invalid,false
Perf02991,Load02991,1981-04-22,MALE,PRINCIPAL,,CFPERF02991,+256710002991,perf.02991+uat@example.invalid,false
Perf02992,Load02992,1982-05-23,FEMALE,PRINCIPAL,,CFPERF02992,+256710002992,perf.02992+uat@example.invalid,false
Perf02993,Load02993,1983-06-24,OTHER,PRINCIPAL,,CFPERF02993,+256710002993,perf.02993+uat@example.invalid,false
Perf02994,Load02994,1984-07-25,MALE,PRINCIPAL,,CFPERF02994,+256710002994,perf.02994+uat@example.invalid,false
Perf02995,Load02995,1985-08-26,FEMALE,PRINCIPAL,,CFPERF02995,+256710002995,perf.02995+uat@example.invalid,false
Perf02996,Load02996,1986-09-27,OTHER,PRINCIPAL,,CFPERF02996,+256710002996,perf.02996+uat@example.invalid,false
Perf02997,Load02997,1987-10-01,MALE,PRINCIPAL,,CFPERF02997,+256710002997,perf.02997+uat@example.invalid,false
Perf02998,Load02998,1988-11-02,FEMALE,PRINCIPAL,,CFPERF02998,+256710002998,perf.02998+uat@example.invalid,false
Perf02999,Load02999,1989-12-03,OTHER,PRINCIPAL,,CFPERF02999,+256710002999,perf.02999+uat@example.invalid,false
Perf03000,Load03000,1990-01-04,MALE,PRINCIPAL,,CFPERF03000,+256710003000,perf.03000+uat@example.invalid,false
Perf03001,Load03001,1991-02-05,FEMALE,PRINCIPAL,,CFPERF03001,+256710003001,perf.03001+uat@example.invalid,false
Perf03002,Load03002,1992-03-06,OTHER,PRINCIPAL,,CFPERF03002,+256710003002,perf.03002+uat@example.invalid,false
Perf03003,Load03003,1993-04-07,MALE,PRINCIPAL,,CFPERF03003,+256710003003,perf.03003+uat@example.invalid,false
Perf03004,Load03004,1994-05-08,FEMALE,PRINCIPAL,,CFPERF03004,+256710003004,perf.03004+uat@example.invalid,false
Perf03005,Load03005,1995-06-09,OTHER,PRINCIPAL,,CFPERF03005,+256710003005,perf.03005+uat@example.invalid,false
Perf03006,Load03006,1996-07-10,MALE,PRINCIPAL,,CFPERF03006,+256710003006,perf.03006+uat@example.invalid,false
Perf03007,Load03007,1997-08-11,FEMALE,PRINCIPAL,,CFPERF03007,+256710003007,perf.03007+uat@example.invalid,false
Perf03008,Load03008,1998-09-12,OTHER,PRINCIPAL,,CFPERF03008,+256710003008,perf.03008+uat@example.invalid,false
Perf03009,Load03009,1999-10-13,MALE,PRINCIPAL,,CFPERF03009,+256710003009,perf.03009+uat@example.invalid,false
Perf03010,Load03010,2000-11-14,FEMALE,PRINCIPAL,,CFPERF03010,+256710003010,perf.03010+uat@example.invalid,false
Perf03011,Load03011,2001-12-15,OTHER,PRINCIPAL,,CFPERF03011,+256710003011,perf.03011+uat@example.invalid,false
Perf03012,Load03012,2002-01-16,MALE,PRINCIPAL,,CFPERF03012,+256710003012,perf.03012+uat@example.invalid,false
Perf03013,Load03013,2003-02-17,FEMALE,PRINCIPAL,,CFPERF03013,+256710003013,perf.03013+uat@example.invalid,false
Perf03014,Load03014,2004-03-18,OTHER,PRINCIPAL,,CFPERF03014,+256710003014,perf.03014+uat@example.invalid,false
Perf03015,Load03015,1960-04-19,MALE,PRINCIPAL,,CFPERF03015,+256710003015,perf.03015+uat@example.invalid,false
Perf03016,Load03016,1961-05-20,FEMALE,PRINCIPAL,,CFPERF03016,+256710003016,perf.03016+uat@example.invalid,false
Perf03017,Load03017,1962-06-21,OTHER,PRINCIPAL,,CFPERF03017,+256710003017,perf.03017+uat@example.invalid,false
Perf03018,Load03018,1963-07-22,MALE,PRINCIPAL,,CFPERF03018,+256710003018,perf.03018+uat@example.invalid,false
Perf03019,Load03019,1964-08-23,FEMALE,PRINCIPAL,,CFPERF03019,+256710003019,perf.03019+uat@example.invalid,false
Perf03020,Load03020,1965-09-24,OTHER,PRINCIPAL,,CFPERF03020,+256710003020,perf.03020+uat@example.invalid,false
Perf03021,Load03021,1966-10-25,MALE,PRINCIPAL,,CFPERF03021,+256710003021,perf.03021+uat@example.invalid,false
Perf03022,Load03022,1967-11-26,FEMALE,PRINCIPAL,,CFPERF03022,+256710003022,perf.03022+uat@example.invalid,false
Perf03023,Load03023,1968-12-27,OTHER,PRINCIPAL,,CFPERF03023,+256710003023,perf.03023+uat@example.invalid,false
Perf03024,Load03024,1969-01-01,MALE,PRINCIPAL,,CFPERF03024,+256710003024,perf.03024+uat@example.invalid,false
Perf03025,Load03025,1970-02-02,FEMALE,PRINCIPAL,,CFPERF03025,+256710003025,perf.03025+uat@example.invalid,false
Perf03026,Load03026,1971-03-03,OTHER,PRINCIPAL,,CFPERF03026,+256710003026,perf.03026+uat@example.invalid,false
Perf03027,Load03027,1972-04-04,MALE,PRINCIPAL,,CFPERF03027,+256710003027,perf.03027+uat@example.invalid,false
Perf03028,Load03028,1973-05-05,FEMALE,PRINCIPAL,,CFPERF03028,+256710003028,perf.03028+uat@example.invalid,false
Perf03029,Load03029,1974-06-06,OTHER,PRINCIPAL,,CFPERF03029,+256710003029,perf.03029+uat@example.invalid,false
Perf03030,Load03030,1975-07-07,MALE,PRINCIPAL,,CFPERF03030,+256710003030,perf.03030+uat@example.invalid,false
Perf03031,Load03031,1976-08-08,FEMALE,PRINCIPAL,,CFPERF03031,+256710003031,perf.03031+uat@example.invalid,false
Perf03032,Load03032,1977-09-09,OTHER,PRINCIPAL,,CFPERF03032,+256710003032,perf.03032+uat@example.invalid,false
Perf03033,Load03033,1978-10-10,MALE,PRINCIPAL,,CFPERF03033,+256710003033,perf.03033+uat@example.invalid,false
Perf03034,Load03034,1979-11-11,FEMALE,PRINCIPAL,,CFPERF03034,+256710003034,perf.03034+uat@example.invalid,false
Perf03035,Load03035,1980-12-12,OTHER,PRINCIPAL,,CFPERF03035,+256710003035,perf.03035+uat@example.invalid,false
Perf03036,Load03036,1981-01-13,MALE,PRINCIPAL,,CFPERF03036,+256710003036,perf.03036+uat@example.invalid,false
Perf03037,Load03037,1982-02-14,FEMALE,PRINCIPAL,,CFPERF03037,+256710003037,perf.03037+uat@example.invalid,false
Perf03038,Load03038,1983-03-15,OTHER,PRINCIPAL,,CFPERF03038,+256710003038,perf.03038+uat@example.invalid,false
Perf03039,Load03039,1984-04-16,MALE,PRINCIPAL,,CFPERF03039,+256710003039,perf.03039+uat@example.invalid,false
Perf03040,Load03040,1985-05-17,FEMALE,PRINCIPAL,,CFPERF03040,+256710003040,perf.03040+uat@example.invalid,false
Perf03041,Load03041,1986-06-18,OTHER,PRINCIPAL,,CFPERF03041,+256710003041,perf.03041+uat@example.invalid,false
Perf03042,Load03042,1987-07-19,MALE,PRINCIPAL,,CFPERF03042,+256710003042,perf.03042+uat@example.invalid,false
Perf03043,Load03043,1988-08-20,FEMALE,PRINCIPAL,,CFPERF03043,+256710003043,perf.03043+uat@example.invalid,false
Perf03044,Load03044,1989-09-21,OTHER,PRINCIPAL,,CFPERF03044,+256710003044,perf.03044+uat@example.invalid,false
Perf03045,Load03045,1990-10-22,MALE,PRINCIPAL,,CFPERF03045,+256710003045,perf.03045+uat@example.invalid,false
Perf03046,Load03046,1991-11-23,FEMALE,PRINCIPAL,,CFPERF03046,+256710003046,perf.03046+uat@example.invalid,false
Perf03047,Load03047,1992-12-24,OTHER,PRINCIPAL,,CFPERF03047,+256710003047,perf.03047+uat@example.invalid,false
Perf03048,Load03048,1993-01-25,MALE,PRINCIPAL,,CFPERF03048,+256710003048,perf.03048+uat@example.invalid,false
Perf03049,Load03049,1994-02-26,FEMALE,PRINCIPAL,,CFPERF03049,+256710003049,perf.03049+uat@example.invalid,false
Perf03050,Load03050,1995-03-27,OTHER,PRINCIPAL,,CFPERF03050,+256710003050,perf.03050+uat@example.invalid,false
Perf03051,Load03051,1996-04-01,MALE,PRINCIPAL,,CFPERF03051,+256710003051,perf.03051+uat@example.invalid,false
Perf03052,Load03052,1997-05-02,FEMALE,PRINCIPAL,,CFPERF03052,+256710003052,perf.03052+uat@example.invalid,false
Perf03053,Load03053,1998-06-03,OTHER,PRINCIPAL,,CFPERF03053,+256710003053,perf.03053+uat@example.invalid,false
Perf03054,Load03054,1999-07-04,MALE,PRINCIPAL,,CFPERF03054,+256710003054,perf.03054+uat@example.invalid,false
Perf03055,Load03055,2000-08-05,FEMALE,PRINCIPAL,,CFPERF03055,+256710003055,perf.03055+uat@example.invalid,false
Perf03056,Load03056,2001-09-06,OTHER,PRINCIPAL,,CFPERF03056,+256710003056,perf.03056+uat@example.invalid,false
Perf03057,Load03057,2002-10-07,MALE,PRINCIPAL,,CFPERF03057,+256710003057,perf.03057+uat@example.invalid,false
Perf03058,Load03058,2003-11-08,FEMALE,PRINCIPAL,,CFPERF03058,+256710003058,perf.03058+uat@example.invalid,false
Perf03059,Load03059,2004-12-09,OTHER,PRINCIPAL,,CFPERF03059,+256710003059,perf.03059+uat@example.invalid,false
Perf03060,Load03060,1960-01-10,MALE,PRINCIPAL,,CFPERF03060,+256710003060,perf.03060+uat@example.invalid,false
Perf03061,Load03061,1961-02-11,FEMALE,PRINCIPAL,,CFPERF03061,+256710003061,perf.03061+uat@example.invalid,false
Perf03062,Load03062,1962-03-12,OTHER,PRINCIPAL,,CFPERF03062,+256710003062,perf.03062+uat@example.invalid,false
Perf03063,Load03063,1963-04-13,MALE,PRINCIPAL,,CFPERF03063,+256710003063,perf.03063+uat@example.invalid,false
Perf03064,Load03064,1964-05-14,FEMALE,PRINCIPAL,,CFPERF03064,+256710003064,perf.03064+uat@example.invalid,false
Perf03065,Load03065,1965-06-15,OTHER,PRINCIPAL,,CFPERF03065,+256710003065,perf.03065+uat@example.invalid,false
Perf03066,Load03066,1966-07-16,MALE,PRINCIPAL,,CFPERF03066,+256710003066,perf.03066+uat@example.invalid,false
Perf03067,Load03067,1967-08-17,FEMALE,PRINCIPAL,,CFPERF03067,+256710003067,perf.03067+uat@example.invalid,false
Perf03068,Load03068,1968-09-18,OTHER,PRINCIPAL,,CFPERF03068,+256710003068,perf.03068+uat@example.invalid,false
Perf03069,Load03069,1969-10-19,MALE,PRINCIPAL,,CFPERF03069,+256710003069,perf.03069+uat@example.invalid,false
Perf03070,Load03070,1970-11-20,FEMALE,PRINCIPAL,,CFPERF03070,+256710003070,perf.03070+uat@example.invalid,false
Perf03071,Load03071,1971-12-21,OTHER,PRINCIPAL,,CFPERF03071,+256710003071,perf.03071+uat@example.invalid,false
Perf03072,Load03072,1972-01-22,MALE,PRINCIPAL,,CFPERF03072,+256710003072,perf.03072+uat@example.invalid,false
Perf03073,Load03073,1973-02-23,FEMALE,PRINCIPAL,,CFPERF03073,+256710003073,perf.03073+uat@example.invalid,false
Perf03074,Load03074,1974-03-24,OTHER,PRINCIPAL,,CFPERF03074,+256710003074,perf.03074+uat@example.invalid,false
Perf03075,Load03075,1975-04-25,MALE,PRINCIPAL,,CFPERF03075,+256710003075,perf.03075+uat@example.invalid,false
Perf03076,Load03076,1976-05-26,FEMALE,PRINCIPAL,,CFPERF03076,+256710003076,perf.03076+uat@example.invalid,false
Perf03077,Load03077,1977-06-27,OTHER,PRINCIPAL,,CFPERF03077,+256710003077,perf.03077+uat@example.invalid,false
Perf03078,Load03078,1978-07-01,MALE,PRINCIPAL,,CFPERF03078,+256710003078,perf.03078+uat@example.invalid,false
Perf03079,Load03079,1979-08-02,FEMALE,PRINCIPAL,,CFPERF03079,+256710003079,perf.03079+uat@example.invalid,false
Perf03080,Load03080,1980-09-03,OTHER,PRINCIPAL,,CFPERF03080,+256710003080,perf.03080+uat@example.invalid,false
Perf03081,Load03081,1981-10-04,MALE,PRINCIPAL,,CFPERF03081,+256710003081,perf.03081+uat@example.invalid,false
Perf03082,Load03082,1982-11-05,FEMALE,PRINCIPAL,,CFPERF03082,+256710003082,perf.03082+uat@example.invalid,false
Perf03083,Load03083,1983-12-06,OTHER,PRINCIPAL,,CFPERF03083,+256710003083,perf.03083+uat@example.invalid,false
Perf03084,Load03084,1984-01-07,MALE,PRINCIPAL,,CFPERF03084,+256710003084,perf.03084+uat@example.invalid,false
Perf03085,Load03085,1985-02-08,FEMALE,PRINCIPAL,,CFPERF03085,+256710003085,perf.03085+uat@example.invalid,false
Perf03086,Load03086,1986-03-09,OTHER,PRINCIPAL,,CFPERF03086,+256710003086,perf.03086+uat@example.invalid,false
Perf03087,Load03087,1987-04-10,MALE,PRINCIPAL,,CFPERF03087,+256710003087,perf.03087+uat@example.invalid,false
Perf03088,Load03088,1988-05-11,FEMALE,PRINCIPAL,,CFPERF03088,+256710003088,perf.03088+uat@example.invalid,false
Perf03089,Load03089,1989-06-12,OTHER,PRINCIPAL,,CFPERF03089,+256710003089,perf.03089+uat@example.invalid,false
Perf03090,Load03090,1990-07-13,MALE,PRINCIPAL,,CFPERF03090,+256710003090,perf.03090+uat@example.invalid,false
Perf03091,Load03091,1991-08-14,FEMALE,PRINCIPAL,,CFPERF03091,+256710003091,perf.03091+uat@example.invalid,false
Perf03092,Load03092,1992-09-15,OTHER,PRINCIPAL,,CFPERF03092,+256710003092,perf.03092+uat@example.invalid,false
Perf03093,Load03093,1993-10-16,MALE,PRINCIPAL,,CFPERF03093,+256710003093,perf.03093+uat@example.invalid,false
Perf03094,Load03094,1994-11-17,FEMALE,PRINCIPAL,,CFPERF03094,+256710003094,perf.03094+uat@example.invalid,false
Perf03095,Load03095,1995-12-18,OTHER,PRINCIPAL,,CFPERF03095,+256710003095,perf.03095+uat@example.invalid,false
Perf03096,Load03096,1996-01-19,MALE,PRINCIPAL,,CFPERF03096,+256710003096,perf.03096+uat@example.invalid,false
Perf03097,Load03097,1997-02-20,FEMALE,PRINCIPAL,,CFPERF03097,+256710003097,perf.03097+uat@example.invalid,false
Perf03098,Load03098,1998-03-21,OTHER,PRINCIPAL,,CFPERF03098,+256710003098,perf.03098+uat@example.invalid,false
Perf03099,Load03099,1999-04-22,MALE,PRINCIPAL,,CFPERF03099,+256710003099,perf.03099+uat@example.invalid,false
Perf03100,Load03100,2000-05-23,FEMALE,PRINCIPAL,,CFPERF03100,+256710003100,perf.03100+uat@example.invalid,false
Perf03101,Load03101,2001-06-24,OTHER,PRINCIPAL,,CFPERF03101,+256710003101,perf.03101+uat@example.invalid,false
Perf03102,Load03102,2002-07-25,MALE,PRINCIPAL,,CFPERF03102,+256710003102,perf.03102+uat@example.invalid,false
Perf03103,Load03103,2003-08-26,FEMALE,PRINCIPAL,,CFPERF03103,+256710003103,perf.03103+uat@example.invalid,false
Perf03104,Load03104,2004-09-27,OTHER,PRINCIPAL,,CFPERF03104,+256710003104,perf.03104+uat@example.invalid,false
Perf03105,Load03105,1960-10-01,MALE,PRINCIPAL,,CFPERF03105,+256710003105,perf.03105+uat@example.invalid,false
Perf03106,Load03106,1961-11-02,FEMALE,PRINCIPAL,,CFPERF03106,+256710003106,perf.03106+uat@example.invalid,false
Perf03107,Load03107,1962-12-03,OTHER,PRINCIPAL,,CFPERF03107,+256710003107,perf.03107+uat@example.invalid,false
Perf03108,Load03108,1963-01-04,MALE,PRINCIPAL,,CFPERF03108,+256710003108,perf.03108+uat@example.invalid,false
Perf03109,Load03109,1964-02-05,FEMALE,PRINCIPAL,,CFPERF03109,+256710003109,perf.03109+uat@example.invalid,false
Perf03110,Load03110,1965-03-06,OTHER,PRINCIPAL,,CFPERF03110,+256710003110,perf.03110+uat@example.invalid,false
Perf03111,Load03111,1966-04-07,MALE,PRINCIPAL,,CFPERF03111,+256710003111,perf.03111+uat@example.invalid,false
Perf03112,Load03112,1967-05-08,FEMALE,PRINCIPAL,,CFPERF03112,+256710003112,perf.03112+uat@example.invalid,false
Perf03113,Load03113,1968-06-09,OTHER,PRINCIPAL,,CFPERF03113,+256710003113,perf.03113+uat@example.invalid,false
Perf03114,Load03114,1969-07-10,MALE,PRINCIPAL,,CFPERF03114,+256710003114,perf.03114+uat@example.invalid,false
Perf03115,Load03115,1970-08-11,FEMALE,PRINCIPAL,,CFPERF03115,+256710003115,perf.03115+uat@example.invalid,false
Perf03116,Load03116,1971-09-12,OTHER,PRINCIPAL,,CFPERF03116,+256710003116,perf.03116+uat@example.invalid,false
Perf03117,Load03117,1972-10-13,MALE,PRINCIPAL,,CFPERF03117,+256710003117,perf.03117+uat@example.invalid,false
Perf03118,Load03118,1973-11-14,FEMALE,PRINCIPAL,,CFPERF03118,+256710003118,perf.03118+uat@example.invalid,false
Perf03119,Load03119,1974-12-15,OTHER,PRINCIPAL,,CFPERF03119,+256710003119,perf.03119+uat@example.invalid,false
Perf03120,Load03120,1975-01-16,MALE,PRINCIPAL,,CFPERF03120,+256710003120,perf.03120+uat@example.invalid,false
Perf03121,Load03121,1976-02-17,FEMALE,PRINCIPAL,,CFPERF03121,+256710003121,perf.03121+uat@example.invalid,false
Perf03122,Load03122,1977-03-18,OTHER,PRINCIPAL,,CFPERF03122,+256710003122,perf.03122+uat@example.invalid,false
Perf03123,Load03123,1978-04-19,MALE,PRINCIPAL,,CFPERF03123,+256710003123,perf.03123+uat@example.invalid,false
Perf03124,Load03124,1979-05-20,FEMALE,PRINCIPAL,,CFPERF03124,+256710003124,perf.03124+uat@example.invalid,false
Perf03125,Load03125,1980-06-21,OTHER,PRINCIPAL,,CFPERF03125,+256710003125,perf.03125+uat@example.invalid,false
Perf03126,Load03126,1981-07-22,MALE,PRINCIPAL,,CFPERF03126,+256710003126,perf.03126+uat@example.invalid,false
Perf03127,Load03127,1982-08-23,FEMALE,PRINCIPAL,,CFPERF03127,+256710003127,perf.03127+uat@example.invalid,false
Perf03128,Load03128,1983-09-24,OTHER,PRINCIPAL,,CFPERF03128,+256710003128,perf.03128+uat@example.invalid,false
Perf03129,Load03129,1984-10-25,MALE,PRINCIPAL,,CFPERF03129,+256710003129,perf.03129+uat@example.invalid,false
Perf03130,Load03130,1985-11-26,FEMALE,PRINCIPAL,,CFPERF03130,+256710003130,perf.03130+uat@example.invalid,false
Perf03131,Load03131,1986-12-27,OTHER,PRINCIPAL,,CFPERF03131,+256710003131,perf.03131+uat@example.invalid,false
Perf03132,Load03132,1987-01-01,MALE,PRINCIPAL,,CFPERF03132,+256710003132,perf.03132+uat@example.invalid,false
Perf03133,Load03133,1988-02-02,FEMALE,PRINCIPAL,,CFPERF03133,+256710003133,perf.03133+uat@example.invalid,false
Perf03134,Load03134,1989-03-03,OTHER,PRINCIPAL,,CFPERF03134,+256710003134,perf.03134+uat@example.invalid,false
Perf03135,Load03135,1990-04-04,MALE,PRINCIPAL,,CFPERF03135,+256710003135,perf.03135+uat@example.invalid,false
Perf03136,Load03136,1991-05-05,FEMALE,PRINCIPAL,,CFPERF03136,+256710003136,perf.03136+uat@example.invalid,false
Perf03137,Load03137,1992-06-06,OTHER,PRINCIPAL,,CFPERF03137,+256710003137,perf.03137+uat@example.invalid,false
Perf03138,Load03138,1993-07-07,MALE,PRINCIPAL,,CFPERF03138,+256710003138,perf.03138+uat@example.invalid,false
Perf03139,Load03139,1994-08-08,FEMALE,PRINCIPAL,,CFPERF03139,+256710003139,perf.03139+uat@example.invalid,false
Perf03140,Load03140,1995-09-09,OTHER,PRINCIPAL,,CFPERF03140,+256710003140,perf.03140+uat@example.invalid,false
Perf03141,Load03141,1996-10-10,MALE,PRINCIPAL,,CFPERF03141,+256710003141,perf.03141+uat@example.invalid,false
Perf03142,Load03142,1997-11-11,FEMALE,PRINCIPAL,,CFPERF03142,+256710003142,perf.03142+uat@example.invalid,false
Perf03143,Load03143,1998-12-12,OTHER,PRINCIPAL,,CFPERF03143,+256710003143,perf.03143+uat@example.invalid,false
Perf03144,Load03144,1999-01-13,MALE,PRINCIPAL,,CFPERF03144,+256710003144,perf.03144+uat@example.invalid,false
Perf03145,Load03145,2000-02-14,FEMALE,PRINCIPAL,,CFPERF03145,+256710003145,perf.03145+uat@example.invalid,false
Perf03146,Load03146,2001-03-15,OTHER,PRINCIPAL,,CFPERF03146,+256710003146,perf.03146+uat@example.invalid,false
Perf03147,Load03147,2002-04-16,MALE,PRINCIPAL,,CFPERF03147,+256710003147,perf.03147+uat@example.invalid,false
Perf03148,Load03148,2003-05-17,FEMALE,PRINCIPAL,,CFPERF03148,+256710003148,perf.03148+uat@example.invalid,false
Perf03149,Load03149,2004-06-18,OTHER,PRINCIPAL,,CFPERF03149,+256710003149,perf.03149+uat@example.invalid,false
Perf03150,Load03150,1960-07-19,MALE,PRINCIPAL,,CFPERF03150,+256710003150,perf.03150+uat@example.invalid,false
Perf03151,Load03151,1961-08-20,FEMALE,PRINCIPAL,,CFPERF03151,+256710003151,perf.03151+uat@example.invalid,false
Perf03152,Load03152,1962-09-21,OTHER,PRINCIPAL,,CFPERF03152,+256710003152,perf.03152+uat@example.invalid,false
Perf03153,Load03153,1963-10-22,MALE,PRINCIPAL,,CFPERF03153,+256710003153,perf.03153+uat@example.invalid,false
Perf03154,Load03154,1964-11-23,FEMALE,PRINCIPAL,,CFPERF03154,+256710003154,perf.03154+uat@example.invalid,false
Perf03155,Load03155,1965-12-24,OTHER,PRINCIPAL,,CFPERF03155,+256710003155,perf.03155+uat@example.invalid,false
Perf03156,Load03156,1966-01-25,MALE,PRINCIPAL,,CFPERF03156,+256710003156,perf.03156+uat@example.invalid,false
Perf03157,Load03157,1967-02-26,FEMALE,PRINCIPAL,,CFPERF03157,+256710003157,perf.03157+uat@example.invalid,false
Perf03158,Load03158,1968-03-27,OTHER,PRINCIPAL,,CFPERF03158,+256710003158,perf.03158+uat@example.invalid,false
Perf03159,Load03159,1969-04-01,MALE,PRINCIPAL,,CFPERF03159,+256710003159,perf.03159+uat@example.invalid,false
Perf03160,Load03160,1970-05-02,FEMALE,PRINCIPAL,,CFPERF03160,+256710003160,perf.03160+uat@example.invalid,false
Perf03161,Load03161,1971-06-03,OTHER,PRINCIPAL,,CFPERF03161,+256710003161,perf.03161+uat@example.invalid,false
Perf03162,Load03162,1972-07-04,MALE,PRINCIPAL,,CFPERF03162,+256710003162,perf.03162+uat@example.invalid,false
Perf03163,Load03163,1973-08-05,FEMALE,PRINCIPAL,,CFPERF03163,+256710003163,perf.03163+uat@example.invalid,false
Perf03164,Load03164,1974-09-06,OTHER,PRINCIPAL,,CFPERF03164,+256710003164,perf.03164+uat@example.invalid,false
Perf03165,Load03165,1975-10-07,MALE,PRINCIPAL,,CFPERF03165,+256710003165,perf.03165+uat@example.invalid,false
Perf03166,Load03166,1976-11-08,FEMALE,PRINCIPAL,,CFPERF03166,+256710003166,perf.03166+uat@example.invalid,false
Perf03167,Load03167,1977-12-09,OTHER,PRINCIPAL,,CFPERF03167,+256710003167,perf.03167+uat@example.invalid,false
Perf03168,Load03168,1978-01-10,MALE,PRINCIPAL,,CFPERF03168,+256710003168,perf.03168+uat@example.invalid,false
Perf03169,Load03169,1979-02-11,FEMALE,PRINCIPAL,,CFPERF03169,+256710003169,perf.03169+uat@example.invalid,false
Perf03170,Load03170,1980-03-12,OTHER,PRINCIPAL,,CFPERF03170,+256710003170,perf.03170+uat@example.invalid,false
Perf03171,Load03171,1981-04-13,MALE,PRINCIPAL,,CFPERF03171,+256710003171,perf.03171+uat@example.invalid,false
Perf03172,Load03172,1982-05-14,FEMALE,PRINCIPAL,,CFPERF03172,+256710003172,perf.03172+uat@example.invalid,false
Perf03173,Load03173,1983-06-15,OTHER,PRINCIPAL,,CFPERF03173,+256710003173,perf.03173+uat@example.invalid,false
Perf03174,Load03174,1984-07-16,MALE,PRINCIPAL,,CFPERF03174,+256710003174,perf.03174+uat@example.invalid,false
Perf03175,Load03175,1985-08-17,FEMALE,PRINCIPAL,,CFPERF03175,+256710003175,perf.03175+uat@example.invalid,false
Perf03176,Load03176,1986-09-18,OTHER,PRINCIPAL,,CFPERF03176,+256710003176,perf.03176+uat@example.invalid,false
Perf03177,Load03177,1987-10-19,MALE,PRINCIPAL,,CFPERF03177,+256710003177,perf.03177+uat@example.invalid,false
Perf03178,Load03178,1988-11-20,FEMALE,PRINCIPAL,,CFPERF03178,+256710003178,perf.03178+uat@example.invalid,false
Perf03179,Load03179,1989-12-21,OTHER,PRINCIPAL,,CFPERF03179,+256710003179,perf.03179+uat@example.invalid,false
Perf03180,Load03180,1990-01-22,MALE,PRINCIPAL,,CFPERF03180,+256710003180,perf.03180+uat@example.invalid,false
Perf03181,Load03181,1991-02-23,FEMALE,PRINCIPAL,,CFPERF03181,+256710003181,perf.03181+uat@example.invalid,false
Perf03182,Load03182,1992-03-24,OTHER,PRINCIPAL,,CFPERF03182,+256710003182,perf.03182+uat@example.invalid,false
Perf03183,Load03183,1993-04-25,MALE,PRINCIPAL,,CFPERF03183,+256710003183,perf.03183+uat@example.invalid,false
Perf03184,Load03184,1994-05-26,FEMALE,PRINCIPAL,,CFPERF03184,+256710003184,perf.03184+uat@example.invalid,false
Perf03185,Load03185,1995-06-27,OTHER,PRINCIPAL,,CFPERF03185,+256710003185,perf.03185+uat@example.invalid,false
Perf03186,Load03186,1996-07-01,MALE,PRINCIPAL,,CFPERF03186,+256710003186,perf.03186+uat@example.invalid,false
Perf03187,Load03187,1997-08-02,FEMALE,PRINCIPAL,,CFPERF03187,+256710003187,perf.03187+uat@example.invalid,false
Perf03188,Load03188,1998-09-03,OTHER,PRINCIPAL,,CFPERF03188,+256710003188,perf.03188+uat@example.invalid,false
Perf03189,Load03189,1999-10-04,MALE,PRINCIPAL,,CFPERF03189,+256710003189,perf.03189+uat@example.invalid,false
Perf03190,Load03190,2000-11-05,FEMALE,PRINCIPAL,,CFPERF03190,+256710003190,perf.03190+uat@example.invalid,false
Perf03191,Load03191,2001-12-06,OTHER,PRINCIPAL,,CFPERF03191,+256710003191,perf.03191+uat@example.invalid,false
Perf03192,Load03192,2002-01-07,MALE,PRINCIPAL,,CFPERF03192,+256710003192,perf.03192+uat@example.invalid,false
Perf03193,Load03193,2003-02-08,FEMALE,PRINCIPAL,,CFPERF03193,+256710003193,perf.03193+uat@example.invalid,false
Perf03194,Load03194,2004-03-09,OTHER,PRINCIPAL,,CFPERF03194,+256710003194,perf.03194+uat@example.invalid,false
Perf03195,Load03195,1960-04-10,MALE,PRINCIPAL,,CFPERF03195,+256710003195,perf.03195+uat@example.invalid,false
Perf03196,Load03196,1961-05-11,FEMALE,PRINCIPAL,,CFPERF03196,+256710003196,perf.03196+uat@example.invalid,false
Perf03197,Load03197,1962-06-12,OTHER,PRINCIPAL,,CFPERF03197,+256710003197,perf.03197+uat@example.invalid,false
Perf03198,Load03198,1963-07-13,MALE,PRINCIPAL,,CFPERF03198,+256710003198,perf.03198+uat@example.invalid,false
Perf03199,Load03199,1964-08-14,FEMALE,PRINCIPAL,,CFPERF03199,+256710003199,perf.03199+uat@example.invalid,false
Perf03200,Load03200,1965-09-15,OTHER,PRINCIPAL,,CFPERF03200,+256710003200,perf.03200+uat@example.invalid,false
Perf03201,Load03201,1966-10-16,MALE,PRINCIPAL,,CFPERF03201,+256710003201,perf.03201+uat@example.invalid,false
Perf03202,Load03202,1967-11-17,FEMALE,PRINCIPAL,,CFPERF03202,+256710003202,perf.03202+uat@example.invalid,false
Perf03203,Load03203,1968-12-18,OTHER,PRINCIPAL,,CFPERF03203,+256710003203,perf.03203+uat@example.invalid,false
Perf03204,Load03204,1969-01-19,MALE,PRINCIPAL,,CFPERF03204,+256710003204,perf.03204+uat@example.invalid,false
Perf03205,Load03205,1970-02-20,FEMALE,PRINCIPAL,,CFPERF03205,+256710003205,perf.03205+uat@example.invalid,false
Perf03206,Load03206,1971-03-21,OTHER,PRINCIPAL,,CFPERF03206,+256710003206,perf.03206+uat@example.invalid,false
Perf03207,Load03207,1972-04-22,MALE,PRINCIPAL,,CFPERF03207,+256710003207,perf.03207+uat@example.invalid,false
Perf03208,Load03208,1973-05-23,FEMALE,PRINCIPAL,,CFPERF03208,+256710003208,perf.03208+uat@example.invalid,false
Perf03209,Load03209,1974-06-24,OTHER,PRINCIPAL,,CFPERF03209,+256710003209,perf.03209+uat@example.invalid,false
Perf03210,Load03210,1975-07-25,MALE,PRINCIPAL,,CFPERF03210,+256710003210,perf.03210+uat@example.invalid,false
Perf03211,Load03211,1976-08-26,FEMALE,PRINCIPAL,,CFPERF03211,+256710003211,perf.03211+uat@example.invalid,false
Perf03212,Load03212,1977-09-27,OTHER,PRINCIPAL,,CFPERF03212,+256710003212,perf.03212+uat@example.invalid,false
Perf03213,Load03213,1978-10-01,MALE,PRINCIPAL,,CFPERF03213,+256710003213,perf.03213+uat@example.invalid,false
Perf03214,Load03214,1979-11-02,FEMALE,PRINCIPAL,,CFPERF03214,+256710003214,perf.03214+uat@example.invalid,false
Perf03215,Load03215,1980-12-03,OTHER,PRINCIPAL,,CFPERF03215,+256710003215,perf.03215+uat@example.invalid,false
Perf03216,Load03216,1981-01-04,MALE,PRINCIPAL,,CFPERF03216,+256710003216,perf.03216+uat@example.invalid,false
Perf03217,Load03217,1982-02-05,FEMALE,PRINCIPAL,,CFPERF03217,+256710003217,perf.03217+uat@example.invalid,false
Perf03218,Load03218,1983-03-06,OTHER,PRINCIPAL,,CFPERF03218,+256710003218,perf.03218+uat@example.invalid,false
Perf03219,Load03219,1984-04-07,MALE,PRINCIPAL,,CFPERF03219,+256710003219,perf.03219+uat@example.invalid,false
Perf03220,Load03220,1985-05-08,FEMALE,PRINCIPAL,,CFPERF03220,+256710003220,perf.03220+uat@example.invalid,false
Perf03221,Load03221,1986-06-09,OTHER,PRINCIPAL,,CFPERF03221,+256710003221,perf.03221+uat@example.invalid,false
Perf03222,Load03222,1987-07-10,MALE,PRINCIPAL,,CFPERF03222,+256710003222,perf.03222+uat@example.invalid,false
Perf03223,Load03223,1988-08-11,FEMALE,PRINCIPAL,,CFPERF03223,+256710003223,perf.03223+uat@example.invalid,false
Perf03224,Load03224,1989-09-12,OTHER,PRINCIPAL,,CFPERF03224,+256710003224,perf.03224+uat@example.invalid,false
Perf03225,Load03225,1990-10-13,MALE,PRINCIPAL,,CFPERF03225,+256710003225,perf.03225+uat@example.invalid,false
Perf03226,Load03226,1991-11-14,FEMALE,PRINCIPAL,,CFPERF03226,+256710003226,perf.03226+uat@example.invalid,false
Perf03227,Load03227,1992-12-15,OTHER,PRINCIPAL,,CFPERF03227,+256710003227,perf.03227+uat@example.invalid,false
Perf03228,Load03228,1993-01-16,MALE,PRINCIPAL,,CFPERF03228,+256710003228,perf.03228+uat@example.invalid,false
Perf03229,Load03229,1994-02-17,FEMALE,PRINCIPAL,,CFPERF03229,+256710003229,perf.03229+uat@example.invalid,false
Perf03230,Load03230,1995-03-18,OTHER,PRINCIPAL,,CFPERF03230,+256710003230,perf.03230+uat@example.invalid,false
Perf03231,Load03231,1996-04-19,MALE,PRINCIPAL,,CFPERF03231,+256710003231,perf.03231+uat@example.invalid,false
Perf03232,Load03232,1997-05-20,FEMALE,PRINCIPAL,,CFPERF03232,+256710003232,perf.03232+uat@example.invalid,false
Perf03233,Load03233,1998-06-21,OTHER,PRINCIPAL,,CFPERF03233,+256710003233,perf.03233+uat@example.invalid,false
Perf03234,Load03234,1999-07-22,MALE,PRINCIPAL,,CFPERF03234,+256710003234,perf.03234+uat@example.invalid,false
Perf03235,Load03235,2000-08-23,FEMALE,PRINCIPAL,,CFPERF03235,+256710003235,perf.03235+uat@example.invalid,false
Perf03236,Load03236,2001-09-24,OTHER,PRINCIPAL,,CFPERF03236,+256710003236,perf.03236+uat@example.invalid,false
Perf03237,Load03237,2002-10-25,MALE,PRINCIPAL,,CFPERF03237,+256710003237,perf.03237+uat@example.invalid,false
Perf03238,Load03238,2003-11-26,FEMALE,PRINCIPAL,,CFPERF03238,+256710003238,perf.03238+uat@example.invalid,false
Perf03239,Load03239,2004-12-27,OTHER,PRINCIPAL,,CFPERF03239,+256710003239,perf.03239+uat@example.invalid,false
Perf03240,Load03240,1960-01-01,MALE,PRINCIPAL,,CFPERF03240,+256710003240,perf.03240+uat@example.invalid,false
Perf03241,Load03241,1961-02-02,FEMALE,PRINCIPAL,,CFPERF03241,+256710003241,perf.03241+uat@example.invalid,false
Perf03242,Load03242,1962-03-03,OTHER,PRINCIPAL,,CFPERF03242,+256710003242,perf.03242+uat@example.invalid,false
Perf03243,Load03243,1963-04-04,MALE,PRINCIPAL,,CFPERF03243,+256710003243,perf.03243+uat@example.invalid,false
Perf03244,Load03244,1964-05-05,FEMALE,PRINCIPAL,,CFPERF03244,+256710003244,perf.03244+uat@example.invalid,false
Perf03245,Load03245,1965-06-06,OTHER,PRINCIPAL,,CFPERF03245,+256710003245,perf.03245+uat@example.invalid,false
Perf03246,Load03246,1966-07-07,MALE,PRINCIPAL,,CFPERF03246,+256710003246,perf.03246+uat@example.invalid,false
Perf03247,Load03247,1967-08-08,FEMALE,PRINCIPAL,,CFPERF03247,+256710003247,perf.03247+uat@example.invalid,false
Perf03248,Load03248,1968-09-09,OTHER,PRINCIPAL,,CFPERF03248,+256710003248,perf.03248+uat@example.invalid,false
Perf03249,Load03249,1969-10-10,MALE,PRINCIPAL,,CFPERF03249,+256710003249,perf.03249+uat@example.invalid,false
Perf03250,Load03250,1970-11-11,FEMALE,PRINCIPAL,,CFPERF03250,+256710003250,perf.03250+uat@example.invalid,false
Perf03251,Load03251,1971-12-12,OTHER,PRINCIPAL,,CFPERF03251,+256710003251,perf.03251+uat@example.invalid,false
Perf03252,Load03252,1972-01-13,MALE,PRINCIPAL,,CFPERF03252,+256710003252,perf.03252+uat@example.invalid,false
Perf03253,Load03253,1973-02-14,FEMALE,PRINCIPAL,,CFPERF03253,+256710003253,perf.03253+uat@example.invalid,false
Perf03254,Load03254,1974-03-15,OTHER,PRINCIPAL,,CFPERF03254,+256710003254,perf.03254+uat@example.invalid,false
Perf03255,Load03255,1975-04-16,MALE,PRINCIPAL,,CFPERF03255,+256710003255,perf.03255+uat@example.invalid,false
Perf03256,Load03256,1976-05-17,FEMALE,PRINCIPAL,,CFPERF03256,+256710003256,perf.03256+uat@example.invalid,false
Perf03257,Load03257,1977-06-18,OTHER,PRINCIPAL,,CFPERF03257,+256710003257,perf.03257+uat@example.invalid,false
Perf03258,Load03258,1978-07-19,MALE,PRINCIPAL,,CFPERF03258,+256710003258,perf.03258+uat@example.invalid,false
Perf03259,Load03259,1979-08-20,FEMALE,PRINCIPAL,,CFPERF03259,+256710003259,perf.03259+uat@example.invalid,false
Perf03260,Load03260,1980-09-21,OTHER,PRINCIPAL,,CFPERF03260,+256710003260,perf.03260+uat@example.invalid,false
Perf03261,Load03261,1981-10-22,MALE,PRINCIPAL,,CFPERF03261,+256710003261,perf.03261+uat@example.invalid,false
Perf03262,Load03262,1982-11-23,FEMALE,PRINCIPAL,,CFPERF03262,+256710003262,perf.03262+uat@example.invalid,false
Perf03263,Load03263,1983-12-24,OTHER,PRINCIPAL,,CFPERF03263,+256710003263,perf.03263+uat@example.invalid,false
Perf03264,Load03264,1984-01-25,MALE,PRINCIPAL,,CFPERF03264,+256710003264,perf.03264+uat@example.invalid,false
Perf03265,Load03265,1985-02-26,FEMALE,PRINCIPAL,,CFPERF03265,+256710003265,perf.03265+uat@example.invalid,false
Perf03266,Load03266,1986-03-27,OTHER,PRINCIPAL,,CFPERF03266,+256710003266,perf.03266+uat@example.invalid,false
Perf03267,Load03267,1987-04-01,MALE,PRINCIPAL,,CFPERF03267,+256710003267,perf.03267+uat@example.invalid,false
Perf03268,Load03268,1988-05-02,FEMALE,PRINCIPAL,,CFPERF03268,+256710003268,perf.03268+uat@example.invalid,false
Perf03269,Load03269,1989-06-03,OTHER,PRINCIPAL,,CFPERF03269,+256710003269,perf.03269+uat@example.invalid,false
Perf03270,Load03270,1990-07-04,MALE,PRINCIPAL,,CFPERF03270,+256710003270,perf.03270+uat@example.invalid,false
Perf03271,Load03271,1991-08-05,FEMALE,PRINCIPAL,,CFPERF03271,+256710003271,perf.03271+uat@example.invalid,false
Perf03272,Load03272,1992-09-06,OTHER,PRINCIPAL,,CFPERF03272,+256710003272,perf.03272+uat@example.invalid,false
Perf03273,Load03273,1993-10-07,MALE,PRINCIPAL,,CFPERF03273,+256710003273,perf.03273+uat@example.invalid,false
Perf03274,Load03274,1994-11-08,FEMALE,PRINCIPAL,,CFPERF03274,+256710003274,perf.03274+uat@example.invalid,false
Perf03275,Load03275,1995-12-09,OTHER,PRINCIPAL,,CFPERF03275,+256710003275,perf.03275+uat@example.invalid,false
Perf03276,Load03276,1996-01-10,MALE,PRINCIPAL,,CFPERF03276,+256710003276,perf.03276+uat@example.invalid,false
Perf03277,Load03277,1997-02-11,FEMALE,PRINCIPAL,,CFPERF03277,+256710003277,perf.03277+uat@example.invalid,false
Perf03278,Load03278,1998-03-12,OTHER,PRINCIPAL,,CFPERF03278,+256710003278,perf.03278+uat@example.invalid,false
Perf03279,Load03279,1999-04-13,MALE,PRINCIPAL,,CFPERF03279,+256710003279,perf.03279+uat@example.invalid,false
Perf03280,Load03280,2000-05-14,FEMALE,PRINCIPAL,,CFPERF03280,+256710003280,perf.03280+uat@example.invalid,false
Perf03281,Load03281,2001-06-15,OTHER,PRINCIPAL,,CFPERF03281,+256710003281,perf.03281+uat@example.invalid,false
Perf03282,Load03282,2002-07-16,MALE,PRINCIPAL,,CFPERF03282,+256710003282,perf.03282+uat@example.invalid,false
Perf03283,Load03283,2003-08-17,FEMALE,PRINCIPAL,,CFPERF03283,+256710003283,perf.03283+uat@example.invalid,false
Perf03284,Load03284,2004-09-18,OTHER,PRINCIPAL,,CFPERF03284,+256710003284,perf.03284+uat@example.invalid,false
Perf03285,Load03285,1960-10-19,MALE,PRINCIPAL,,CFPERF03285,+256710003285,perf.03285+uat@example.invalid,false
Perf03286,Load03286,1961-11-20,FEMALE,PRINCIPAL,,CFPERF03286,+256710003286,perf.03286+uat@example.invalid,false
Perf03287,Load03287,1962-12-21,OTHER,PRINCIPAL,,CFPERF03287,+256710003287,perf.03287+uat@example.invalid,false
Perf03288,Load03288,1963-01-22,MALE,PRINCIPAL,,CFPERF03288,+256710003288,perf.03288+uat@example.invalid,false
Perf03289,Load03289,1964-02-23,FEMALE,PRINCIPAL,,CFPERF03289,+256710003289,perf.03289+uat@example.invalid,false
Perf03290,Load03290,1965-03-24,OTHER,PRINCIPAL,,CFPERF03290,+256710003290,perf.03290+uat@example.invalid,false
Perf03291,Load03291,1966-04-25,MALE,PRINCIPAL,,CFPERF03291,+256710003291,perf.03291+uat@example.invalid,false
Perf03292,Load03292,1967-05-26,FEMALE,PRINCIPAL,,CFPERF03292,+256710003292,perf.03292+uat@example.invalid,false
Perf03293,Load03293,1968-06-27,OTHER,PRINCIPAL,,CFPERF03293,+256710003293,perf.03293+uat@example.invalid,false
Perf03294,Load03294,1969-07-01,MALE,PRINCIPAL,,CFPERF03294,+256710003294,perf.03294+uat@example.invalid,false
Perf03295,Load03295,1970-08-02,FEMALE,PRINCIPAL,,CFPERF03295,+256710003295,perf.03295+uat@example.invalid,false
Perf03296,Load03296,1971-09-03,OTHER,PRINCIPAL,,CFPERF03296,+256710003296,perf.03296+uat@example.invalid,false
Perf03297,Load03297,1972-10-04,MALE,PRINCIPAL,,CFPERF03297,+256710003297,perf.03297+uat@example.invalid,false
Perf03298,Load03298,1973-11-05,FEMALE,PRINCIPAL,,CFPERF03298,+256710003298,perf.03298+uat@example.invalid,false
Perf03299,Load03299,1974-12-06,OTHER,PRINCIPAL,,CFPERF03299,+256710003299,perf.03299+uat@example.invalid,false
Perf03300,Load03300,1975-01-07,MALE,PRINCIPAL,,CFPERF03300,+256710003300,perf.03300+uat@example.invalid,false
Perf03301,Load03301,1976-02-08,FEMALE,PRINCIPAL,,CFPERF03301,+256710003301,perf.03301+uat@example.invalid,false
Perf03302,Load03302,1977-03-09,OTHER,PRINCIPAL,,CFPERF03302,+256710003302,perf.03302+uat@example.invalid,false
Perf03303,Load03303,1978-04-10,MALE,PRINCIPAL,,CFPERF03303,+256710003303,perf.03303+uat@example.invalid,false
Perf03304,Load03304,1979-05-11,FEMALE,PRINCIPAL,,CFPERF03304,+256710003304,perf.03304+uat@example.invalid,false
Perf03305,Load03305,1980-06-12,OTHER,PRINCIPAL,,CFPERF03305,+256710003305,perf.03305+uat@example.invalid,false
Perf03306,Load03306,1981-07-13,MALE,PRINCIPAL,,CFPERF03306,+256710003306,perf.03306+uat@example.invalid,false
Perf03307,Load03307,1982-08-14,FEMALE,PRINCIPAL,,CFPERF03307,+256710003307,perf.03307+uat@example.invalid,false
Perf03308,Load03308,1983-09-15,OTHER,PRINCIPAL,,CFPERF03308,+256710003308,perf.03308+uat@example.invalid,false
Perf03309,Load03309,1984-10-16,MALE,PRINCIPAL,,CFPERF03309,+256710003309,perf.03309+uat@example.invalid,false
Perf03310,Load03310,1985-11-17,FEMALE,PRINCIPAL,,CFPERF03310,+256710003310,perf.03310+uat@example.invalid,false
Perf03311,Load03311,1986-12-18,OTHER,PRINCIPAL,,CFPERF03311,+256710003311,perf.03311+uat@example.invalid,false
Perf03312,Load03312,1987-01-19,MALE,PRINCIPAL,,CFPERF03312,+256710003312,perf.03312+uat@example.invalid,false
Perf03313,Load03313,1988-02-20,FEMALE,PRINCIPAL,,CFPERF03313,+256710003313,perf.03313+uat@example.invalid,false
Perf03314,Load03314,1989-03-21,OTHER,PRINCIPAL,,CFPERF03314,+256710003314,perf.03314+uat@example.invalid,false
Perf03315,Load03315,1990-04-22,MALE,PRINCIPAL,,CFPERF03315,+256710003315,perf.03315+uat@example.invalid,false
Perf03316,Load03316,1991-05-23,FEMALE,PRINCIPAL,,CFPERF03316,+256710003316,perf.03316+uat@example.invalid,false
Perf03317,Load03317,1992-06-24,OTHER,PRINCIPAL,,CFPERF03317,+256710003317,perf.03317+uat@example.invalid,false
Perf03318,Load03318,1993-07-25,MALE,PRINCIPAL,,CFPERF03318,+256710003318,perf.03318+uat@example.invalid,false
Perf03319,Load03319,1994-08-26,FEMALE,PRINCIPAL,,CFPERF03319,+256710003319,perf.03319+uat@example.invalid,false
Perf03320,Load03320,1995-09-27,OTHER,PRINCIPAL,,CFPERF03320,+256710003320,perf.03320+uat@example.invalid,false
Perf03321,Load03321,1996-10-01,MALE,PRINCIPAL,,CFPERF03321,+256710003321,perf.03321+uat@example.invalid,false
Perf03322,Load03322,1997-11-02,FEMALE,PRINCIPAL,,CFPERF03322,+256710003322,perf.03322+uat@example.invalid,false
Perf03323,Load03323,1998-12-03,OTHER,PRINCIPAL,,CFPERF03323,+256710003323,perf.03323+uat@example.invalid,false
Perf03324,Load03324,1999-01-04,MALE,PRINCIPAL,,CFPERF03324,+256710003324,perf.03324+uat@example.invalid,false
Perf03325,Load03325,2000-02-05,FEMALE,PRINCIPAL,,CFPERF03325,+256710003325,perf.03325+uat@example.invalid,false
Perf03326,Load03326,2001-03-06,OTHER,PRINCIPAL,,CFPERF03326,+256710003326,perf.03326+uat@example.invalid,false
Perf03327,Load03327,2002-04-07,MALE,PRINCIPAL,,CFPERF03327,+256710003327,perf.03327+uat@example.invalid,false
Perf03328,Load03328,2003-05-08,FEMALE,PRINCIPAL,,CFPERF03328,+256710003328,perf.03328+uat@example.invalid,false
Perf03329,Load03329,2004-06-09,OTHER,PRINCIPAL,,CFPERF03329,+256710003329,perf.03329+uat@example.invalid,false
Perf03330,Load03330,1960-07-10,MALE,PRINCIPAL,,CFPERF03330,+256710003330,perf.03330+uat@example.invalid,false
Perf03331,Load03331,1961-08-11,FEMALE,PRINCIPAL,,CFPERF03331,+256710003331,perf.03331+uat@example.invalid,false
Perf03332,Load03332,1962-09-12,OTHER,PRINCIPAL,,CFPERF03332,+256710003332,perf.03332+uat@example.invalid,false
Perf03333,Load03333,1963-10-13,MALE,PRINCIPAL,,CFPERF03333,+256710003333,perf.03333+uat@example.invalid,false
Perf03334,Load03334,1964-11-14,FEMALE,PRINCIPAL,,CFPERF03334,+256710003334,perf.03334+uat@example.invalid,false
Perf03335,Load03335,1965-12-15,OTHER,PRINCIPAL,,CFPERF03335,+256710003335,perf.03335+uat@example.invalid,false
Perf03336,Load03336,1966-01-16,MALE,PRINCIPAL,,CFPERF03336,+256710003336,perf.03336+uat@example.invalid,false
Perf03337,Load03337,1967-02-17,FEMALE,PRINCIPAL,,CFPERF03337,+256710003337,perf.03337+uat@example.invalid,false
Perf03338,Load03338,1968-03-18,OTHER,PRINCIPAL,,CFPERF03338,+256710003338,perf.03338+uat@example.invalid,false
Perf03339,Load03339,1969-04-19,MALE,PRINCIPAL,,CFPERF03339,+256710003339,perf.03339+uat@example.invalid,false
Perf03340,Load03340,1970-05-20,FEMALE,PRINCIPAL,,CFPERF03340,+256710003340,perf.03340+uat@example.invalid,false
Perf03341,Load03341,1971-06-21,OTHER,PRINCIPAL,,CFPERF03341,+256710003341,perf.03341+uat@example.invalid,false
Perf03342,Load03342,1972-07-22,MALE,PRINCIPAL,,CFPERF03342,+256710003342,perf.03342+uat@example.invalid,false
Perf03343,Load03343,1973-08-23,FEMALE,PRINCIPAL,,CFPERF03343,+256710003343,perf.03343+uat@example.invalid,false
Perf03344,Load03344,1974-09-24,OTHER,PRINCIPAL,,CFPERF03344,+256710003344,perf.03344+uat@example.invalid,false
Perf03345,Load03345,1975-10-25,MALE,PRINCIPAL,,CFPERF03345,+256710003345,perf.03345+uat@example.invalid,false
Perf03346,Load03346,1976-11-26,FEMALE,PRINCIPAL,,CFPERF03346,+256710003346,perf.03346+uat@example.invalid,false
Perf03347,Load03347,1977-12-27,OTHER,PRINCIPAL,,CFPERF03347,+256710003347,perf.03347+uat@example.invalid,false
Perf03348,Load03348,1978-01-01,MALE,PRINCIPAL,,CFPERF03348,+256710003348,perf.03348+uat@example.invalid,false
Perf03349,Load03349,1979-02-02,FEMALE,PRINCIPAL,,CFPERF03349,+256710003349,perf.03349+uat@example.invalid,false
Perf03350,Load03350,1980-03-03,OTHER,PRINCIPAL,,CFPERF03350,+256710003350,perf.03350+uat@example.invalid,false
Perf03351,Load03351,1981-04-04,MALE,PRINCIPAL,,CFPERF03351,+256710003351,perf.03351+uat@example.invalid,false
Perf03352,Load03352,1982-05-05,FEMALE,PRINCIPAL,,CFPERF03352,+256710003352,perf.03352+uat@example.invalid,false
Perf03353,Load03353,1983-06-06,OTHER,PRINCIPAL,,CFPERF03353,+256710003353,perf.03353+uat@example.invalid,false
Perf03354,Load03354,1984-07-07,MALE,PRINCIPAL,,CFPERF03354,+256710003354,perf.03354+uat@example.invalid,false
Perf03355,Load03355,1985-08-08,FEMALE,PRINCIPAL,,CFPERF03355,+256710003355,perf.03355+uat@example.invalid,false
Perf03356,Load03356,1986-09-09,OTHER,PRINCIPAL,,CFPERF03356,+256710003356,perf.03356+uat@example.invalid,false
Perf03357,Load03357,1987-10-10,MALE,PRINCIPAL,,CFPERF03357,+256710003357,perf.03357+uat@example.invalid,false
Perf03358,Load03358,1988-11-11,FEMALE,PRINCIPAL,,CFPERF03358,+256710003358,perf.03358+uat@example.invalid,false
Perf03359,Load03359,1989-12-12,OTHER,PRINCIPAL,,CFPERF03359,+256710003359,perf.03359+uat@example.invalid,false
Perf03360,Load03360,1990-01-13,MALE,PRINCIPAL,,CFPERF03360,+256710003360,perf.03360+uat@example.invalid,false
Perf03361,Load03361,1991-02-14,FEMALE,PRINCIPAL,,CFPERF03361,+256710003361,perf.03361+uat@example.invalid,false
Perf03362,Load03362,1992-03-15,OTHER,PRINCIPAL,,CFPERF03362,+256710003362,perf.03362+uat@example.invalid,false
Perf03363,Load03363,1993-04-16,MALE,PRINCIPAL,,CFPERF03363,+256710003363,perf.03363+uat@example.invalid,false
Perf03364,Load03364,1994-05-17,FEMALE,PRINCIPAL,,CFPERF03364,+256710003364,perf.03364+uat@example.invalid,false
Perf03365,Load03365,1995-06-18,OTHER,PRINCIPAL,,CFPERF03365,+256710003365,perf.03365+uat@example.invalid,false
Perf03366,Load03366,1996-07-19,MALE,PRINCIPAL,,CFPERF03366,+256710003366,perf.03366+uat@example.invalid,false
Perf03367,Load03367,1997-08-20,FEMALE,PRINCIPAL,,CFPERF03367,+256710003367,perf.03367+uat@example.invalid,false
Perf03368,Load03368,1998-09-21,OTHER,PRINCIPAL,,CFPERF03368,+256710003368,perf.03368+uat@example.invalid,false
Perf03369,Load03369,1999-10-22,MALE,PRINCIPAL,,CFPERF03369,+256710003369,perf.03369+uat@example.invalid,false
Perf03370,Load03370,2000-11-23,FEMALE,PRINCIPAL,,CFPERF03370,+256710003370,perf.03370+uat@example.invalid,false
Perf03371,Load03371,2001-12-24,OTHER,PRINCIPAL,,CFPERF03371,+256710003371,perf.03371+uat@example.invalid,false
Perf03372,Load03372,2002-01-25,MALE,PRINCIPAL,,CFPERF03372,+256710003372,perf.03372+uat@example.invalid,false
Perf03373,Load03373,2003-02-26,FEMALE,PRINCIPAL,,CFPERF03373,+256710003373,perf.03373+uat@example.invalid,false
Perf03374,Load03374,2004-03-27,OTHER,PRINCIPAL,,CFPERF03374,+256710003374,perf.03374+uat@example.invalid,false
Perf03375,Load03375,1960-04-01,MALE,PRINCIPAL,,CFPERF03375,+256710003375,perf.03375+uat@example.invalid,false
Perf03376,Load03376,1961-05-02,FEMALE,PRINCIPAL,,CFPERF03376,+256710003376,perf.03376+uat@example.invalid,false
Perf03377,Load03377,1962-06-03,OTHER,PRINCIPAL,,CFPERF03377,+256710003377,perf.03377+uat@example.invalid,false
Perf03378,Load03378,1963-07-04,MALE,PRINCIPAL,,CFPERF03378,+256710003378,perf.03378+uat@example.invalid,false
Perf03379,Load03379,1964-08-05,FEMALE,PRINCIPAL,,CFPERF03379,+256710003379,perf.03379+uat@example.invalid,false
Perf03380,Load03380,1965-09-06,OTHER,PRINCIPAL,,CFPERF03380,+256710003380,perf.03380+uat@example.invalid,false
Perf03381,Load03381,1966-10-07,MALE,PRINCIPAL,,CFPERF03381,+256710003381,perf.03381+uat@example.invalid,false
Perf03382,Load03382,1967-11-08,FEMALE,PRINCIPAL,,CFPERF03382,+256710003382,perf.03382+uat@example.invalid,false
Perf03383,Load03383,1968-12-09,OTHER,PRINCIPAL,,CFPERF03383,+256710003383,perf.03383+uat@example.invalid,false
Perf03384,Load03384,1969-01-10,MALE,PRINCIPAL,,CFPERF03384,+256710003384,perf.03384+uat@example.invalid,false
Perf03385,Load03385,1970-02-11,FEMALE,PRINCIPAL,,CFPERF03385,+256710003385,perf.03385+uat@example.invalid,false
Perf03386,Load03386,1971-03-12,OTHER,PRINCIPAL,,CFPERF03386,+256710003386,perf.03386+uat@example.invalid,false
Perf03387,Load03387,1972-04-13,MALE,PRINCIPAL,,CFPERF03387,+256710003387,perf.03387+uat@example.invalid,false
Perf03388,Load03388,1973-05-14,FEMALE,PRINCIPAL,,CFPERF03388,+256710003388,perf.03388+uat@example.invalid,false
Perf03389,Load03389,1974-06-15,OTHER,PRINCIPAL,,CFPERF03389,+256710003389,perf.03389+uat@example.invalid,false
Perf03390,Load03390,1975-07-16,MALE,PRINCIPAL,,CFPERF03390,+256710003390,perf.03390+uat@example.invalid,false
Perf03391,Load03391,1976-08-17,FEMALE,PRINCIPAL,,CFPERF03391,+256710003391,perf.03391+uat@example.invalid,false
Perf03392,Load03392,1977-09-18,OTHER,PRINCIPAL,,CFPERF03392,+256710003392,perf.03392+uat@example.invalid,false
Perf03393,Load03393,1978-10-19,MALE,PRINCIPAL,,CFPERF03393,+256710003393,perf.03393+uat@example.invalid,false
Perf03394,Load03394,1979-11-20,FEMALE,PRINCIPAL,,CFPERF03394,+256710003394,perf.03394+uat@example.invalid,false
Perf03395,Load03395,1980-12-21,OTHER,PRINCIPAL,,CFPERF03395,+256710003395,perf.03395+uat@example.invalid,false
Perf03396,Load03396,1981-01-22,MALE,PRINCIPAL,,CFPERF03396,+256710003396,perf.03396+uat@example.invalid,false
Perf03397,Load03397,1982-02-23,FEMALE,PRINCIPAL,,CFPERF03397,+256710003397,perf.03397+uat@example.invalid,false
Perf03398,Load03398,1983-03-24,OTHER,PRINCIPAL,,CFPERF03398,+256710003398,perf.03398+uat@example.invalid,false
Perf03399,Load03399,1984-04-25,MALE,PRINCIPAL,,CFPERF03399,+256710003399,perf.03399+uat@example.invalid,false
Perf03400,Load03400,1985-05-26,FEMALE,PRINCIPAL,,CFPERF03400,+256710003400,perf.03400+uat@example.invalid,false
Perf03401,Load03401,1986-06-27,OTHER,PRINCIPAL,,CFPERF03401,+256710003401,perf.03401+uat@example.invalid,false
Perf03402,Load03402,1987-07-01,MALE,PRINCIPAL,,CFPERF03402,+256710003402,perf.03402+uat@example.invalid,false
Perf03403,Load03403,1988-08-02,FEMALE,PRINCIPAL,,CFPERF03403,+256710003403,perf.03403+uat@example.invalid,false
Perf03404,Load03404,1989-09-03,OTHER,PRINCIPAL,,CFPERF03404,+256710003404,perf.03404+uat@example.invalid,false
Perf03405,Load03405,1990-10-04,MALE,PRINCIPAL,,CFPERF03405,+256710003405,perf.03405+uat@example.invalid,false
Perf03406,Load03406,1991-11-05,FEMALE,PRINCIPAL,,CFPERF03406,+256710003406,perf.03406+uat@example.invalid,false
Perf03407,Load03407,1992-12-06,OTHER,PRINCIPAL,,CFPERF03407,+256710003407,perf.03407+uat@example.invalid,false
Perf03408,Load03408,1993-01-07,MALE,PRINCIPAL,,CFPERF03408,+256710003408,perf.03408+uat@example.invalid,false
Perf03409,Load03409,1994-02-08,FEMALE,PRINCIPAL,,CFPERF03409,+256710003409,perf.03409+uat@example.invalid,false
Perf03410,Load03410,1995-03-09,OTHER,PRINCIPAL,,CFPERF03410,+256710003410,perf.03410+uat@example.invalid,false
Perf03411,Load03411,1996-04-10,MALE,PRINCIPAL,,CFPERF03411,+256710003411,perf.03411+uat@example.invalid,false
Perf03412,Load03412,1997-05-11,FEMALE,PRINCIPAL,,CFPERF03412,+256710003412,perf.03412+uat@example.invalid,false
Perf03413,Load03413,1998-06-12,OTHER,PRINCIPAL,,CFPERF03413,+256710003413,perf.03413+uat@example.invalid,false
Perf03414,Load03414,1999-07-13,MALE,PRINCIPAL,,CFPERF03414,+256710003414,perf.03414+uat@example.invalid,false
Perf03415,Load03415,2000-08-14,FEMALE,PRINCIPAL,,CFPERF03415,+256710003415,perf.03415+uat@example.invalid,false
Perf03416,Load03416,2001-09-15,OTHER,PRINCIPAL,,CFPERF03416,+256710003416,perf.03416+uat@example.invalid,false
Perf03417,Load03417,2002-10-16,MALE,PRINCIPAL,,CFPERF03417,+256710003417,perf.03417+uat@example.invalid,false
Perf03418,Load03418,2003-11-17,FEMALE,PRINCIPAL,,CFPERF03418,+256710003418,perf.03418+uat@example.invalid,false
Perf03419,Load03419,2004-12-18,OTHER,PRINCIPAL,,CFPERF03419,+256710003419,perf.03419+uat@example.invalid,false
Perf03420,Load03420,1960-01-19,MALE,PRINCIPAL,,CFPERF03420,+256710003420,perf.03420+uat@example.invalid,false
Perf03421,Load03421,1961-02-20,FEMALE,PRINCIPAL,,CFPERF03421,+256710003421,perf.03421+uat@example.invalid,false
Perf03422,Load03422,1962-03-21,OTHER,PRINCIPAL,,CFPERF03422,+256710003422,perf.03422+uat@example.invalid,false
Perf03423,Load03423,1963-04-22,MALE,PRINCIPAL,,CFPERF03423,+256710003423,perf.03423+uat@example.invalid,false
Perf03424,Load03424,1964-05-23,FEMALE,PRINCIPAL,,CFPERF03424,+256710003424,perf.03424+uat@example.invalid,false
Perf03425,Load03425,1965-06-24,OTHER,PRINCIPAL,,CFPERF03425,+256710003425,perf.03425+uat@example.invalid,false
Perf03426,Load03426,1966-07-25,MALE,PRINCIPAL,,CFPERF03426,+256710003426,perf.03426+uat@example.invalid,false
Perf03427,Load03427,1967-08-26,FEMALE,PRINCIPAL,,CFPERF03427,+256710003427,perf.03427+uat@example.invalid,false
Perf03428,Load03428,1968-09-27,OTHER,PRINCIPAL,,CFPERF03428,+256710003428,perf.03428+uat@example.invalid,false
Perf03429,Load03429,1969-10-01,MALE,PRINCIPAL,,CFPERF03429,+256710003429,perf.03429+uat@example.invalid,false
Perf03430,Load03430,1970-11-02,FEMALE,PRINCIPAL,,CFPERF03430,+256710003430,perf.03430+uat@example.invalid,false
Perf03431,Load03431,1971-12-03,OTHER,PRINCIPAL,,CFPERF03431,+256710003431,perf.03431+uat@example.invalid,false
Perf03432,Load03432,1972-01-04,MALE,PRINCIPAL,,CFPERF03432,+256710003432,perf.03432+uat@example.invalid,false
Perf03433,Load03433,1973-02-05,FEMALE,PRINCIPAL,,CFPERF03433,+256710003433,perf.03433+uat@example.invalid,false
Perf03434,Load03434,1974-03-06,OTHER,PRINCIPAL,,CFPERF03434,+256710003434,perf.03434+uat@example.invalid,false
Perf03435,Load03435,1975-04-07,MALE,PRINCIPAL,,CFPERF03435,+256710003435,perf.03435+uat@example.invalid,false
Perf03436,Load03436,1976-05-08,FEMALE,PRINCIPAL,,CFPERF03436,+256710003436,perf.03436+uat@example.invalid,false
Perf03437,Load03437,1977-06-09,OTHER,PRINCIPAL,,CFPERF03437,+256710003437,perf.03437+uat@example.invalid,false
Perf03438,Load03438,1978-07-10,MALE,PRINCIPAL,,CFPERF03438,+256710003438,perf.03438+uat@example.invalid,false
Perf03439,Load03439,1979-08-11,FEMALE,PRINCIPAL,,CFPERF03439,+256710003439,perf.03439+uat@example.invalid,false
Perf03440,Load03440,1980-09-12,OTHER,PRINCIPAL,,CFPERF03440,+256710003440,perf.03440+uat@example.invalid,false
Perf03441,Load03441,1981-10-13,MALE,PRINCIPAL,,CFPERF03441,+256710003441,perf.03441+uat@example.invalid,false
Perf03442,Load03442,1982-11-14,FEMALE,PRINCIPAL,,CFPERF03442,+256710003442,perf.03442+uat@example.invalid,false
Perf03443,Load03443,1983-12-15,OTHER,PRINCIPAL,,CFPERF03443,+256710003443,perf.03443+uat@example.invalid,false
Perf03444,Load03444,1984-01-16,MALE,PRINCIPAL,,CFPERF03444,+256710003444,perf.03444+uat@example.invalid,false
Perf03445,Load03445,1985-02-17,FEMALE,PRINCIPAL,,CFPERF03445,+256710003445,perf.03445+uat@example.invalid,false
Perf03446,Load03446,1986-03-18,OTHER,PRINCIPAL,,CFPERF03446,+256710003446,perf.03446+uat@example.invalid,false
Perf03447,Load03447,1987-04-19,MALE,PRINCIPAL,,CFPERF03447,+256710003447,perf.03447+uat@example.invalid,false
Perf03448,Load03448,1988-05-20,FEMALE,PRINCIPAL,,CFPERF03448,+256710003448,perf.03448+uat@example.invalid,false
Perf03449,Load03449,1989-06-21,OTHER,PRINCIPAL,,CFPERF03449,+256710003449,perf.03449+uat@example.invalid,false
Perf03450,Load03450,1990-07-22,MALE,PRINCIPAL,,CFPERF03450,+256710003450,perf.03450+uat@example.invalid,false
Perf03451,Load03451,1991-08-23,FEMALE,PRINCIPAL,,CFPERF03451,+256710003451,perf.03451+uat@example.invalid,false
Perf03452,Load03452,1992-09-24,OTHER,PRINCIPAL,,CFPERF03452,+256710003452,perf.03452+uat@example.invalid,false
Perf03453,Load03453,1993-10-25,MALE,PRINCIPAL,,CFPERF03453,+256710003453,perf.03453+uat@example.invalid,false
Perf03454,Load03454,1994-11-26,FEMALE,PRINCIPAL,,CFPERF03454,+256710003454,perf.03454+uat@example.invalid,false
Perf03455,Load03455,1995-12-27,OTHER,PRINCIPAL,,CFPERF03455,+256710003455,perf.03455+uat@example.invalid,false
Perf03456,Load03456,1996-01-01,MALE,PRINCIPAL,,CFPERF03456,+256710003456,perf.03456+uat@example.invalid,false
Perf03457,Load03457,1997-02-02,FEMALE,PRINCIPAL,,CFPERF03457,+256710003457,perf.03457+uat@example.invalid,false
Perf03458,Load03458,1998-03-03,OTHER,PRINCIPAL,,CFPERF03458,+256710003458,perf.03458+uat@example.invalid,false
Perf03459,Load03459,1999-04-04,MALE,PRINCIPAL,,CFPERF03459,+256710003459,perf.03459+uat@example.invalid,false
Perf03460,Load03460,2000-05-05,FEMALE,PRINCIPAL,,CFPERF03460,+256710003460,perf.03460+uat@example.invalid,false
Perf03461,Load03461,2001-06-06,OTHER,PRINCIPAL,,CFPERF03461,+256710003461,perf.03461+uat@example.invalid,false
Perf03462,Load03462,2002-07-07,MALE,PRINCIPAL,,CFPERF03462,+256710003462,perf.03462+uat@example.invalid,false
Perf03463,Load03463,2003-08-08,FEMALE,PRINCIPAL,,CFPERF03463,+256710003463,perf.03463+uat@example.invalid,false
Perf03464,Load03464,2004-09-09,OTHER,PRINCIPAL,,CFPERF03464,+256710003464,perf.03464+uat@example.invalid,false
Perf03465,Load03465,1960-10-10,MALE,PRINCIPAL,,CFPERF03465,+256710003465,perf.03465+uat@example.invalid,false
Perf03466,Load03466,1961-11-11,FEMALE,PRINCIPAL,,CFPERF03466,+256710003466,perf.03466+uat@example.invalid,false
Perf03467,Load03467,1962-12-12,OTHER,PRINCIPAL,,CFPERF03467,+256710003467,perf.03467+uat@example.invalid,false
Perf03468,Load03468,1963-01-13,MALE,PRINCIPAL,,CFPERF03468,+256710003468,perf.03468+uat@example.invalid,false
Perf03469,Load03469,1964-02-14,FEMALE,PRINCIPAL,,CFPERF03469,+256710003469,perf.03469+uat@example.invalid,false
Perf03470,Load03470,1965-03-15,OTHER,PRINCIPAL,,CFPERF03470,+256710003470,perf.03470+uat@example.invalid,false
Perf03471,Load03471,1966-04-16,MALE,PRINCIPAL,,CFPERF03471,+256710003471,perf.03471+uat@example.invalid,false
Perf03472,Load03472,1967-05-17,FEMALE,PRINCIPAL,,CFPERF03472,+256710003472,perf.03472+uat@example.invalid,false
Perf03473,Load03473,1968-06-18,OTHER,PRINCIPAL,,CFPERF03473,+256710003473,perf.03473+uat@example.invalid,false
Perf03474,Load03474,1969-07-19,MALE,PRINCIPAL,,CFPERF03474,+256710003474,perf.03474+uat@example.invalid,false
Perf03475,Load03475,1970-08-20,FEMALE,PRINCIPAL,,CFPERF03475,+256710003475,perf.03475+uat@example.invalid,false
Perf03476,Load03476,1971-09-21,OTHER,PRINCIPAL,,CFPERF03476,+256710003476,perf.03476+uat@example.invalid,false
Perf03477,Load03477,1972-10-22,MALE,PRINCIPAL,,CFPERF03477,+256710003477,perf.03477+uat@example.invalid,false
Perf03478,Load03478,1973-11-23,FEMALE,PRINCIPAL,,CFPERF03478,+256710003478,perf.03478+uat@example.invalid,false
Perf03479,Load03479,1974-12-24,OTHER,PRINCIPAL,,CFPERF03479,+256710003479,perf.03479+uat@example.invalid,false
Perf03480,Load03480,1975-01-25,MALE,PRINCIPAL,,CFPERF03480,+256710003480,perf.03480+uat@example.invalid,false
Perf03481,Load03481,1976-02-26,FEMALE,PRINCIPAL,,CFPERF03481,+256710003481,perf.03481+uat@example.invalid,false
Perf03482,Load03482,1977-03-27,OTHER,PRINCIPAL,,CFPERF03482,+256710003482,perf.03482+uat@example.invalid,false
Perf03483,Load03483,1978-04-01,MALE,PRINCIPAL,,CFPERF03483,+256710003483,perf.03483+uat@example.invalid,false
Perf03484,Load03484,1979-05-02,FEMALE,PRINCIPAL,,CFPERF03484,+256710003484,perf.03484+uat@example.invalid,false
Perf03485,Load03485,1980-06-03,OTHER,PRINCIPAL,,CFPERF03485,+256710003485,perf.03485+uat@example.invalid,false
Perf03486,Load03486,1981-07-04,MALE,PRINCIPAL,,CFPERF03486,+256710003486,perf.03486+uat@example.invalid,false
Perf03487,Load03487,1982-08-05,FEMALE,PRINCIPAL,,CFPERF03487,+256710003487,perf.03487+uat@example.invalid,false
Perf03488,Load03488,1983-09-06,OTHER,PRINCIPAL,,CFPERF03488,+256710003488,perf.03488+uat@example.invalid,false
Perf03489,Load03489,1984-10-07,MALE,PRINCIPAL,,CFPERF03489,+256710003489,perf.03489+uat@example.invalid,false
Perf03490,Load03490,1985-11-08,FEMALE,PRINCIPAL,,CFPERF03490,+256710003490,perf.03490+uat@example.invalid,false
Perf03491,Load03491,1986-12-09,OTHER,PRINCIPAL,,CFPERF03491,+256710003491,perf.03491+uat@example.invalid,false
Perf03492,Load03492,1987-01-10,MALE,PRINCIPAL,,CFPERF03492,+256710003492,perf.03492+uat@example.invalid,false
Perf03493,Load03493,1988-02-11,FEMALE,PRINCIPAL,,CFPERF03493,+256710003493,perf.03493+uat@example.invalid,false
Perf03494,Load03494,1989-03-12,OTHER,PRINCIPAL,,CFPERF03494,+256710003494,perf.03494+uat@example.invalid,false
Perf03495,Load03495,1990-04-13,MALE,PRINCIPAL,,CFPERF03495,+256710003495,perf.03495+uat@example.invalid,false
Perf03496,Load03496,1991-05-14,FEMALE,PRINCIPAL,,CFPERF03496,+256710003496,perf.03496+uat@example.invalid,false
Perf03497,Load03497,1992-06-15,OTHER,PRINCIPAL,,CFPERF03497,+256710003497,perf.03497+uat@example.invalid,false
Perf03498,Load03498,1993-07-16,MALE,PRINCIPAL,,CFPERF03498,+256710003498,perf.03498+uat@example.invalid,false
Perf03499,Load03499,1994-08-17,FEMALE,PRINCIPAL,,CFPERF03499,+256710003499,perf.03499+uat@example.invalid,false
Perf03500,Load03500,1995-09-18,OTHER,PRINCIPAL,,CFPERF03500,+256710003500,perf.03500+uat@example.invalid,false
Perf03501,Load03501,1996-10-19,MALE,PRINCIPAL,,CFPERF03501,+256710003501,perf.03501+uat@example.invalid,false
Perf03502,Load03502,1997-11-20,FEMALE,PRINCIPAL,,CFPERF03502,+256710003502,perf.03502+uat@example.invalid,false
Perf03503,Load03503,1998-12-21,OTHER,PRINCIPAL,,CFPERF03503,+256710003503,perf.03503+uat@example.invalid,false
Perf03504,Load03504,1999-01-22,MALE,PRINCIPAL,,CFPERF03504,+256710003504,perf.03504+uat@example.invalid,false
Perf03505,Load03505,2000-02-23,FEMALE,PRINCIPAL,,CFPERF03505,+256710003505,perf.03505+uat@example.invalid,false
Perf03506,Load03506,2001-03-24,OTHER,PRINCIPAL,,CFPERF03506,+256710003506,perf.03506+uat@example.invalid,false
Perf03507,Load03507,2002-04-25,MALE,PRINCIPAL,,CFPERF03507,+256710003507,perf.03507+uat@example.invalid,false
Perf03508,Load03508,2003-05-26,FEMALE,PRINCIPAL,,CFPERF03508,+256710003508,perf.03508+uat@example.invalid,false
Perf03509,Load03509,2004-06-27,OTHER,PRINCIPAL,,CFPERF03509,+256710003509,perf.03509+uat@example.invalid,false
Perf03510,Load03510,1960-07-01,MALE,PRINCIPAL,,CFPERF03510,+256710003510,perf.03510+uat@example.invalid,false
Perf03511,Load03511,1961-08-02,FEMALE,PRINCIPAL,,CFPERF03511,+256710003511,perf.03511+uat@example.invalid,false
Perf03512,Load03512,1962-09-03,OTHER,PRINCIPAL,,CFPERF03512,+256710003512,perf.03512+uat@example.invalid,false
Perf03513,Load03513,1963-10-04,MALE,PRINCIPAL,,CFPERF03513,+256710003513,perf.03513+uat@example.invalid,false
Perf03514,Load03514,1964-11-05,FEMALE,PRINCIPAL,,CFPERF03514,+256710003514,perf.03514+uat@example.invalid,false
Perf03515,Load03515,1965-12-06,OTHER,PRINCIPAL,,CFPERF03515,+256710003515,perf.03515+uat@example.invalid,false
Perf03516,Load03516,1966-01-07,MALE,PRINCIPAL,,CFPERF03516,+256710003516,perf.03516+uat@example.invalid,false
Perf03517,Load03517,1967-02-08,FEMALE,PRINCIPAL,,CFPERF03517,+256710003517,perf.03517+uat@example.invalid,false
Perf03518,Load03518,1968-03-09,OTHER,PRINCIPAL,,CFPERF03518,+256710003518,perf.03518+uat@example.invalid,false
Perf03519,Load03519,1969-04-10,MALE,PRINCIPAL,,CFPERF03519,+256710003519,perf.03519+uat@example.invalid,false
Perf03520,Load03520,1970-05-11,FEMALE,PRINCIPAL,,CFPERF03520,+256710003520,perf.03520+uat@example.invalid,false
Perf03521,Load03521,1971-06-12,OTHER,PRINCIPAL,,CFPERF03521,+256710003521,perf.03521+uat@example.invalid,false
Perf03522,Load03522,1972-07-13,MALE,PRINCIPAL,,CFPERF03522,+256710003522,perf.03522+uat@example.invalid,false
Perf03523,Load03523,1973-08-14,FEMALE,PRINCIPAL,,CFPERF03523,+256710003523,perf.03523+uat@example.invalid,false
Perf03524,Load03524,1974-09-15,OTHER,PRINCIPAL,,CFPERF03524,+256710003524,perf.03524+uat@example.invalid,false
Perf03525,Load03525,1975-10-16,MALE,PRINCIPAL,,CFPERF03525,+256710003525,perf.03525+uat@example.invalid,false
Perf03526,Load03526,1976-11-17,FEMALE,PRINCIPAL,,CFPERF03526,+256710003526,perf.03526+uat@example.invalid,false
Perf03527,Load03527,1977-12-18,OTHER,PRINCIPAL,,CFPERF03527,+256710003527,perf.03527+uat@example.invalid,false
Perf03528,Load03528,1978-01-19,MALE,PRINCIPAL,,CFPERF03528,+256710003528,perf.03528+uat@example.invalid,false
Perf03529,Load03529,1979-02-20,FEMALE,PRINCIPAL,,CFPERF03529,+256710003529,perf.03529+uat@example.invalid,false
Perf03530,Load03530,1980-03-21,OTHER,PRINCIPAL,,CFPERF03530,+256710003530,perf.03530+uat@example.invalid,false
Perf03531,Load03531,1981-04-22,MALE,PRINCIPAL,,CFPERF03531,+256710003531,perf.03531+uat@example.invalid,false
Perf03532,Load03532,1982-05-23,FEMALE,PRINCIPAL,,CFPERF03532,+256710003532,perf.03532+uat@example.invalid,false
Perf03533,Load03533,1983-06-24,OTHER,PRINCIPAL,,CFPERF03533,+256710003533,perf.03533+uat@example.invalid,false
Perf03534,Load03534,1984-07-25,MALE,PRINCIPAL,,CFPERF03534,+256710003534,perf.03534+uat@example.invalid,false
Perf03535,Load03535,1985-08-26,FEMALE,PRINCIPAL,,CFPERF03535,+256710003535,perf.03535+uat@example.invalid,false
Perf03536,Load03536,1986-09-27,OTHER,PRINCIPAL,,CFPERF03536,+256710003536,perf.03536+uat@example.invalid,false
Perf03537,Load03537,1987-10-01,MALE,PRINCIPAL,,CFPERF03537,+256710003537,perf.03537+uat@example.invalid,false
Perf03538,Load03538,1988-11-02,FEMALE,PRINCIPAL,,CFPERF03538,+256710003538,perf.03538+uat@example.invalid,false
Perf03539,Load03539,1989-12-03,OTHER,PRINCIPAL,,CFPERF03539,+256710003539,perf.03539+uat@example.invalid,false
Perf03540,Load03540,1990-01-04,MALE,PRINCIPAL,,CFPERF03540,+256710003540,perf.03540+uat@example.invalid,false
Perf03541,Load03541,1991-02-05,FEMALE,PRINCIPAL,,CFPERF03541,+256710003541,perf.03541+uat@example.invalid,false
Perf03542,Load03542,1992-03-06,OTHER,PRINCIPAL,,CFPERF03542,+256710003542,perf.03542+uat@example.invalid,false
Perf03543,Load03543,1993-04-07,MALE,PRINCIPAL,,CFPERF03543,+256710003543,perf.03543+uat@example.invalid,false
Perf03544,Load03544,1994-05-08,FEMALE,PRINCIPAL,,CFPERF03544,+256710003544,perf.03544+uat@example.invalid,false
Perf03545,Load03545,1995-06-09,OTHER,PRINCIPAL,,CFPERF03545,+256710003545,perf.03545+uat@example.invalid,false
Perf03546,Load03546,1996-07-10,MALE,PRINCIPAL,,CFPERF03546,+256710003546,perf.03546+uat@example.invalid,false
Perf03547,Load03547,1997-08-11,FEMALE,PRINCIPAL,,CFPERF03547,+256710003547,perf.03547+uat@example.invalid,false
Perf03548,Load03548,1998-09-12,OTHER,PRINCIPAL,,CFPERF03548,+256710003548,perf.03548+uat@example.invalid,false
Perf03549,Load03549,1999-10-13,MALE,PRINCIPAL,,CFPERF03549,+256710003549,perf.03549+uat@example.invalid,false
Perf03550,Load03550,2000-11-14,FEMALE,PRINCIPAL,,CFPERF03550,+256710003550,perf.03550+uat@example.invalid,false
Perf03551,Load03551,2001-12-15,OTHER,PRINCIPAL,,CFPERF03551,+256710003551,perf.03551+uat@example.invalid,false
Perf03552,Load03552,2002-01-16,MALE,PRINCIPAL,,CFPERF03552,+256710003552,perf.03552+uat@example.invalid,false
Perf03553,Load03553,2003-02-17,FEMALE,PRINCIPAL,,CFPERF03553,+256710003553,perf.03553+uat@example.invalid,false
Perf03554,Load03554,2004-03-18,OTHER,PRINCIPAL,,CFPERF03554,+256710003554,perf.03554+uat@example.invalid,false
Perf03555,Load03555,1960-04-19,MALE,PRINCIPAL,,CFPERF03555,+256710003555,perf.03555+uat@example.invalid,false
Perf03556,Load03556,1961-05-20,FEMALE,PRINCIPAL,,CFPERF03556,+256710003556,perf.03556+uat@example.invalid,false
Perf03557,Load03557,1962-06-21,OTHER,PRINCIPAL,,CFPERF03557,+256710003557,perf.03557+uat@example.invalid,false
Perf03558,Load03558,1963-07-22,MALE,PRINCIPAL,,CFPERF03558,+256710003558,perf.03558+uat@example.invalid,false
Perf03559,Load03559,1964-08-23,FEMALE,PRINCIPAL,,CFPERF03559,+256710003559,perf.03559+uat@example.invalid,false
Perf03560,Load03560,1965-09-24,OTHER,PRINCIPAL,,CFPERF03560,+256710003560,perf.03560+uat@example.invalid,false
Perf03561,Load03561,1966-10-25,MALE,PRINCIPAL,,CFPERF03561,+256710003561,perf.03561+uat@example.invalid,false
Perf03562,Load03562,1967-11-26,FEMALE,PRINCIPAL,,CFPERF03562,+256710003562,perf.03562+uat@example.invalid,false
Perf03563,Load03563,1968-12-27,OTHER,PRINCIPAL,,CFPERF03563,+256710003563,perf.03563+uat@example.invalid,false
Perf03564,Load03564,1969-01-01,MALE,PRINCIPAL,,CFPERF03564,+256710003564,perf.03564+uat@example.invalid,false
Perf03565,Load03565,1970-02-02,FEMALE,PRINCIPAL,,CFPERF03565,+256710003565,perf.03565+uat@example.invalid,false
Perf03566,Load03566,1971-03-03,OTHER,PRINCIPAL,,CFPERF03566,+256710003566,perf.03566+uat@example.invalid,false
Perf03567,Load03567,1972-04-04,MALE,PRINCIPAL,,CFPERF03567,+256710003567,perf.03567+uat@example.invalid,false
Perf03568,Load03568,1973-05-05,FEMALE,PRINCIPAL,,CFPERF03568,+256710003568,perf.03568+uat@example.invalid,false
Perf03569,Load03569,1974-06-06,OTHER,PRINCIPAL,,CFPERF03569,+256710003569,perf.03569+uat@example.invalid,false
Perf03570,Load03570,1975-07-07,MALE,PRINCIPAL,,CFPERF03570,+256710003570,perf.03570+uat@example.invalid,false
Perf03571,Load03571,1976-08-08,FEMALE,PRINCIPAL,,CFPERF03571,+256710003571,perf.03571+uat@example.invalid,false
Perf03572,Load03572,1977-09-09,OTHER,PRINCIPAL,,CFPERF03572,+256710003572,perf.03572+uat@example.invalid,false
Perf03573,Load03573,1978-10-10,MALE,PRINCIPAL,,CFPERF03573,+256710003573,perf.03573+uat@example.invalid,false
Perf03574,Load03574,1979-11-11,FEMALE,PRINCIPAL,,CFPERF03574,+256710003574,perf.03574+uat@example.invalid,false
Perf03575,Load03575,1980-12-12,OTHER,PRINCIPAL,,CFPERF03575,+256710003575,perf.03575+uat@example.invalid,false
Perf03576,Load03576,1981-01-13,MALE,PRINCIPAL,,CFPERF03576,+256710003576,perf.03576+uat@example.invalid,false
Perf03577,Load03577,1982-02-14,FEMALE,PRINCIPAL,,CFPERF03577,+256710003577,perf.03577+uat@example.invalid,false
Perf03578,Load03578,1983-03-15,OTHER,PRINCIPAL,,CFPERF03578,+256710003578,perf.03578+uat@example.invalid,false
Perf03579,Load03579,1984-04-16,MALE,PRINCIPAL,,CFPERF03579,+256710003579,perf.03579+uat@example.invalid,false
Perf03580,Load03580,1985-05-17,FEMALE,PRINCIPAL,,CFPERF03580,+256710003580,perf.03580+uat@example.invalid,false
Perf03581,Load03581,1986-06-18,OTHER,PRINCIPAL,,CFPERF03581,+256710003581,perf.03581+uat@example.invalid,false
Perf03582,Load03582,1987-07-19,MALE,PRINCIPAL,,CFPERF03582,+256710003582,perf.03582+uat@example.invalid,false
Perf03583,Load03583,1988-08-20,FEMALE,PRINCIPAL,,CFPERF03583,+256710003583,perf.03583+uat@example.invalid,false
Perf03584,Load03584,1989-09-21,OTHER,PRINCIPAL,,CFPERF03584,+256710003584,perf.03584+uat@example.invalid,false
Perf03585,Load03585,1990-10-22,MALE,PRINCIPAL,,CFPERF03585,+256710003585,perf.03585+uat@example.invalid,false
Perf03586,Load03586,1991-11-23,FEMALE,PRINCIPAL,,CFPERF03586,+256710003586,perf.03586+uat@example.invalid,false
Perf03587,Load03587,1992-12-24,OTHER,PRINCIPAL,,CFPERF03587,+256710003587,perf.03587+uat@example.invalid,false
Perf03588,Load03588,1993-01-25,MALE,PRINCIPAL,,CFPERF03588,+256710003588,perf.03588+uat@example.invalid,false
Perf03589,Load03589,1994-02-26,FEMALE,PRINCIPAL,,CFPERF03589,+256710003589,perf.03589+uat@example.invalid,false
Perf03590,Load03590,1995-03-27,OTHER,PRINCIPAL,,CFPERF03590,+256710003590,perf.03590+uat@example.invalid,false
Perf03591,Load03591,1996-04-01,MALE,PRINCIPAL,,CFPERF03591,+256710003591,perf.03591+uat@example.invalid,false
Perf03592,Load03592,1997-05-02,FEMALE,PRINCIPAL,,CFPERF03592,+256710003592,perf.03592+uat@example.invalid,false
Perf03593,Load03593,1998-06-03,OTHER,PRINCIPAL,,CFPERF03593,+256710003593,perf.03593+uat@example.invalid,false
Perf03594,Load03594,1999-07-04,MALE,PRINCIPAL,,CFPERF03594,+256710003594,perf.03594+uat@example.invalid,false
Perf03595,Load03595,2000-08-05,FEMALE,PRINCIPAL,,CFPERF03595,+256710003595,perf.03595+uat@example.invalid,false
Perf03596,Load03596,2001-09-06,OTHER,PRINCIPAL,,CFPERF03596,+256710003596,perf.03596+uat@example.invalid,false
Perf03597,Load03597,2002-10-07,MALE,PRINCIPAL,,CFPERF03597,+256710003597,perf.03597+uat@example.invalid,false
Perf03598,Load03598,2003-11-08,FEMALE,PRINCIPAL,,CFPERF03598,+256710003598,perf.03598+uat@example.invalid,false
Perf03599,Load03599,2004-12-09,OTHER,PRINCIPAL,,CFPERF03599,+256710003599,perf.03599+uat@example.invalid,false
Perf03600,Load03600,1960-01-10,MALE,PRINCIPAL,,CFPERF03600,+256710003600,perf.03600+uat@example.invalid,false
Perf03601,Load03601,1961-02-11,FEMALE,PRINCIPAL,,CFPERF03601,+256710003601,perf.03601+uat@example.invalid,false
Perf03602,Load03602,1962-03-12,OTHER,PRINCIPAL,,CFPERF03602,+256710003602,perf.03602+uat@example.invalid,false
Perf03603,Load03603,1963-04-13,MALE,PRINCIPAL,,CFPERF03603,+256710003603,perf.03603+uat@example.invalid,false
Perf03604,Load03604,1964-05-14,FEMALE,PRINCIPAL,,CFPERF03604,+256710003604,perf.03604+uat@example.invalid,false
Perf03605,Load03605,1965-06-15,OTHER,PRINCIPAL,,CFPERF03605,+256710003605,perf.03605+uat@example.invalid,false
Perf03606,Load03606,1966-07-16,MALE,PRINCIPAL,,CFPERF03606,+256710003606,perf.03606+uat@example.invalid,false
Perf03607,Load03607,1967-08-17,FEMALE,PRINCIPAL,,CFPERF03607,+256710003607,perf.03607+uat@example.invalid,false
Perf03608,Load03608,1968-09-18,OTHER,PRINCIPAL,,CFPERF03608,+256710003608,perf.03608+uat@example.invalid,false
Perf03609,Load03609,1969-10-19,MALE,PRINCIPAL,,CFPERF03609,+256710003609,perf.03609+uat@example.invalid,false
Perf03610,Load03610,1970-11-20,FEMALE,PRINCIPAL,,CFPERF03610,+256710003610,perf.03610+uat@example.invalid,false
Perf03611,Load03611,1971-12-21,OTHER,PRINCIPAL,,CFPERF03611,+256710003611,perf.03611+uat@example.invalid,false
Perf03612,Load03612,1972-01-22,MALE,PRINCIPAL,,CFPERF03612,+256710003612,perf.03612+uat@example.invalid,false
Perf03613,Load03613,1973-02-23,FEMALE,PRINCIPAL,,CFPERF03613,+256710003613,perf.03613+uat@example.invalid,false
Perf03614,Load03614,1974-03-24,OTHER,PRINCIPAL,,CFPERF03614,+256710003614,perf.03614+uat@example.invalid,false
Perf03615,Load03615,1975-04-25,MALE,PRINCIPAL,,CFPERF03615,+256710003615,perf.03615+uat@example.invalid,false
Perf03616,Load03616,1976-05-26,FEMALE,PRINCIPAL,,CFPERF03616,+256710003616,perf.03616+uat@example.invalid,false
Perf03617,Load03617,1977-06-27,OTHER,PRINCIPAL,,CFPERF03617,+256710003617,perf.03617+uat@example.invalid,false
Perf03618,Load03618,1978-07-01,MALE,PRINCIPAL,,CFPERF03618,+256710003618,perf.03618+uat@example.invalid,false
Perf03619,Load03619,1979-08-02,FEMALE,PRINCIPAL,,CFPERF03619,+256710003619,perf.03619+uat@example.invalid,false
Perf03620,Load03620,1980-09-03,OTHER,PRINCIPAL,,CFPERF03620,+256710003620,perf.03620+uat@example.invalid,false
Perf03621,Load03621,1981-10-04,MALE,PRINCIPAL,,CFPERF03621,+256710003621,perf.03621+uat@example.invalid,false
Perf03622,Load03622,1982-11-05,FEMALE,PRINCIPAL,,CFPERF03622,+256710003622,perf.03622+uat@example.invalid,false
Perf03623,Load03623,1983-12-06,OTHER,PRINCIPAL,,CFPERF03623,+256710003623,perf.03623+uat@example.invalid,false
Perf03624,Load03624,1984-01-07,MALE,PRINCIPAL,,CFPERF03624,+256710003624,perf.03624+uat@example.invalid,false
Perf03625,Load03625,1985-02-08,FEMALE,PRINCIPAL,,CFPERF03625,+256710003625,perf.03625+uat@example.invalid,false
Perf03626,Load03626,1986-03-09,OTHER,PRINCIPAL,,CFPERF03626,+256710003626,perf.03626+uat@example.invalid,false
Perf03627,Load03627,1987-04-10,MALE,PRINCIPAL,,CFPERF03627,+256710003627,perf.03627+uat@example.invalid,false
Perf03628,Load03628,1988-05-11,FEMALE,PRINCIPAL,,CFPERF03628,+256710003628,perf.03628+uat@example.invalid,false
Perf03629,Load03629,1989-06-12,OTHER,PRINCIPAL,,CFPERF03629,+256710003629,perf.03629+uat@example.invalid,false
Perf03630,Load03630,1990-07-13,MALE,PRINCIPAL,,CFPERF03630,+256710003630,perf.03630+uat@example.invalid,false
Perf03631,Load03631,1991-08-14,FEMALE,PRINCIPAL,,CFPERF03631,+256710003631,perf.03631+uat@example.invalid,false
Perf03632,Load03632,1992-09-15,OTHER,PRINCIPAL,,CFPERF03632,+256710003632,perf.03632+uat@example.invalid,false
Perf03633,Load03633,1993-10-16,MALE,PRINCIPAL,,CFPERF03633,+256710003633,perf.03633+uat@example.invalid,false
Perf03634,Load03634,1994-11-17,FEMALE,PRINCIPAL,,CFPERF03634,+256710003634,perf.03634+uat@example.invalid,false
Perf03635,Load03635,1995-12-18,OTHER,PRINCIPAL,,CFPERF03635,+256710003635,perf.03635+uat@example.invalid,false
Perf03636,Load03636,1996-01-19,MALE,PRINCIPAL,,CFPERF03636,+256710003636,perf.03636+uat@example.invalid,false
Perf03637,Load03637,1997-02-20,FEMALE,PRINCIPAL,,CFPERF03637,+256710003637,perf.03637+uat@example.invalid,false
Perf03638,Load03638,1998-03-21,OTHER,PRINCIPAL,,CFPERF03638,+256710003638,perf.03638+uat@example.invalid,false
Perf03639,Load03639,1999-04-22,MALE,PRINCIPAL,,CFPERF03639,+256710003639,perf.03639+uat@example.invalid,false
Perf03640,Load03640,2000-05-23,FEMALE,PRINCIPAL,,CFPERF03640,+256710003640,perf.03640+uat@example.invalid,false
Perf03641,Load03641,2001-06-24,OTHER,PRINCIPAL,,CFPERF03641,+256710003641,perf.03641+uat@example.invalid,false
Perf03642,Load03642,2002-07-25,MALE,PRINCIPAL,,CFPERF03642,+256710003642,perf.03642+uat@example.invalid,false
Perf03643,Load03643,2003-08-26,FEMALE,PRINCIPAL,,CFPERF03643,+256710003643,perf.03643+uat@example.invalid,false
Perf03644,Load03644,2004-09-27,OTHER,PRINCIPAL,,CFPERF03644,+256710003644,perf.03644+uat@example.invalid,false
Perf03645,Load03645,1960-10-01,MALE,PRINCIPAL,,CFPERF03645,+256710003645,perf.03645+uat@example.invalid,false
Perf03646,Load03646,1961-11-02,FEMALE,PRINCIPAL,,CFPERF03646,+256710003646,perf.03646+uat@example.invalid,false
Perf03647,Load03647,1962-12-03,OTHER,PRINCIPAL,,CFPERF03647,+256710003647,perf.03647+uat@example.invalid,false
Perf03648,Load03648,1963-01-04,MALE,PRINCIPAL,,CFPERF03648,+256710003648,perf.03648+uat@example.invalid,false
Perf03649,Load03649,1964-02-05,FEMALE,PRINCIPAL,,CFPERF03649,+256710003649,perf.03649+uat@example.invalid,false
Perf03650,Load03650,1965-03-06,OTHER,PRINCIPAL,,CFPERF03650,+256710003650,perf.03650+uat@example.invalid,false
Perf03651,Load03651,1966-04-07,MALE,PRINCIPAL,,CFPERF03651,+256710003651,perf.03651+uat@example.invalid,false
Perf03652,Load03652,1967-05-08,FEMALE,PRINCIPAL,,CFPERF03652,+256710003652,perf.03652+uat@example.invalid,false
Perf03653,Load03653,1968-06-09,OTHER,PRINCIPAL,,CFPERF03653,+256710003653,perf.03653+uat@example.invalid,false
Perf03654,Load03654,1969-07-10,MALE,PRINCIPAL,,CFPERF03654,+256710003654,perf.03654+uat@example.invalid,false
Perf03655,Load03655,1970-08-11,FEMALE,PRINCIPAL,,CFPERF03655,+256710003655,perf.03655+uat@example.invalid,false
Perf03656,Load03656,1971-09-12,OTHER,PRINCIPAL,,CFPERF03656,+256710003656,perf.03656+uat@example.invalid,false
Perf03657,Load03657,1972-10-13,MALE,PRINCIPAL,,CFPERF03657,+256710003657,perf.03657+uat@example.invalid,false
Perf03658,Load03658,1973-11-14,FEMALE,PRINCIPAL,,CFPERF03658,+256710003658,perf.03658+uat@example.invalid,false
Perf03659,Load03659,1974-12-15,OTHER,PRINCIPAL,,CFPERF03659,+256710003659,perf.03659+uat@example.invalid,false
Perf03660,Load03660,1975-01-16,MALE,PRINCIPAL,,CFPERF03660,+256710003660,perf.03660+uat@example.invalid,false
Perf03661,Load03661,1976-02-17,FEMALE,PRINCIPAL,,CFPERF03661,+256710003661,perf.03661+uat@example.invalid,false
Perf03662,Load03662,1977-03-18,OTHER,PRINCIPAL,,CFPERF03662,+256710003662,perf.03662+uat@example.invalid,false
Perf03663,Load03663,1978-04-19,MALE,PRINCIPAL,,CFPERF03663,+256710003663,perf.03663+uat@example.invalid,false
Perf03664,Load03664,1979-05-20,FEMALE,PRINCIPAL,,CFPERF03664,+256710003664,perf.03664+uat@example.invalid,false
Perf03665,Load03665,1980-06-21,OTHER,PRINCIPAL,,CFPERF03665,+256710003665,perf.03665+uat@example.invalid,false
Perf03666,Load03666,1981-07-22,MALE,PRINCIPAL,,CFPERF03666,+256710003666,perf.03666+uat@example.invalid,false
Perf03667,Load03667,1982-08-23,FEMALE,PRINCIPAL,,CFPERF03667,+256710003667,perf.03667+uat@example.invalid,false
Perf03668,Load03668,1983-09-24,OTHER,PRINCIPAL,,CFPERF03668,+256710003668,perf.03668+uat@example.invalid,false
Perf03669,Load03669,1984-10-25,MALE,PRINCIPAL,,CFPERF03669,+256710003669,perf.03669+uat@example.invalid,false
Perf03670,Load03670,1985-11-26,FEMALE,PRINCIPAL,,CFPERF03670,+256710003670,perf.03670+uat@example.invalid,false
Perf03671,Load03671,1986-12-27,OTHER,PRINCIPAL,,CFPERF03671,+256710003671,perf.03671+uat@example.invalid,false
Perf03672,Load03672,1987-01-01,MALE,PRINCIPAL,,CFPERF03672,+256710003672,perf.03672+uat@example.invalid,false
Perf03673,Load03673,1988-02-02,FEMALE,PRINCIPAL,,CFPERF03673,+256710003673,perf.03673+uat@example.invalid,false
Perf03674,Load03674,1989-03-03,OTHER,PRINCIPAL,,CFPERF03674,+256710003674,perf.03674+uat@example.invalid,false
Perf03675,Load03675,1990-04-04,MALE,PRINCIPAL,,CFPERF03675,+256710003675,perf.03675+uat@example.invalid,false
Perf03676,Load03676,1991-05-05,FEMALE,PRINCIPAL,,CFPERF03676,+256710003676,perf.03676+uat@example.invalid,false
Perf03677,Load03677,1992-06-06,OTHER,PRINCIPAL,,CFPERF03677,+256710003677,perf.03677+uat@example.invalid,false
Perf03678,Load03678,1993-07-07,MALE,PRINCIPAL,,CFPERF03678,+256710003678,perf.03678+uat@example.invalid,false
Perf03679,Load03679,1994-08-08,FEMALE,PRINCIPAL,,CFPERF03679,+256710003679,perf.03679+uat@example.invalid,false
Perf03680,Load03680,1995-09-09,OTHER,PRINCIPAL,,CFPERF03680,+256710003680,perf.03680+uat@example.invalid,false
Perf03681,Load03681,1996-10-10,MALE,PRINCIPAL,,CFPERF03681,+256710003681,perf.03681+uat@example.invalid,false
Perf03682,Load03682,1997-11-11,FEMALE,PRINCIPAL,,CFPERF03682,+256710003682,perf.03682+uat@example.invalid,false
Perf03683,Load03683,1998-12-12,OTHER,PRINCIPAL,,CFPERF03683,+256710003683,perf.03683+uat@example.invalid,false
Perf03684,Load03684,1999-01-13,MALE,PRINCIPAL,,CFPERF03684,+256710003684,perf.03684+uat@example.invalid,false
Perf03685,Load03685,2000-02-14,FEMALE,PRINCIPAL,,CFPERF03685,+256710003685,perf.03685+uat@example.invalid,false
Perf03686,Load03686,2001-03-15,OTHER,PRINCIPAL,,CFPERF03686,+256710003686,perf.03686+uat@example.invalid,false
Perf03687,Load03687,2002-04-16,MALE,PRINCIPAL,,CFPERF03687,+256710003687,perf.03687+uat@example.invalid,false
Perf03688,Load03688,2003-05-17,FEMALE,PRINCIPAL,,CFPERF03688,+256710003688,perf.03688+uat@example.invalid,false
Perf03689,Load03689,2004-06-18,OTHER,PRINCIPAL,,CFPERF03689,+256710003689,perf.03689+uat@example.invalid,false
Perf03690,Load03690,1960-07-19,MALE,PRINCIPAL,,CFPERF03690,+256710003690,perf.03690+uat@example.invalid,false
Perf03691,Load03691,1961-08-20,FEMALE,PRINCIPAL,,CFPERF03691,+256710003691,perf.03691+uat@example.invalid,false
Perf03692,Load03692,1962-09-21,OTHER,PRINCIPAL,,CFPERF03692,+256710003692,perf.03692+uat@example.invalid,false
Perf03693,Load03693,1963-10-22,MALE,PRINCIPAL,,CFPERF03693,+256710003693,perf.03693+uat@example.invalid,false
Perf03694,Load03694,1964-11-23,FEMALE,PRINCIPAL,,CFPERF03694,+256710003694,perf.03694+uat@example.invalid,false
Perf03695,Load03695,1965-12-24,OTHER,PRINCIPAL,,CFPERF03695,+256710003695,perf.03695+uat@example.invalid,false
Perf03696,Load03696,1966-01-25,MALE,PRINCIPAL,,CFPERF03696,+256710003696,perf.03696+uat@example.invalid,false
Perf03697,Load03697,1967-02-26,FEMALE,PRINCIPAL,,CFPERF03697,+256710003697,perf.03697+uat@example.invalid,false
Perf03698,Load03698,1968-03-27,OTHER,PRINCIPAL,,CFPERF03698,+256710003698,perf.03698+uat@example.invalid,false
Perf03699,Load03699,1969-04-01,MALE,PRINCIPAL,,CFPERF03699,+256710003699,perf.03699+uat@example.invalid,false
Perf03700,Load03700,1970-05-02,FEMALE,PRINCIPAL,,CFPERF03700,+256710003700,perf.03700+uat@example.invalid,false
Perf03701,Load03701,1971-06-03,OTHER,PRINCIPAL,,CFPERF03701,+256710003701,perf.03701+uat@example.invalid,false
Perf03702,Load03702,1972-07-04,MALE,PRINCIPAL,,CFPERF03702,+256710003702,perf.03702+uat@example.invalid,false
Perf03703,Load03703,1973-08-05,FEMALE,PRINCIPAL,,CFPERF03703,+256710003703,perf.03703+uat@example.invalid,false
Perf03704,Load03704,1974-09-06,OTHER,PRINCIPAL,,CFPERF03704,+256710003704,perf.03704+uat@example.invalid,false
Perf03705,Load03705,1975-10-07,MALE,PRINCIPAL,,CFPERF03705,+256710003705,perf.03705+uat@example.invalid,false
Perf03706,Load03706,1976-11-08,FEMALE,PRINCIPAL,,CFPERF03706,+256710003706,perf.03706+uat@example.invalid,false
Perf03707,Load03707,1977-12-09,OTHER,PRINCIPAL,,CFPERF03707,+256710003707,perf.03707+uat@example.invalid,false
Perf03708,Load03708,1978-01-10,MALE,PRINCIPAL,,CFPERF03708,+256710003708,perf.03708+uat@example.invalid,false
Perf03709,Load03709,1979-02-11,FEMALE,PRINCIPAL,,CFPERF03709,+256710003709,perf.03709+uat@example.invalid,false
Perf03710,Load03710,1980-03-12,OTHER,PRINCIPAL,,CFPERF03710,+256710003710,perf.03710+uat@example.invalid,false
Perf03711,Load03711,1981-04-13,MALE,PRINCIPAL,,CFPERF03711,+256710003711,perf.03711+uat@example.invalid,false
Perf03712,Load03712,1982-05-14,FEMALE,PRINCIPAL,,CFPERF03712,+256710003712,perf.03712+uat@example.invalid,false
Perf03713,Load03713,1983-06-15,OTHER,PRINCIPAL,,CFPERF03713,+256710003713,perf.03713+uat@example.invalid,false
Perf03714,Load03714,1984-07-16,MALE,PRINCIPAL,,CFPERF03714,+256710003714,perf.03714+uat@example.invalid,false
Perf03715,Load03715,1985-08-17,FEMALE,PRINCIPAL,,CFPERF03715,+256710003715,perf.03715+uat@example.invalid,false
Perf03716,Load03716,1986-09-18,OTHER,PRINCIPAL,,CFPERF03716,+256710003716,perf.03716+uat@example.invalid,false
Perf03717,Load03717,1987-10-19,MALE,PRINCIPAL,,CFPERF03717,+256710003717,perf.03717+uat@example.invalid,false
Perf03718,Load03718,1988-11-20,FEMALE,PRINCIPAL,,CFPERF03718,+256710003718,perf.03718+uat@example.invalid,false
Perf03719,Load03719,1989-12-21,OTHER,PRINCIPAL,,CFPERF03719,+256710003719,perf.03719+uat@example.invalid,false
Perf03720,Load03720,1990-01-22,MALE,PRINCIPAL,,CFPERF03720,+256710003720,perf.03720+uat@example.invalid,false
Perf03721,Load03721,1991-02-23,FEMALE,PRINCIPAL,,CFPERF03721,+256710003721,perf.03721+uat@example.invalid,false
Perf03722,Load03722,1992-03-24,OTHER,PRINCIPAL,,CFPERF03722,+256710003722,perf.03722+uat@example.invalid,false
Perf03723,Load03723,1993-04-25,MALE,PRINCIPAL,,CFPERF03723,+256710003723,perf.03723+uat@example.invalid,false
Perf03724,Load03724,1994-05-26,FEMALE,PRINCIPAL,,CFPERF03724,+256710003724,perf.03724+uat@example.invalid,false
Perf03725,Load03725,1995-06-27,OTHER,PRINCIPAL,,CFPERF03725,+256710003725,perf.03725+uat@example.invalid,false
Perf03726,Load03726,1996-07-01,MALE,PRINCIPAL,,CFPERF03726,+256710003726,perf.03726+uat@example.invalid,false
Perf03727,Load03727,1997-08-02,FEMALE,PRINCIPAL,,CFPERF03727,+256710003727,perf.03727+uat@example.invalid,false
Perf03728,Load03728,1998-09-03,OTHER,PRINCIPAL,,CFPERF03728,+256710003728,perf.03728+uat@example.invalid,false
Perf03729,Load03729,1999-10-04,MALE,PRINCIPAL,,CFPERF03729,+256710003729,perf.03729+uat@example.invalid,false
Perf03730,Load03730,2000-11-05,FEMALE,PRINCIPAL,,CFPERF03730,+256710003730,perf.03730+uat@example.invalid,false
Perf03731,Load03731,2001-12-06,OTHER,PRINCIPAL,,CFPERF03731,+256710003731,perf.03731+uat@example.invalid,false
Perf03732,Load03732,2002-01-07,MALE,PRINCIPAL,,CFPERF03732,+256710003732,perf.03732+uat@example.invalid,false
Perf03733,Load03733,2003-02-08,FEMALE,PRINCIPAL,,CFPERF03733,+256710003733,perf.03733+uat@example.invalid,false
Perf03734,Load03734,2004-03-09,OTHER,PRINCIPAL,,CFPERF03734,+256710003734,perf.03734+uat@example.invalid,false
Perf03735,Load03735,1960-04-10,MALE,PRINCIPAL,,CFPERF03735,+256710003735,perf.03735+uat@example.invalid,false
Perf03736,Load03736,1961-05-11,FEMALE,PRINCIPAL,,CFPERF03736,+256710003736,perf.03736+uat@example.invalid,false
Perf03737,Load03737,1962-06-12,OTHER,PRINCIPAL,,CFPERF03737,+256710003737,perf.03737+uat@example.invalid,false
Perf03738,Load03738,1963-07-13,MALE,PRINCIPAL,,CFPERF03738,+256710003738,perf.03738+uat@example.invalid,false
Perf03739,Load03739,1964-08-14,FEMALE,PRINCIPAL,,CFPERF03739,+256710003739,perf.03739+uat@example.invalid,false
Perf03740,Load03740,1965-09-15,OTHER,PRINCIPAL,,CFPERF03740,+256710003740,perf.03740+uat@example.invalid,false
Perf03741,Load03741,1966-10-16,MALE,PRINCIPAL,,CFPERF03741,+256710003741,perf.03741+uat@example.invalid,false
Perf03742,Load03742,1967-11-17,FEMALE,PRINCIPAL,,CFPERF03742,+256710003742,perf.03742+uat@example.invalid,false
Perf03743,Load03743,1968-12-18,OTHER,PRINCIPAL,,CFPERF03743,+256710003743,perf.03743+uat@example.invalid,false
Perf03744,Load03744,1969-01-19,MALE,PRINCIPAL,,CFPERF03744,+256710003744,perf.03744+uat@example.invalid,false
Perf03745,Load03745,1970-02-20,FEMALE,PRINCIPAL,,CFPERF03745,+256710003745,perf.03745+uat@example.invalid,false
Perf03746,Load03746,1971-03-21,OTHER,PRINCIPAL,,CFPERF03746,+256710003746,perf.03746+uat@example.invalid,false
Perf03747,Load03747,1972-04-22,MALE,PRINCIPAL,,CFPERF03747,+256710003747,perf.03747+uat@example.invalid,false
Perf03748,Load03748,1973-05-23,FEMALE,PRINCIPAL,,CFPERF03748,+256710003748,perf.03748+uat@example.invalid,false
Perf03749,Load03749,1974-06-24,OTHER,PRINCIPAL,,CFPERF03749,+256710003749,perf.03749+uat@example.invalid,false
Perf03750,Load03750,1975-07-25,MALE,PRINCIPAL,,CFPERF03750,+256710003750,perf.03750+uat@example.invalid,false
Perf03751,Load03751,1976-08-26,FEMALE,PRINCIPAL,,CFPERF03751,+256710003751,perf.03751+uat@example.invalid,false
Perf03752,Load03752,1977-09-27,OTHER,PRINCIPAL,,CFPERF03752,+256710003752,perf.03752+uat@example.invalid,false
Perf03753,Load03753,1978-10-01,MALE,PRINCIPAL,,CFPERF03753,+256710003753,perf.03753+uat@example.invalid,false
Perf03754,Load03754,1979-11-02,FEMALE,PRINCIPAL,,CFPERF03754,+256710003754,perf.03754+uat@example.invalid,false
Perf03755,Load03755,1980-12-03,OTHER,PRINCIPAL,,CFPERF03755,+256710003755,perf.03755+uat@example.invalid,false
Perf03756,Load03756,1981-01-04,MALE,PRINCIPAL,,CFPERF03756,+256710003756,perf.03756+uat@example.invalid,false
Perf03757,Load03757,1982-02-05,FEMALE,PRINCIPAL,,CFPERF03757,+256710003757,perf.03757+uat@example.invalid,false
Perf03758,Load03758,1983-03-06,OTHER,PRINCIPAL,,CFPERF03758,+256710003758,perf.03758+uat@example.invalid,false
Perf03759,Load03759,1984-04-07,MALE,PRINCIPAL,,CFPERF03759,+256710003759,perf.03759+uat@example.invalid,false
Perf03760,Load03760,1985-05-08,FEMALE,PRINCIPAL,,CFPERF03760,+256710003760,perf.03760+uat@example.invalid,false
Perf03761,Load03761,1986-06-09,OTHER,PRINCIPAL,,CFPERF03761,+256710003761,perf.03761+uat@example.invalid,false
Perf03762,Load03762,1987-07-10,MALE,PRINCIPAL,,CFPERF03762,+256710003762,perf.03762+uat@example.invalid,false
Perf03763,Load03763,1988-08-11,FEMALE,PRINCIPAL,,CFPERF03763,+256710003763,perf.03763+uat@example.invalid,false
Perf03764,Load03764,1989-09-12,OTHER,PRINCIPAL,,CFPERF03764,+256710003764,perf.03764+uat@example.invalid,false
Perf03765,Load03765,1990-10-13,MALE,PRINCIPAL,,CFPERF03765,+256710003765,perf.03765+uat@example.invalid,false
Perf03766,Load03766,1991-11-14,FEMALE,PRINCIPAL,,CFPERF03766,+256710003766,perf.03766+uat@example.invalid,false
Perf03767,Load03767,1992-12-15,OTHER,PRINCIPAL,,CFPERF03767,+256710003767,perf.03767+uat@example.invalid,false
Perf03768,Load03768,1993-01-16,MALE,PRINCIPAL,,CFPERF03768,+256710003768,perf.03768+uat@example.invalid,false
Perf03769,Load03769,1994-02-17,FEMALE,PRINCIPAL,,CFPERF03769,+256710003769,perf.03769+uat@example.invalid,false
Perf03770,Load03770,1995-03-18,OTHER,PRINCIPAL,,CFPERF03770,+256710003770,perf.03770+uat@example.invalid,false
Perf03771,Load03771,1996-04-19,MALE,PRINCIPAL,,CFPERF03771,+256710003771,perf.03771+uat@example.invalid,false
Perf03772,Load03772,1997-05-20,FEMALE,PRINCIPAL,,CFPERF03772,+256710003772,perf.03772+uat@example.invalid,false
Perf03773,Load03773,1998-06-21,OTHER,PRINCIPAL,,CFPERF03773,+256710003773,perf.03773+uat@example.invalid,false
Perf03774,Load03774,1999-07-22,MALE,PRINCIPAL,,CFPERF03774,+256710003774,perf.03774+uat@example.invalid,false
Perf03775,Load03775,2000-08-23,FEMALE,PRINCIPAL,,CFPERF03775,+256710003775,perf.03775+uat@example.invalid,false
Perf03776,Load03776,2001-09-24,OTHER,PRINCIPAL,,CFPERF03776,+256710003776,perf.03776+uat@example.invalid,false
Perf03777,Load03777,2002-10-25,MALE,PRINCIPAL,,CFPERF03777,+256710003777,perf.03777+uat@example.invalid,false
Perf03778,Load03778,2003-11-26,FEMALE,PRINCIPAL,,CFPERF03778,+256710003778,perf.03778+uat@example.invalid,false
Perf03779,Load03779,2004-12-27,OTHER,PRINCIPAL,,CFPERF03779,+256710003779,perf.03779+uat@example.invalid,false
Perf03780,Load03780,1960-01-01,MALE,PRINCIPAL,,CFPERF03780,+256710003780,perf.03780+uat@example.invalid,false
Perf03781,Load03781,1961-02-02,FEMALE,PRINCIPAL,,CFPERF03781,+256710003781,perf.03781+uat@example.invalid,false
Perf03782,Load03782,1962-03-03,OTHER,PRINCIPAL,,CFPERF03782,+256710003782,perf.03782+uat@example.invalid,false
Perf03783,Load03783,1963-04-04,MALE,PRINCIPAL,,CFPERF03783,+256710003783,perf.03783+uat@example.invalid,false
Perf03784,Load03784,1964-05-05,FEMALE,PRINCIPAL,,CFPERF03784,+256710003784,perf.03784+uat@example.invalid,false
Perf03785,Load03785,1965-06-06,OTHER,PRINCIPAL,,CFPERF03785,+256710003785,perf.03785+uat@example.invalid,false
Perf03786,Load03786,1966-07-07,MALE,PRINCIPAL,,CFPERF03786,+256710003786,perf.03786+uat@example.invalid,false
Perf03787,Load03787,1967-08-08,FEMALE,PRINCIPAL,,CFPERF03787,+256710003787,perf.03787+uat@example.invalid,false
Perf03788,Load03788,1968-09-09,OTHER,PRINCIPAL,,CFPERF03788,+256710003788,perf.03788+uat@example.invalid,false
Perf03789,Load03789,1969-10-10,MALE,PRINCIPAL,,CFPERF03789,+256710003789,perf.03789+uat@example.invalid,false
Perf03790,Load03790,1970-11-11,FEMALE,PRINCIPAL,,CFPERF03790,+256710003790,perf.03790+uat@example.invalid,false
Perf03791,Load03791,1971-12-12,OTHER,PRINCIPAL,,CFPERF03791,+256710003791,perf.03791+uat@example.invalid,false
Perf03792,Load03792,1972-01-13,MALE,PRINCIPAL,,CFPERF03792,+256710003792,perf.03792+uat@example.invalid,false
Perf03793,Load03793,1973-02-14,FEMALE,PRINCIPAL,,CFPERF03793,+256710003793,perf.03793+uat@example.invalid,false
Perf03794,Load03794,1974-03-15,OTHER,PRINCIPAL,,CFPERF03794,+256710003794,perf.03794+uat@example.invalid,false
Perf03795,Load03795,1975-04-16,MALE,PRINCIPAL,,CFPERF03795,+256710003795,perf.03795+uat@example.invalid,false
Perf03796,Load03796,1976-05-17,FEMALE,PRINCIPAL,,CFPERF03796,+256710003796,perf.03796+uat@example.invalid,false
Perf03797,Load03797,1977-06-18,OTHER,PRINCIPAL,,CFPERF03797,+256710003797,perf.03797+uat@example.invalid,false
Perf03798,Load03798,1978-07-19,MALE,PRINCIPAL,,CFPERF03798,+256710003798,perf.03798+uat@example.invalid,false
Perf03799,Load03799,1979-08-20,FEMALE,PRINCIPAL,,CFPERF03799,+256710003799,perf.03799+uat@example.invalid,false
Perf03800,Load03800,1980-09-21,OTHER,PRINCIPAL,,CFPERF03800,+256710003800,perf.03800+uat@example.invalid,false
Perf03801,Load03801,1981-10-22,MALE,PRINCIPAL,,CFPERF03801,+256710003801,perf.03801+uat@example.invalid,false
Perf03802,Load03802,1982-11-23,FEMALE,PRINCIPAL,,CFPERF03802,+256710003802,perf.03802+uat@example.invalid,false
Perf03803,Load03803,1983-12-24,OTHER,PRINCIPAL,,CFPERF03803,+256710003803,perf.03803+uat@example.invalid,false
Perf03804,Load03804,1984-01-25,MALE,PRINCIPAL,,CFPERF03804,+256710003804,perf.03804+uat@example.invalid,false
Perf03805,Load03805,1985-02-26,FEMALE,PRINCIPAL,,CFPERF03805,+256710003805,perf.03805+uat@example.invalid,false
Perf03806,Load03806,1986-03-27,OTHER,PRINCIPAL,,CFPERF03806,+256710003806,perf.03806+uat@example.invalid,false
Perf03807,Load03807,1987-04-01,MALE,PRINCIPAL,,CFPERF03807,+256710003807,perf.03807+uat@example.invalid,false
Perf03808,Load03808,1988-05-02,FEMALE,PRINCIPAL,,CFPERF03808,+256710003808,perf.03808+uat@example.invalid,false
Perf03809,Load03809,1989-06-03,OTHER,PRINCIPAL,,CFPERF03809,+256710003809,perf.03809+uat@example.invalid,false
Perf03810,Load03810,1990-07-04,MALE,PRINCIPAL,,CFPERF03810,+256710003810,perf.03810+uat@example.invalid,false
Perf03811,Load03811,1991-08-05,FEMALE,PRINCIPAL,,CFPERF03811,+256710003811,perf.03811+uat@example.invalid,false
Perf03812,Load03812,1992-09-06,OTHER,PRINCIPAL,,CFPERF03812,+256710003812,perf.03812+uat@example.invalid,false
Perf03813,Load03813,1993-10-07,MALE,PRINCIPAL,,CFPERF03813,+256710003813,perf.03813+uat@example.invalid,false
Perf03814,Load03814,1994-11-08,FEMALE,PRINCIPAL,,CFPERF03814,+256710003814,perf.03814+uat@example.invalid,false
Perf03815,Load03815,1995-12-09,OTHER,PRINCIPAL,,CFPERF03815,+256710003815,perf.03815+uat@example.invalid,false
Perf03816,Load03816,1996-01-10,MALE,PRINCIPAL,,CFPERF03816,+256710003816,perf.03816+uat@example.invalid,false
Perf03817,Load03817,1997-02-11,FEMALE,PRINCIPAL,,CFPERF03817,+256710003817,perf.03817+uat@example.invalid,false
Perf03818,Load03818,1998-03-12,OTHER,PRINCIPAL,,CFPERF03818,+256710003818,perf.03818+uat@example.invalid,false
Perf03819,Load03819,1999-04-13,MALE,PRINCIPAL,,CFPERF03819,+256710003819,perf.03819+uat@example.invalid,false
Perf03820,Load03820,2000-05-14,FEMALE,PRINCIPAL,,CFPERF03820,+256710003820,perf.03820+uat@example.invalid,false
Perf03821,Load03821,2001-06-15,OTHER,PRINCIPAL,,CFPERF03821,+256710003821,perf.03821+uat@example.invalid,false
Perf03822,Load03822,2002-07-16,MALE,PRINCIPAL,,CFPERF03822,+256710003822,perf.03822+uat@example.invalid,false
Perf03823,Load03823,2003-08-17,FEMALE,PRINCIPAL,,CFPERF03823,+256710003823,perf.03823+uat@example.invalid,false
Perf03824,Load03824,2004-09-18,OTHER,PRINCIPAL,,CFPERF03824,+256710003824,perf.03824+uat@example.invalid,false
Perf03825,Load03825,1960-10-19,MALE,PRINCIPAL,,CFPERF03825,+256710003825,perf.03825+uat@example.invalid,false
Perf03826,Load03826,1961-11-20,FEMALE,PRINCIPAL,,CFPERF03826,+256710003826,perf.03826+uat@example.invalid,false
Perf03827,Load03827,1962-12-21,OTHER,PRINCIPAL,,CFPERF03827,+256710003827,perf.03827+uat@example.invalid,false
Perf03828,Load03828,1963-01-22,MALE,PRINCIPAL,,CFPERF03828,+256710003828,perf.03828+uat@example.invalid,false
Perf03829,Load03829,1964-02-23,FEMALE,PRINCIPAL,,CFPERF03829,+256710003829,perf.03829+uat@example.invalid,false
Perf03830,Load03830,1965-03-24,OTHER,PRINCIPAL,,CFPERF03830,+256710003830,perf.03830+uat@example.invalid,false
Perf03831,Load03831,1966-04-25,MALE,PRINCIPAL,,CFPERF03831,+256710003831,perf.03831+uat@example.invalid,false
Perf03832,Load03832,1967-05-26,FEMALE,PRINCIPAL,,CFPERF03832,+256710003832,perf.03832+uat@example.invalid,false
Perf03833,Load03833,1968-06-27,OTHER,PRINCIPAL,,CFPERF03833,+256710003833,perf.03833+uat@example.invalid,false
Perf03834,Load03834,1969-07-01,MALE,PRINCIPAL,,CFPERF03834,+256710003834,perf.03834+uat@example.invalid,false
Perf03835,Load03835,1970-08-02,FEMALE,PRINCIPAL,,CFPERF03835,+256710003835,perf.03835+uat@example.invalid,false
Perf03836,Load03836,1971-09-03,OTHER,PRINCIPAL,,CFPERF03836,+256710003836,perf.03836+uat@example.invalid,false
Perf03837,Load03837,1972-10-04,MALE,PRINCIPAL,,CFPERF03837,+256710003837,perf.03837+uat@example.invalid,false
Perf03838,Load03838,1973-11-05,FEMALE,PRINCIPAL,,CFPERF03838,+256710003838,perf.03838+uat@example.invalid,false
Perf03839,Load03839,1974-12-06,OTHER,PRINCIPAL,,CFPERF03839,+256710003839,perf.03839+uat@example.invalid,false
Perf03840,Load03840,1975-01-07,MALE,PRINCIPAL,,CFPERF03840,+256710003840,perf.03840+uat@example.invalid,false
Perf03841,Load03841,1976-02-08,FEMALE,PRINCIPAL,,CFPERF03841,+256710003841,perf.03841+uat@example.invalid,false
Perf03842,Load03842,1977-03-09,OTHER,PRINCIPAL,,CFPERF03842,+256710003842,perf.03842+uat@example.invalid,false
Perf03843,Load03843,1978-04-10,MALE,PRINCIPAL,,CFPERF03843,+256710003843,perf.03843+uat@example.invalid,false
Perf03844,Load03844,1979-05-11,FEMALE,PRINCIPAL,,CFPERF03844,+256710003844,perf.03844+uat@example.invalid,false
Perf03845,Load03845,1980-06-12,OTHER,PRINCIPAL,,CFPERF03845,+256710003845,perf.03845+uat@example.invalid,false
Perf03846,Load03846,1981-07-13,MALE,PRINCIPAL,,CFPERF03846,+256710003846,perf.03846+uat@example.invalid,false
Perf03847,Load03847,1982-08-14,FEMALE,PRINCIPAL,,CFPERF03847,+256710003847,perf.03847+uat@example.invalid,false
Perf03848,Load03848,1983-09-15,OTHER,PRINCIPAL,,CFPERF03848,+256710003848,perf.03848+uat@example.invalid,false
Perf03849,Load03849,1984-10-16,MALE,PRINCIPAL,,CFPERF03849,+256710003849,perf.03849+uat@example.invalid,false
Perf03850,Load03850,1985-11-17,FEMALE,PRINCIPAL,,CFPERF03850,+256710003850,perf.03850+uat@example.invalid,false
Perf03851,Load03851,1986-12-18,OTHER,PRINCIPAL,,CFPERF03851,+256710003851,perf.03851+uat@example.invalid,false
Perf03852,Load03852,1987-01-19,MALE,PRINCIPAL,,CFPERF03852,+256710003852,perf.03852+uat@example.invalid,false
Perf03853,Load03853,1988-02-20,FEMALE,PRINCIPAL,,CFPERF03853,+256710003853,perf.03853+uat@example.invalid,false
Perf03854,Load03854,1989-03-21,OTHER,PRINCIPAL,,CFPERF03854,+256710003854,perf.03854+uat@example.invalid,false
Perf03855,Load03855,1990-04-22,MALE,PRINCIPAL,,CFPERF03855,+256710003855,perf.03855+uat@example.invalid,false
Perf03856,Load03856,1991-05-23,FEMALE,PRINCIPAL,,CFPERF03856,+256710003856,perf.03856+uat@example.invalid,false
Perf03857,Load03857,1992-06-24,OTHER,PRINCIPAL,,CFPERF03857,+256710003857,perf.03857+uat@example.invalid,false
Perf03858,Load03858,1993-07-25,MALE,PRINCIPAL,,CFPERF03858,+256710003858,perf.03858+uat@example.invalid,false
Perf03859,Load03859,1994-08-26,FEMALE,PRINCIPAL,,CFPERF03859,+256710003859,perf.03859+uat@example.invalid,false
Perf03860,Load03860,1995-09-27,OTHER,PRINCIPAL,,CFPERF03860,+256710003860,perf.03860+uat@example.invalid,false
Perf03861,Load03861,1996-10-01,MALE,PRINCIPAL,,CFPERF03861,+256710003861,perf.03861+uat@example.invalid,false
Perf03862,Load03862,1997-11-02,FEMALE,PRINCIPAL,,CFPERF03862,+256710003862,perf.03862+uat@example.invalid,false
Perf03863,Load03863,1998-12-03,OTHER,PRINCIPAL,,CFPERF03863,+256710003863,perf.03863+uat@example.invalid,false
Perf03864,Load03864,1999-01-04,MALE,PRINCIPAL,,CFPERF03864,+256710003864,perf.03864+uat@example.invalid,false
Perf03865,Load03865,2000-02-05,FEMALE,PRINCIPAL,,CFPERF03865,+256710003865,perf.03865+uat@example.invalid,false
Perf03866,Load03866,2001-03-06,OTHER,PRINCIPAL,,CFPERF03866,+256710003866,perf.03866+uat@example.invalid,false
Perf03867,Load03867,2002-04-07,MALE,PRINCIPAL,,CFPERF03867,+256710003867,perf.03867+uat@example.invalid,false
Perf03868,Load03868,2003-05-08,FEMALE,PRINCIPAL,,CFPERF03868,+256710003868,perf.03868+uat@example.invalid,false
Perf03869,Load03869,2004-06-09,OTHER,PRINCIPAL,,CFPERF03869,+256710003869,perf.03869+uat@example.invalid,false
Perf03870,Load03870,1960-07-10,MALE,PRINCIPAL,,CFPERF03870,+256710003870,perf.03870+uat@example.invalid,false
Perf03871,Load03871,1961-08-11,FEMALE,PRINCIPAL,,CFPERF03871,+256710003871,perf.03871+uat@example.invalid,false
Perf03872,Load03872,1962-09-12,OTHER,PRINCIPAL,,CFPERF03872,+256710003872,perf.03872+uat@example.invalid,false
Perf03873,Load03873,1963-10-13,MALE,PRINCIPAL,,CFPERF03873,+256710003873,perf.03873+uat@example.invalid,false
Perf03874,Load03874,1964-11-14,FEMALE,PRINCIPAL,,CFPERF03874,+256710003874,perf.03874+uat@example.invalid,false
Perf03875,Load03875,1965-12-15,OTHER,PRINCIPAL,,CFPERF03875,+256710003875,perf.03875+uat@example.invalid,false
Perf03876,Load03876,1966-01-16,MALE,PRINCIPAL,,CFPERF03876,+256710003876,perf.03876+uat@example.invalid,false
Perf03877,Load03877,1967-02-17,FEMALE,PRINCIPAL,,CFPERF03877,+256710003877,perf.03877+uat@example.invalid,false
Perf03878,Load03878,1968-03-18,OTHER,PRINCIPAL,,CFPERF03878,+256710003878,perf.03878+uat@example.invalid,false
Perf03879,Load03879,1969-04-19,MALE,PRINCIPAL,,CFPERF03879,+256710003879,perf.03879+uat@example.invalid,false
Perf03880,Load03880,1970-05-20,FEMALE,PRINCIPAL,,CFPERF03880,+256710003880,perf.03880+uat@example.invalid,false
Perf03881,Load03881,1971-06-21,OTHER,PRINCIPAL,,CFPERF03881,+256710003881,perf.03881+uat@example.invalid,false
Perf03882,Load03882,1972-07-22,MALE,PRINCIPAL,,CFPERF03882,+256710003882,perf.03882+uat@example.invalid,false
Perf03883,Load03883,1973-08-23,FEMALE,PRINCIPAL,,CFPERF03883,+256710003883,perf.03883+uat@example.invalid,false
Perf03884,Load03884,1974-09-24,OTHER,PRINCIPAL,,CFPERF03884,+256710003884,perf.03884+uat@example.invalid,false
Perf03885,Load03885,1975-10-25,MALE,PRINCIPAL,,CFPERF03885,+256710003885,perf.03885+uat@example.invalid,false
Perf03886,Load03886,1976-11-26,FEMALE,PRINCIPAL,,CFPERF03886,+256710003886,perf.03886+uat@example.invalid,false
Perf03887,Load03887,1977-12-27,OTHER,PRINCIPAL,,CFPERF03887,+256710003887,perf.03887+uat@example.invalid,false
Perf03888,Load03888,1978-01-01,MALE,PRINCIPAL,,CFPERF03888,+256710003888,perf.03888+uat@example.invalid,false
Perf03889,Load03889,1979-02-02,FEMALE,PRINCIPAL,,CFPERF03889,+256710003889,perf.03889+uat@example.invalid,false
Perf03890,Load03890,1980-03-03,OTHER,PRINCIPAL,,CFPERF03890,+256710003890,perf.03890+uat@example.invalid,false
Perf03891,Load03891,1981-04-04,MALE,PRINCIPAL,,CFPERF03891,+256710003891,perf.03891+uat@example.invalid,false
Perf03892,Load03892,1982-05-05,FEMALE,PRINCIPAL,,CFPERF03892,+256710003892,perf.03892+uat@example.invalid,false
Perf03893,Load03893,1983-06-06,OTHER,PRINCIPAL,,CFPERF03893,+256710003893,perf.03893+uat@example.invalid,false
Perf03894,Load03894,1984-07-07,MALE,PRINCIPAL,,CFPERF03894,+256710003894,perf.03894+uat@example.invalid,false
Perf03895,Load03895,1985-08-08,FEMALE,PRINCIPAL,,CFPERF03895,+256710003895,perf.03895+uat@example.invalid,false
Perf03896,Load03896,1986-09-09,OTHER,PRINCIPAL,,CFPERF03896,+256710003896,perf.03896+uat@example.invalid,false
Perf03897,Load03897,1987-10-10,MALE,PRINCIPAL,,CFPERF03897,+256710003897,perf.03897+uat@example.invalid,false
Perf03898,Load03898,1988-11-11,FEMALE,PRINCIPAL,,CFPERF03898,+256710003898,perf.03898+uat@example.invalid,false
Perf03899,Load03899,1989-12-12,OTHER,PRINCIPAL,,CFPERF03899,+256710003899,perf.03899+uat@example.invalid,false
Perf03900,Load03900,1990-01-13,MALE,PRINCIPAL,,CFPERF03900,+256710003900,perf.03900+uat@example.invalid,false
Perf03901,Load03901,1991-02-14,FEMALE,PRINCIPAL,,CFPERF03901,+256710003901,perf.03901+uat@example.invalid,false
Perf03902,Load03902,1992-03-15,OTHER,PRINCIPAL,,CFPERF03902,+256710003902,perf.03902+uat@example.invalid,false
Perf03903,Load03903,1993-04-16,MALE,PRINCIPAL,,CFPERF03903,+256710003903,perf.03903+uat@example.invalid,false
Perf03904,Load03904,1994-05-17,FEMALE,PRINCIPAL,,CFPERF03904,+256710003904,perf.03904+uat@example.invalid,false
Perf03905,Load03905,1995-06-18,OTHER,PRINCIPAL,,CFPERF03905,+256710003905,perf.03905+uat@example.invalid,false
Perf03906,Load03906,1996-07-19,MALE,PRINCIPAL,,CFPERF03906,+256710003906,perf.03906+uat@example.invalid,false
Perf03907,Load03907,1997-08-20,FEMALE,PRINCIPAL,,CFPERF03907,+256710003907,perf.03907+uat@example.invalid,false
Perf03908,Load03908,1998-09-21,OTHER,PRINCIPAL,,CFPERF03908,+256710003908,perf.03908+uat@example.invalid,false
Perf03909,Load03909,1999-10-22,MALE,PRINCIPAL,,CFPERF03909,+256710003909,perf.03909+uat@example.invalid,false
Perf03910,Load03910,2000-11-23,FEMALE,PRINCIPAL,,CFPERF03910,+256710003910,perf.03910+uat@example.invalid,false
Perf03911,Load03911,2001-12-24,OTHER,PRINCIPAL,,CFPERF03911,+256710003911,perf.03911+uat@example.invalid,false
Perf03912,Load03912,2002-01-25,MALE,PRINCIPAL,,CFPERF03912,+256710003912,perf.03912+uat@example.invalid,false
Perf03913,Load03913,2003-02-26,FEMALE,PRINCIPAL,,CFPERF03913,+256710003913,perf.03913+uat@example.invalid,false
Perf03914,Load03914,2004-03-27,OTHER,PRINCIPAL,,CFPERF03914,+256710003914,perf.03914+uat@example.invalid,false
Perf03915,Load03915,1960-04-01,MALE,PRINCIPAL,,CFPERF03915,+256710003915,perf.03915+uat@example.invalid,false
Perf03916,Load03916,1961-05-02,FEMALE,PRINCIPAL,,CFPERF03916,+256710003916,perf.03916+uat@example.invalid,false
Perf03917,Load03917,1962-06-03,OTHER,PRINCIPAL,,CFPERF03917,+256710003917,perf.03917+uat@example.invalid,false
Perf03918,Load03918,1963-07-04,MALE,PRINCIPAL,,CFPERF03918,+256710003918,perf.03918+uat@example.invalid,false
Perf03919,Load03919,1964-08-05,FEMALE,PRINCIPAL,,CFPERF03919,+256710003919,perf.03919+uat@example.invalid,false
Perf03920,Load03920,1965-09-06,OTHER,PRINCIPAL,,CFPERF03920,+256710003920,perf.03920+uat@example.invalid,false
Perf03921,Load03921,1966-10-07,MALE,PRINCIPAL,,CFPERF03921,+256710003921,perf.03921+uat@example.invalid,false
Perf03922,Load03922,1967-11-08,FEMALE,PRINCIPAL,,CFPERF03922,+256710003922,perf.03922+uat@example.invalid,false
Perf03923,Load03923,1968-12-09,OTHER,PRINCIPAL,,CFPERF03923,+256710003923,perf.03923+uat@example.invalid,false
Perf03924,Load03924,1969-01-10,MALE,PRINCIPAL,,CFPERF03924,+256710003924,perf.03924+uat@example.invalid,false
Perf03925,Load03925,1970-02-11,FEMALE,PRINCIPAL,,CFPERF03925,+256710003925,perf.03925+uat@example.invalid,false
Perf03926,Load03926,1971-03-12,OTHER,PRINCIPAL,,CFPERF03926,+256710003926,perf.03926+uat@example.invalid,false
Perf03927,Load03927,1972-04-13,MALE,PRINCIPAL,,CFPERF03927,+256710003927,perf.03927+uat@example.invalid,false
Perf03928,Load03928,1973-05-14,FEMALE,PRINCIPAL,,CFPERF03928,+256710003928,perf.03928+uat@example.invalid,false
Perf03929,Load03929,1974-06-15,OTHER,PRINCIPAL,,CFPERF03929,+256710003929,perf.03929+uat@example.invalid,false
Perf03930,Load03930,1975-07-16,MALE,PRINCIPAL,,CFPERF03930,+256710003930,perf.03930+uat@example.invalid,false
Perf03931,Load03931,1976-08-17,FEMALE,PRINCIPAL,,CFPERF03931,+256710003931,perf.03931+uat@example.invalid,false
Perf03932,Load03932,1977-09-18,OTHER,PRINCIPAL,,CFPERF03932,+256710003932,perf.03932+uat@example.invalid,false
Perf03933,Load03933,1978-10-19,MALE,PRINCIPAL,,CFPERF03933,+256710003933,perf.03933+uat@example.invalid,false
Perf03934,Load03934,1979-11-20,FEMALE,PRINCIPAL,,CFPERF03934,+256710003934,perf.03934+uat@example.invalid,false
Perf03935,Load03935,1980-12-21,OTHER,PRINCIPAL,,CFPERF03935,+256710003935,perf.03935+uat@example.invalid,false
Perf03936,Load03936,1981-01-22,MALE,PRINCIPAL,,CFPERF03936,+256710003936,perf.03936+uat@example.invalid,false
Perf03937,Load03937,1982-02-23,FEMALE,PRINCIPAL,,CFPERF03937,+256710003937,perf.03937+uat@example.invalid,false
Perf03938,Load03938,1983-03-24,OTHER,PRINCIPAL,,CFPERF03938,+256710003938,perf.03938+uat@example.invalid,false
Perf03939,Load03939,1984-04-25,MALE,PRINCIPAL,,CFPERF03939,+256710003939,perf.03939+uat@example.invalid,false
Perf03940,Load03940,1985-05-26,FEMALE,PRINCIPAL,,CFPERF03940,+256710003940,perf.03940+uat@example.invalid,false
Perf03941,Load03941,1986-06-27,OTHER,PRINCIPAL,,CFPERF03941,+256710003941,perf.03941+uat@example.invalid,false
Perf03942,Load03942,1987-07-01,MALE,PRINCIPAL,,CFPERF03942,+256710003942,perf.03942+uat@example.invalid,false
Perf03943,Load03943,1988-08-02,FEMALE,PRINCIPAL,,CFPERF03943,+256710003943,perf.03943+uat@example.invalid,false
Perf03944,Load03944,1989-09-03,OTHER,PRINCIPAL,,CFPERF03944,+256710003944,perf.03944+uat@example.invalid,false
Perf03945,Load03945,1990-10-04,MALE,PRINCIPAL,,CFPERF03945,+256710003945,perf.03945+uat@example.invalid,false
Perf03946,Load03946,1991-11-05,FEMALE,PRINCIPAL,,CFPERF03946,+256710003946,perf.03946+uat@example.invalid,false
Perf03947,Load03947,1992-12-06,OTHER,PRINCIPAL,,CFPERF03947,+256710003947,perf.03947+uat@example.invalid,false
Perf03948,Load03948,1993-01-07,MALE,PRINCIPAL,,CFPERF03948,+256710003948,perf.03948+uat@example.invalid,false
Perf03949,Load03949,1994-02-08,FEMALE,PRINCIPAL,,CFPERF03949,+256710003949,perf.03949+uat@example.invalid,false
Perf03950,Load03950,1995-03-09,OTHER,PRINCIPAL,,CFPERF03950,+256710003950,perf.03950+uat@example.invalid,false
Perf03951,Load03951,1996-04-10,MALE,PRINCIPAL,,CFPERF03951,+256710003951,perf.03951+uat@example.invalid,false
Perf03952,Load03952,1997-05-11,FEMALE,PRINCIPAL,,CFPERF03952,+256710003952,perf.03952+uat@example.invalid,false
Perf03953,Load03953,1998-06-12,OTHER,PRINCIPAL,,CFPERF03953,+256710003953,perf.03953+uat@example.invalid,false
Perf03954,Load03954,1999-07-13,MALE,PRINCIPAL,,CFPERF03954,+256710003954,perf.03954+uat@example.invalid,false
Perf03955,Load03955,2000-08-14,FEMALE,PRINCIPAL,,CFPERF03955,+256710003955,perf.03955+uat@example.invalid,false
Perf03956,Load03956,2001-09-15,OTHER,PRINCIPAL,,CFPERF03956,+256710003956,perf.03956+uat@example.invalid,false
Perf03957,Load03957,2002-10-16,MALE,PRINCIPAL,,CFPERF03957,+256710003957,perf.03957+uat@example.invalid,false
Perf03958,Load03958,2003-11-17,FEMALE,PRINCIPAL,,CFPERF03958,+256710003958,perf.03958+uat@example.invalid,false
Perf03959,Load03959,2004-12-18,OTHER,PRINCIPAL,,CFPERF03959,+256710003959,perf.03959+uat@example.invalid,false
Perf03960,Load03960,1960-01-19,MALE,PRINCIPAL,,CFPERF03960,+256710003960,perf.03960+uat@example.invalid,false
Perf03961,Load03961,1961-02-20,FEMALE,PRINCIPAL,,CFPERF03961,+256710003961,perf.03961+uat@example.invalid,false
Perf03962,Load03962,1962-03-21,OTHER,PRINCIPAL,,CFPERF03962,+256710003962,perf.03962+uat@example.invalid,false
Perf03963,Load03963,1963-04-22,MALE,PRINCIPAL,,CFPERF03963,+256710003963,perf.03963+uat@example.invalid,false
Perf03964,Load03964,1964-05-23,FEMALE,PRINCIPAL,,CFPERF03964,+256710003964,perf.03964+uat@example.invalid,false
Perf03965,Load03965,1965-06-24,OTHER,PRINCIPAL,,CFPERF03965,+256710003965,perf.03965+uat@example.invalid,false
Perf03966,Load03966,1966-07-25,MALE,PRINCIPAL,,CFPERF03966,+256710003966,perf.03966+uat@example.invalid,false
Perf03967,Load03967,1967-08-26,FEMALE,PRINCIPAL,,CFPERF03967,+256710003967,perf.03967+uat@example.invalid,false
Perf03968,Load03968,1968-09-27,OTHER,PRINCIPAL,,CFPERF03968,+256710003968,perf.03968+uat@example.invalid,false
Perf03969,Load03969,1969-10-01,MALE,PRINCIPAL,,CFPERF03969,+256710003969,perf.03969+uat@example.invalid,false
Perf03970,Load03970,1970-11-02,FEMALE,PRINCIPAL,,CFPERF03970,+256710003970,perf.03970+uat@example.invalid,false
Perf03971,Load03971,1971-12-03,OTHER,PRINCIPAL,,CFPERF03971,+256710003971,perf.03971+uat@example.invalid,false
Perf03972,Load03972,1972-01-04,MALE,PRINCIPAL,,CFPERF03972,+256710003972,perf.03972+uat@example.invalid,false
Perf03973,Load03973,1973-02-05,FEMALE,PRINCIPAL,,CFPERF03973,+256710003973,perf.03973+uat@example.invalid,false
Perf03974,Load03974,1974-03-06,OTHER,PRINCIPAL,,CFPERF03974,+256710003974,perf.03974+uat@example.invalid,false
Perf03975,Load03975,1975-04-07,MALE,PRINCIPAL,,CFPERF03975,+256710003975,perf.03975+uat@example.invalid,false
Perf03976,Load03976,1976-05-08,FEMALE,PRINCIPAL,,CFPERF03976,+256710003976,perf.03976+uat@example.invalid,false
Perf03977,Load03977,1977-06-09,OTHER,PRINCIPAL,,CFPERF03977,+256710003977,perf.03977+uat@example.invalid,false
Perf03978,Load03978,1978-07-10,MALE,PRINCIPAL,,CFPERF03978,+256710003978,perf.03978+uat@example.invalid,false
Perf03979,Load03979,1979-08-11,FEMALE,PRINCIPAL,,CFPERF03979,+256710003979,perf.03979+uat@example.invalid,false
Perf03980,Load03980,1980-09-12,OTHER,PRINCIPAL,,CFPERF03980,+256710003980,perf.03980+uat@example.invalid,false
Perf03981,Load03981,1981-10-13,MALE,PRINCIPAL,,CFPERF03981,+256710003981,perf.03981+uat@example.invalid,false
Perf03982,Load03982,1982-11-14,FEMALE,PRINCIPAL,,CFPERF03982,+256710003982,perf.03982+uat@example.invalid,false
Perf03983,Load03983,1983-12-15,OTHER,PRINCIPAL,,CFPERF03983,+256710003983,perf.03983+uat@example.invalid,false
Perf03984,Load03984,1984-01-16,MALE,PRINCIPAL,,CFPERF03984,+256710003984,perf.03984+uat@example.invalid,false
Perf03985,Load03985,1985-02-17,FEMALE,PRINCIPAL,,CFPERF03985,+256710003985,perf.03985+uat@example.invalid,false
Perf03986,Load03986,1986-03-18,OTHER,PRINCIPAL,,CFPERF03986,+256710003986,perf.03986+uat@example.invalid,false
Perf03987,Load03987,1987-04-19,MALE,PRINCIPAL,,CFPERF03987,+256710003987,perf.03987+uat@example.invalid,false
Perf03988,Load03988,1988-05-20,FEMALE,PRINCIPAL,,CFPERF03988,+256710003988,perf.03988+uat@example.invalid,false
Perf03989,Load03989,1989-06-21,OTHER,PRINCIPAL,,CFPERF03989,+256710003989,perf.03989+uat@example.invalid,false
Perf03990,Load03990,1990-07-22,MALE,PRINCIPAL,,CFPERF03990,+256710003990,perf.03990+uat@example.invalid,false
Perf03991,Load03991,1991-08-23,FEMALE,PRINCIPAL,,CFPERF03991,+256710003991,perf.03991+uat@example.invalid,false
Perf03992,Load03992,1992-09-24,OTHER,PRINCIPAL,,CFPERF03992,+256710003992,perf.03992+uat@example.invalid,false
Perf03993,Load03993,1993-10-25,MALE,PRINCIPAL,,CFPERF03993,+256710003993,perf.03993+uat@example.invalid,false
Perf03994,Load03994,1994-11-26,FEMALE,PRINCIPAL,,CFPERF03994,+256710003994,perf.03994+uat@example.invalid,false
Perf03995,Load03995,1995-12-27,OTHER,PRINCIPAL,,CFPERF03995,+256710003995,perf.03995+uat@example.invalid,false
Perf03996,Load03996,1996-01-01,MALE,PRINCIPAL,,CFPERF03996,+256710003996,perf.03996+uat@example.invalid,false
Perf03997,Load03997,1997-02-02,FEMALE,PRINCIPAL,,CFPERF03997,+256710003997,perf.03997+uat@example.invalid,false
Perf03998,Load03998,1998-03-03,OTHER,PRINCIPAL,,CFPERF03998,+256710003998,perf.03998+uat@example.invalid,false
Perf03999,Load03999,1999-04-04,MALE,PRINCIPAL,,CFPERF03999,+256710003999,perf.03999+uat@example.invalid,false
Perf04000,Load04000,2000-05-05,FEMALE,PRINCIPAL,,CFPERF04000,+256710004000,perf.04000+uat@example.invalid,false
Perf04001,Load04001,2001-06-06,OTHER,PRINCIPAL,,CFPERF04001,+256710004001,perf.04001+uat@example.invalid,false
Perf04002,Load04002,2002-07-07,MALE,PRINCIPAL,,CFPERF04002,+256710004002,perf.04002+uat@example.invalid,false
Perf04003,Load04003,2003-08-08,FEMALE,PRINCIPAL,,CFPERF04003,+256710004003,perf.04003+uat@example.invalid,false
Perf04004,Load04004,2004-09-09,OTHER,PRINCIPAL,,CFPERF04004,+256710004004,perf.04004+uat@example.invalid,false
Perf04005,Load04005,1960-10-10,MALE,PRINCIPAL,,CFPERF04005,+256710004005,perf.04005+uat@example.invalid,false
Perf04006,Load04006,1961-11-11,FEMALE,PRINCIPAL,,CFPERF04006,+256710004006,perf.04006+uat@example.invalid,false
Perf04007,Load04007,1962-12-12,OTHER,PRINCIPAL,,CFPERF04007,+256710004007,perf.04007+uat@example.invalid,false
Perf04008,Load04008,1963-01-13,MALE,PRINCIPAL,,CFPERF04008,+256710004008,perf.04008+uat@example.invalid,false
Perf04009,Load04009,1964-02-14,FEMALE,PRINCIPAL,,CFPERF04009,+256710004009,perf.04009+uat@example.invalid,false
Perf04010,Load04010,1965-03-15,OTHER,PRINCIPAL,,CFPERF04010,+256710004010,perf.04010+uat@example.invalid,false
Perf04011,Load04011,1966-04-16,MALE,PRINCIPAL,,CFPERF04011,+256710004011,perf.04011+uat@example.invalid,false
Perf04012,Load04012,1967-05-17,FEMALE,PRINCIPAL,,CFPERF04012,+256710004012,perf.04012+uat@example.invalid,false
Perf04013,Load04013,1968-06-18,OTHER,PRINCIPAL,,CFPERF04013,+256710004013,perf.04013+uat@example.invalid,false
Perf04014,Load04014,1969-07-19,MALE,PRINCIPAL,,CFPERF04014,+256710004014,perf.04014+uat@example.invalid,false
Perf04015,Load04015,1970-08-20,FEMALE,PRINCIPAL,,CFPERF04015,+256710004015,perf.04015+uat@example.invalid,false
Perf04016,Load04016,1971-09-21,OTHER,PRINCIPAL,,CFPERF04016,+256710004016,perf.04016+uat@example.invalid,false
Perf04017,Load04017,1972-10-22,MALE,PRINCIPAL,,CFPERF04017,+256710004017,perf.04017+uat@example.invalid,false
Perf04018,Load04018,1973-11-23,FEMALE,PRINCIPAL,,CFPERF04018,+256710004018,perf.04018+uat@example.invalid,false
Perf04019,Load04019,1974-12-24,OTHER,PRINCIPAL,,CFPERF04019,+256710004019,perf.04019+uat@example.invalid,false
Perf04020,Load04020,1975-01-25,MALE,PRINCIPAL,,CFPERF04020,+256710004020,perf.04020+uat@example.invalid,false
Perf04021,Load04021,1976-02-26,FEMALE,PRINCIPAL,,CFPERF04021,+256710004021,perf.04021+uat@example.invalid,false
Perf04022,Load04022,1977-03-27,OTHER,PRINCIPAL,,CFPERF04022,+256710004022,perf.04022+uat@example.invalid,false
Perf04023,Load04023,1978-04-01,MALE,PRINCIPAL,,CFPERF04023,+256710004023,perf.04023+uat@example.invalid,false
Perf04024,Load04024,1979-05-02,FEMALE,PRINCIPAL,,CFPERF04024,+256710004024,perf.04024+uat@example.invalid,false
Perf04025,Load04025,1980-06-03,OTHER,PRINCIPAL,,CFPERF04025,+256710004025,perf.04025+uat@example.invalid,false
Perf04026,Load04026,1981-07-04,MALE,PRINCIPAL,,CFPERF04026,+256710004026,perf.04026+uat@example.invalid,false
Perf04027,Load04027,1982-08-05,FEMALE,PRINCIPAL,,CFPERF04027,+256710004027,perf.04027+uat@example.invalid,false
Perf04028,Load04028,1983-09-06,OTHER,PRINCIPAL,,CFPERF04028,+256710004028,perf.04028+uat@example.invalid,false
Perf04029,Load04029,1984-10-07,MALE,PRINCIPAL,,CFPERF04029,+256710004029,perf.04029+uat@example.invalid,false
Perf04030,Load04030,1985-11-08,FEMALE,PRINCIPAL,,CFPERF04030,+256710004030,perf.04030+uat@example.invalid,false
Perf04031,Load04031,1986-12-09,OTHER,PRINCIPAL,,CFPERF04031,+256710004031,perf.04031+uat@example.invalid,false
Perf04032,Load04032,1987-01-10,MALE,PRINCIPAL,,CFPERF04032,+256710004032,perf.04032+uat@example.invalid,false
Perf04033,Load04033,1988-02-11,FEMALE,PRINCIPAL,,CFPERF04033,+256710004033,perf.04033+uat@example.invalid,false
Perf04034,Load04034,1989-03-12,OTHER,PRINCIPAL,,CFPERF04034,+256710004034,perf.04034+uat@example.invalid,false
Perf04035,Load04035,1990-04-13,MALE,PRINCIPAL,,CFPERF04035,+256710004035,perf.04035+uat@example.invalid,false
Perf04036,Load04036,1991-05-14,FEMALE,PRINCIPAL,,CFPERF04036,+256710004036,perf.04036+uat@example.invalid,false
Perf04037,Load04037,1992-06-15,OTHER,PRINCIPAL,,CFPERF04037,+256710004037,perf.04037+uat@example.invalid,false
Perf04038,Load04038,1993-07-16,MALE,PRINCIPAL,,CFPERF04038,+256710004038,perf.04038+uat@example.invalid,false
Perf04039,Load04039,1994-08-17,FEMALE,PRINCIPAL,,CFPERF04039,+256710004039,perf.04039+uat@example.invalid,false
Perf04040,Load04040,1995-09-18,OTHER,PRINCIPAL,,CFPERF04040,+256710004040,perf.04040+uat@example.invalid,false
Perf04041,Load04041,1996-10-19,MALE,PRINCIPAL,,CFPERF04041,+256710004041,perf.04041+uat@example.invalid,false
Perf04042,Load04042,1997-11-20,FEMALE,PRINCIPAL,,CFPERF04042,+256710004042,perf.04042+uat@example.invalid,false
Perf04043,Load04043,1998-12-21,OTHER,PRINCIPAL,,CFPERF04043,+256710004043,perf.04043+uat@example.invalid,false
Perf04044,Load04044,1999-01-22,MALE,PRINCIPAL,,CFPERF04044,+256710004044,perf.04044+uat@example.invalid,false
Perf04045,Load04045,2000-02-23,FEMALE,PRINCIPAL,,CFPERF04045,+256710004045,perf.04045+uat@example.invalid,false
Perf04046,Load04046,2001-03-24,OTHER,PRINCIPAL,,CFPERF04046,+256710004046,perf.04046+uat@example.invalid,false
Perf04047,Load04047,2002-04-25,MALE,PRINCIPAL,,CFPERF04047,+256710004047,perf.04047+uat@example.invalid,false
Perf04048,Load04048,2003-05-26,FEMALE,PRINCIPAL,,CFPERF04048,+256710004048,perf.04048+uat@example.invalid,false
Perf04049,Load04049,2004-06-27,OTHER,PRINCIPAL,,CFPERF04049,+256710004049,perf.04049+uat@example.invalid,false
Perf04050,Load04050,1960-07-01,MALE,PRINCIPAL,,CFPERF04050,+256710004050,perf.04050+uat@example.invalid,false
Perf04051,Load04051,1961-08-02,FEMALE,PRINCIPAL,,CFPERF04051,+256710004051,perf.04051+uat@example.invalid,false
Perf04052,Load04052,1962-09-03,OTHER,PRINCIPAL,,CFPERF04052,+256710004052,perf.04052+uat@example.invalid,false
Perf04053,Load04053,1963-10-04,MALE,PRINCIPAL,,CFPERF04053,+256710004053,perf.04053+uat@example.invalid,false
Perf04054,Load04054,1964-11-05,FEMALE,PRINCIPAL,,CFPERF04054,+256710004054,perf.04054+uat@example.invalid,false
Perf04055,Load04055,1965-12-06,OTHER,PRINCIPAL,,CFPERF04055,+256710004055,perf.04055+uat@example.invalid,false
Perf04056,Load04056,1966-01-07,MALE,PRINCIPAL,,CFPERF04056,+256710004056,perf.04056+uat@example.invalid,false
Perf04057,Load04057,1967-02-08,FEMALE,PRINCIPAL,,CFPERF04057,+256710004057,perf.04057+uat@example.invalid,false
Perf04058,Load04058,1968-03-09,OTHER,PRINCIPAL,,CFPERF04058,+256710004058,perf.04058+uat@example.invalid,false
Perf04059,Load04059,1969-04-10,MALE,PRINCIPAL,,CFPERF04059,+256710004059,perf.04059+uat@example.invalid,false
Perf04060,Load04060,1970-05-11,FEMALE,PRINCIPAL,,CFPERF04060,+256710004060,perf.04060+uat@example.invalid,false
Perf04061,Load04061,1971-06-12,OTHER,PRINCIPAL,,CFPERF04061,+256710004061,perf.04061+uat@example.invalid,false
Perf04062,Load04062,1972-07-13,MALE,PRINCIPAL,,CFPERF04062,+256710004062,perf.04062+uat@example.invalid,false
Perf04063,Load04063,1973-08-14,FEMALE,PRINCIPAL,,CFPERF04063,+256710004063,perf.04063+uat@example.invalid,false
Perf04064,Load04064,1974-09-15,OTHER,PRINCIPAL,,CFPERF04064,+256710004064,perf.04064+uat@example.invalid,false
Perf04065,Load04065,1975-10-16,MALE,PRINCIPAL,,CFPERF04065,+256710004065,perf.04065+uat@example.invalid,false
Perf04066,Load04066,1976-11-17,FEMALE,PRINCIPAL,,CFPERF04066,+256710004066,perf.04066+uat@example.invalid,false
Perf04067,Load04067,1977-12-18,OTHER,PRINCIPAL,,CFPERF04067,+256710004067,perf.04067+uat@example.invalid,false
Perf04068,Load04068,1978-01-19,MALE,PRINCIPAL,,CFPERF04068,+256710004068,perf.04068+uat@example.invalid,false
Perf04069,Load04069,1979-02-20,FEMALE,PRINCIPAL,,CFPERF04069,+256710004069,perf.04069+uat@example.invalid,false
Perf04070,Load04070,1980-03-21,OTHER,PRINCIPAL,,CFPERF04070,+256710004070,perf.04070+uat@example.invalid,false
Perf04071,Load04071,1981-04-22,MALE,PRINCIPAL,,CFPERF04071,+256710004071,perf.04071+uat@example.invalid,false
Perf04072,Load04072,1982-05-23,FEMALE,PRINCIPAL,,CFPERF04072,+256710004072,perf.04072+uat@example.invalid,false
Perf04073,Load04073,1983-06-24,OTHER,PRINCIPAL,,CFPERF04073,+256710004073,perf.04073+uat@example.invalid,false
Perf04074,Load04074,1984-07-25,MALE,PRINCIPAL,,CFPERF04074,+256710004074,perf.04074+uat@example.invalid,false
Perf04075,Load04075,1985-08-26,FEMALE,PRINCIPAL,,CFPERF04075,+256710004075,perf.04075+uat@example.invalid,false
Perf04076,Load04076,1986-09-27,OTHER,PRINCIPAL,,CFPERF04076,+256710004076,perf.04076+uat@example.invalid,false
Perf04077,Load04077,1987-10-01,MALE,PRINCIPAL,,CFPERF04077,+256710004077,perf.04077+uat@example.invalid,false
Perf04078,Load04078,1988-11-02,FEMALE,PRINCIPAL,,CFPERF04078,+256710004078,perf.04078+uat@example.invalid,false
Perf04079,Load04079,1989-12-03,OTHER,PRINCIPAL,,CFPERF04079,+256710004079,perf.04079+uat@example.invalid,false
Perf04080,Load04080,1990-01-04,MALE,PRINCIPAL,,CFPERF04080,+256710004080,perf.04080+uat@example.invalid,false
Perf04081,Load04081,1991-02-05,FEMALE,PRINCIPAL,,CFPERF04081,+256710004081,perf.04081+uat@example.invalid,false
Perf04082,Load04082,1992-03-06,OTHER,PRINCIPAL,,CFPERF04082,+256710004082,perf.04082+uat@example.invalid,false
Perf04083,Load04083,1993-04-07,MALE,PRINCIPAL,,CFPERF04083,+256710004083,perf.04083+uat@example.invalid,false
Perf04084,Load04084,1994-05-08,FEMALE,PRINCIPAL,,CFPERF04084,+256710004084,perf.04084+uat@example.invalid,false
Perf04085,Load04085,1995-06-09,OTHER,PRINCIPAL,,CFPERF04085,+256710004085,perf.04085+uat@example.invalid,false
Perf04086,Load04086,1996-07-10,MALE,PRINCIPAL,,CFPERF04086,+256710004086,perf.04086+uat@example.invalid,false
Perf04087,Load04087,1997-08-11,FEMALE,PRINCIPAL,,CFPERF04087,+256710004087,perf.04087+uat@example.invalid,false
Perf04088,Load04088,1998-09-12,OTHER,PRINCIPAL,,CFPERF04088,+256710004088,perf.04088+uat@example.invalid,false
Perf04089,Load04089,1999-10-13,MALE,PRINCIPAL,,CFPERF04089,+256710004089,perf.04089+uat@example.invalid,false
Perf04090,Load04090,2000-11-14,FEMALE,PRINCIPAL,,CFPERF04090,+256710004090,perf.04090+uat@example.invalid,false
Perf04091,Load04091,2001-12-15,OTHER,PRINCIPAL,,CFPERF04091,+256710004091,perf.04091+uat@example.invalid,false
Perf04092,Load04092,2002-01-16,MALE,PRINCIPAL,,CFPERF04092,+256710004092,perf.04092+uat@example.invalid,false
Perf04093,Load04093,2003-02-17,FEMALE,PRINCIPAL,,CFPERF04093,+256710004093,perf.04093+uat@example.invalid,false
Perf04094,Load04094,2004-03-18,OTHER,PRINCIPAL,,CFPERF04094,+256710004094,perf.04094+uat@example.invalid,false
Perf04095,Load04095,1960-04-19,MALE,PRINCIPAL,,CFPERF04095,+256710004095,perf.04095+uat@example.invalid,false
Perf04096,Load04096,1961-05-20,FEMALE,PRINCIPAL,,CFPERF04096,+256710004096,perf.04096+uat@example.invalid,false
Perf04097,Load04097,1962-06-21,OTHER,PRINCIPAL,,CFPERF04097,+256710004097,perf.04097+uat@example.invalid,false
Perf04098,Load04098,1963-07-22,MALE,PRINCIPAL,,CFPERF04098,+256710004098,perf.04098+uat@example.invalid,false
Perf04099,Load04099,1964-08-23,FEMALE,PRINCIPAL,,CFPERF04099,+256710004099,perf.04099+uat@example.invalid,false
Perf04100,Load04100,1965-09-24,OTHER,PRINCIPAL,,CFPERF04100,+256710004100,perf.04100+uat@example.invalid,false
Perf04101,Load04101,1966-10-25,MALE,PRINCIPAL,,CFPERF04101,+256710004101,perf.04101+uat@example.invalid,false
Perf04102,Load04102,1967-11-26,FEMALE,PRINCIPAL,,CFPERF04102,+256710004102,perf.04102+uat@example.invalid,false
Perf04103,Load04103,1968-12-27,OTHER,PRINCIPAL,,CFPERF04103,+256710004103,perf.04103+uat@example.invalid,false
Perf04104,Load04104,1969-01-01,MALE,PRINCIPAL,,CFPERF04104,+256710004104,perf.04104+uat@example.invalid,false
Perf04105,Load04105,1970-02-02,FEMALE,PRINCIPAL,,CFPERF04105,+256710004105,perf.04105+uat@example.invalid,false
Perf04106,Load04106,1971-03-03,OTHER,PRINCIPAL,,CFPERF04106,+256710004106,perf.04106+uat@example.invalid,false
Perf04107,Load04107,1972-04-04,MALE,PRINCIPAL,,CFPERF04107,+256710004107,perf.04107+uat@example.invalid,false
Perf04108,Load04108,1973-05-05,FEMALE,PRINCIPAL,,CFPERF04108,+256710004108,perf.04108+uat@example.invalid,false
Perf04109,Load04109,1974-06-06,OTHER,PRINCIPAL,,CFPERF04109,+256710004109,perf.04109+uat@example.invalid,false
Perf04110,Load04110,1975-07-07,MALE,PRINCIPAL,,CFPERF04110,+256710004110,perf.04110+uat@example.invalid,false
Perf04111,Load04111,1976-08-08,FEMALE,PRINCIPAL,,CFPERF04111,+256710004111,perf.04111+uat@example.invalid,false
Perf04112,Load04112,1977-09-09,OTHER,PRINCIPAL,,CFPERF04112,+256710004112,perf.04112+uat@example.invalid,false
Perf04113,Load04113,1978-10-10,MALE,PRINCIPAL,,CFPERF04113,+256710004113,perf.04113+uat@example.invalid,false
Perf04114,Load04114,1979-11-11,FEMALE,PRINCIPAL,,CFPERF04114,+256710004114,perf.04114+uat@example.invalid,false
Perf04115,Load04115,1980-12-12,OTHER,PRINCIPAL,,CFPERF04115,+256710004115,perf.04115+uat@example.invalid,false
Perf04116,Load04116,1981-01-13,MALE,PRINCIPAL,,CFPERF04116,+256710004116,perf.04116+uat@example.invalid,false
Perf04117,Load04117,1982-02-14,FEMALE,PRINCIPAL,,CFPERF04117,+256710004117,perf.04117+uat@example.invalid,false
Perf04118,Load04118,1983-03-15,OTHER,PRINCIPAL,,CFPERF04118,+256710004118,perf.04118+uat@example.invalid,false
Perf04119,Load04119,1984-04-16,MALE,PRINCIPAL,,CFPERF04119,+256710004119,perf.04119+uat@example.invalid,false
Perf04120,Load04120,1985-05-17,FEMALE,PRINCIPAL,,CFPERF04120,+256710004120,perf.04120+uat@example.invalid,false
Perf04121,Load04121,1986-06-18,OTHER,PRINCIPAL,,CFPERF04121,+256710004121,perf.04121+uat@example.invalid,false
Perf04122,Load04122,1987-07-19,MALE,PRINCIPAL,,CFPERF04122,+256710004122,perf.04122+uat@example.invalid,false
Perf04123,Load04123,1988-08-20,FEMALE,PRINCIPAL,,CFPERF04123,+256710004123,perf.04123+uat@example.invalid,false
Perf04124,Load04124,1989-09-21,OTHER,PRINCIPAL,,CFPERF04124,+256710004124,perf.04124+uat@example.invalid,false
Perf04125,Load04125,1990-10-22,MALE,PRINCIPAL,,CFPERF04125,+256710004125,perf.04125+uat@example.invalid,false
Perf04126,Load04126,1991-11-23,FEMALE,PRINCIPAL,,CFPERF04126,+256710004126,perf.04126+uat@example.invalid,false
Perf04127,Load04127,1992-12-24,OTHER,PRINCIPAL,,CFPERF04127,+256710004127,perf.04127+uat@example.invalid,false
Perf04128,Load04128,1993-01-25,MALE,PRINCIPAL,,CFPERF04128,+256710004128,perf.04128+uat@example.invalid,false
Perf04129,Load04129,1994-02-26,FEMALE,PRINCIPAL,,CFPERF04129,+256710004129,perf.04129+uat@example.invalid,false
Perf04130,Load04130,1995-03-27,OTHER,PRINCIPAL,,CFPERF04130,+256710004130,perf.04130+uat@example.invalid,false
Perf04131,Load04131,1996-04-01,MALE,PRINCIPAL,,CFPERF04131,+256710004131,perf.04131+uat@example.invalid,false
Perf04132,Load04132,1997-05-02,FEMALE,PRINCIPAL,,CFPERF04132,+256710004132,perf.04132+uat@example.invalid,false
Perf04133,Load04133,1998-06-03,OTHER,PRINCIPAL,,CFPERF04133,+256710004133,perf.04133+uat@example.invalid,false
Perf04134,Load04134,1999-07-04,MALE,PRINCIPAL,,CFPERF04134,+256710004134,perf.04134+uat@example.invalid,false
Perf04135,Load04135,2000-08-05,FEMALE,PRINCIPAL,,CFPERF04135,+256710004135,perf.04135+uat@example.invalid,false
Perf04136,Load04136,2001-09-06,OTHER,PRINCIPAL,,CFPERF04136,+256710004136,perf.04136+uat@example.invalid,false
Perf04137,Load04137,2002-10-07,MALE,PRINCIPAL,,CFPERF04137,+256710004137,perf.04137+uat@example.invalid,false
Perf04138,Load04138,2003-11-08,FEMALE,PRINCIPAL,,CFPERF04138,+256710004138,perf.04138+uat@example.invalid,false
Perf04139,Load04139,2004-12-09,OTHER,PRINCIPAL,,CFPERF04139,+256710004139,perf.04139+uat@example.invalid,false
Perf04140,Load04140,1960-01-10,MALE,PRINCIPAL,,CFPERF04140,+256710004140,perf.04140+uat@example.invalid,false
Perf04141,Load04141,1961-02-11,FEMALE,PRINCIPAL,,CFPERF04141,+256710004141,perf.04141+uat@example.invalid,false
Perf04142,Load04142,1962-03-12,OTHER,PRINCIPAL,,CFPERF04142,+256710004142,perf.04142+uat@example.invalid,false
Perf04143,Load04143,1963-04-13,MALE,PRINCIPAL,,CFPERF04143,+256710004143,perf.04143+uat@example.invalid,false
Perf04144,Load04144,1964-05-14,FEMALE,PRINCIPAL,,CFPERF04144,+256710004144,perf.04144+uat@example.invalid,false
Perf04145,Load04145,1965-06-15,OTHER,PRINCIPAL,,CFPERF04145,+256710004145,perf.04145+uat@example.invalid,false
Perf04146,Load04146,1966-07-16,MALE,PRINCIPAL,,CFPERF04146,+256710004146,perf.04146+uat@example.invalid,false
Perf04147,Load04147,1967-08-17,FEMALE,PRINCIPAL,,CFPERF04147,+256710004147,perf.04147+uat@example.invalid,false
Perf04148,Load04148,1968-09-18,OTHER,PRINCIPAL,,CFPERF04148,+256710004148,perf.04148+uat@example.invalid,false
Perf04149,Load04149,1969-10-19,MALE,PRINCIPAL,,CFPERF04149,+256710004149,perf.04149+uat@example.invalid,false
Perf04150,Load04150,1970-11-20,FEMALE,PRINCIPAL,,CFPERF04150,+256710004150,perf.04150+uat@example.invalid,false
Perf04151,Load04151,1971-12-21,OTHER,PRINCIPAL,,CFPERF04151,+256710004151,perf.04151+uat@example.invalid,false
Perf04152,Load04152,1972-01-22,MALE,PRINCIPAL,,CFPERF04152,+256710004152,perf.04152+uat@example.invalid,false
Perf04153,Load04153,1973-02-23,FEMALE,PRINCIPAL,,CFPERF04153,+256710004153,perf.04153+uat@example.invalid,false
Perf04154,Load04154,1974-03-24,OTHER,PRINCIPAL,,CFPERF04154,+256710004154,perf.04154+uat@example.invalid,false
Perf04155,Load04155,1975-04-25,MALE,PRINCIPAL,,CFPERF04155,+256710004155,perf.04155+uat@example.invalid,false
Perf04156,Load04156,1976-05-26,FEMALE,PRINCIPAL,,CFPERF04156,+256710004156,perf.04156+uat@example.invalid,false
Perf04157,Load04157,1977-06-27,OTHER,PRINCIPAL,,CFPERF04157,+256710004157,perf.04157+uat@example.invalid,false
Perf04158,Load04158,1978-07-01,MALE,PRINCIPAL,,CFPERF04158,+256710004158,perf.04158+uat@example.invalid,false
Perf04159,Load04159,1979-08-02,FEMALE,PRINCIPAL,,CFPERF04159,+256710004159,perf.04159+uat@example.invalid,false
Perf04160,Load04160,1980-09-03,OTHER,PRINCIPAL,,CFPERF04160,+256710004160,perf.04160+uat@example.invalid,false
Perf04161,Load04161,1981-10-04,MALE,PRINCIPAL,,CFPERF04161,+256710004161,perf.04161+uat@example.invalid,false
Perf04162,Load04162,1982-11-05,FEMALE,PRINCIPAL,,CFPERF04162,+256710004162,perf.04162+uat@example.invalid,false
Perf04163,Load04163,1983-12-06,OTHER,PRINCIPAL,,CFPERF04163,+256710004163,perf.04163+uat@example.invalid,false
Perf04164,Load04164,1984-01-07,MALE,PRINCIPAL,,CFPERF04164,+256710004164,perf.04164+uat@example.invalid,false
Perf04165,Load04165,1985-02-08,FEMALE,PRINCIPAL,,CFPERF04165,+256710004165,perf.04165+uat@example.invalid,false
Perf04166,Load04166,1986-03-09,OTHER,PRINCIPAL,,CFPERF04166,+256710004166,perf.04166+uat@example.invalid,false
Perf04167,Load04167,1987-04-10,MALE,PRINCIPAL,,CFPERF04167,+256710004167,perf.04167+uat@example.invalid,false
Perf04168,Load04168,1988-05-11,FEMALE,PRINCIPAL,,CFPERF04168,+256710004168,perf.04168+uat@example.invalid,false
Perf04169,Load04169,1989-06-12,OTHER,PRINCIPAL,,CFPERF04169,+256710004169,perf.04169+uat@example.invalid,false
Perf04170,Load04170,1990-07-13,MALE,PRINCIPAL,,CFPERF04170,+256710004170,perf.04170+uat@example.invalid,false
Perf04171,Load04171,1991-08-14,FEMALE,PRINCIPAL,,CFPERF04171,+256710004171,perf.04171+uat@example.invalid,false
Perf04172,Load04172,1992-09-15,OTHER,PRINCIPAL,,CFPERF04172,+256710004172,perf.04172+uat@example.invalid,false
Perf04173,Load04173,1993-10-16,MALE,PRINCIPAL,,CFPERF04173,+256710004173,perf.04173+uat@example.invalid,false
Perf04174,Load04174,1994-11-17,FEMALE,PRINCIPAL,,CFPERF04174,+256710004174,perf.04174+uat@example.invalid,false
Perf04175,Load04175,1995-12-18,OTHER,PRINCIPAL,,CFPERF04175,+256710004175,perf.04175+uat@example.invalid,false
Perf04176,Load04176,1996-01-19,MALE,PRINCIPAL,,CFPERF04176,+256710004176,perf.04176+uat@example.invalid,false
Perf04177,Load04177,1997-02-20,FEMALE,PRINCIPAL,,CFPERF04177,+256710004177,perf.04177+uat@example.invalid,false
Perf04178,Load04178,1998-03-21,OTHER,PRINCIPAL,,CFPERF04178,+256710004178,perf.04178+uat@example.invalid,false
Perf04179,Load04179,1999-04-22,MALE,PRINCIPAL,,CFPERF04179,+256710004179,perf.04179+uat@example.invalid,false
Perf04180,Load04180,2000-05-23,FEMALE,PRINCIPAL,,CFPERF04180,+256710004180,perf.04180+uat@example.invalid,false
Perf04181,Load04181,2001-06-24,OTHER,PRINCIPAL,,CFPERF04181,+256710004181,perf.04181+uat@example.invalid,false
Perf04182,Load04182,2002-07-25,MALE,PRINCIPAL,,CFPERF04182,+256710004182,perf.04182+uat@example.invalid,false
Perf04183,Load04183,2003-08-26,FEMALE,PRINCIPAL,,CFPERF04183,+256710004183,perf.04183+uat@example.invalid,false
Perf04184,Load04184,2004-09-27,OTHER,PRINCIPAL,,CFPERF04184,+256710004184,perf.04184+uat@example.invalid,false
Perf04185,Load04185,1960-10-01,MALE,PRINCIPAL,,CFPERF04185,+256710004185,perf.04185+uat@example.invalid,false
Perf04186,Load04186,1961-11-02,FEMALE,PRINCIPAL,,CFPERF04186,+256710004186,perf.04186+uat@example.invalid,false
Perf04187,Load04187,1962-12-03,OTHER,PRINCIPAL,,CFPERF04187,+256710004187,perf.04187+uat@example.invalid,false
Perf04188,Load04188,1963-01-04,MALE,PRINCIPAL,,CFPERF04188,+256710004188,perf.04188+uat@example.invalid,false
Perf04189,Load04189,1964-02-05,FEMALE,PRINCIPAL,,CFPERF04189,+256710004189,perf.04189+uat@example.invalid,false
Perf04190,Load04190,1965-03-06,OTHER,PRINCIPAL,,CFPERF04190,+256710004190,perf.04190+uat@example.invalid,false
Perf04191,Load04191,1966-04-07,MALE,PRINCIPAL,,CFPERF04191,+256710004191,perf.04191+uat@example.invalid,false
Perf04192,Load04192,1967-05-08,FEMALE,PRINCIPAL,,CFPERF04192,+256710004192,perf.04192+uat@example.invalid,false
Perf04193,Load04193,1968-06-09,OTHER,PRINCIPAL,,CFPERF04193,+256710004193,perf.04193+uat@example.invalid,false
Perf04194,Load04194,1969-07-10,MALE,PRINCIPAL,,CFPERF04194,+256710004194,perf.04194+uat@example.invalid,false
Perf04195,Load04195,1970-08-11,FEMALE,PRINCIPAL,,CFPERF04195,+256710004195,perf.04195+uat@example.invalid,false
Perf04196,Load04196,1971-09-12,OTHER,PRINCIPAL,,CFPERF04196,+256710004196,perf.04196+uat@example.invalid,false
Perf04197,Load04197,1972-10-13,MALE,PRINCIPAL,,CFPERF04197,+256710004197,perf.04197+uat@example.invalid,false
Perf04198,Load04198,1973-11-14,FEMALE,PRINCIPAL,,CFPERF04198,+256710004198,perf.04198+uat@example.invalid,false
Perf04199,Load04199,1974-12-15,OTHER,PRINCIPAL,,CFPERF04199,+256710004199,perf.04199+uat@example.invalid,false
Perf04200,Load04200,1975-01-16,MALE,PRINCIPAL,,CFPERF04200,+256710004200,perf.04200+uat@example.invalid,false
Perf04201,Load04201,1976-02-17,FEMALE,PRINCIPAL,,CFPERF04201,+256710004201,perf.04201+uat@example.invalid,false
Perf04202,Load04202,1977-03-18,OTHER,PRINCIPAL,,CFPERF04202,+256710004202,perf.04202+uat@example.invalid,false
Perf04203,Load04203,1978-04-19,MALE,PRINCIPAL,,CFPERF04203,+256710004203,perf.04203+uat@example.invalid,false
Perf04204,Load04204,1979-05-20,FEMALE,PRINCIPAL,,CFPERF04204,+256710004204,perf.04204+uat@example.invalid,false
Perf04205,Load04205,1980-06-21,OTHER,PRINCIPAL,,CFPERF04205,+256710004205,perf.04205+uat@example.invalid,false
Perf04206,Load04206,1981-07-22,MALE,PRINCIPAL,,CFPERF04206,+256710004206,perf.04206+uat@example.invalid,false
Perf04207,Load04207,1982-08-23,FEMALE,PRINCIPAL,,CFPERF04207,+256710004207,perf.04207+uat@example.invalid,false
Perf04208,Load04208,1983-09-24,OTHER,PRINCIPAL,,CFPERF04208,+256710004208,perf.04208+uat@example.invalid,false
Perf04209,Load04209,1984-10-25,MALE,PRINCIPAL,,CFPERF04209,+256710004209,perf.04209+uat@example.invalid,false
Perf04210,Load04210,1985-11-26,FEMALE,PRINCIPAL,,CFPERF04210,+256710004210,perf.04210+uat@example.invalid,false
Perf04211,Load04211,1986-12-27,OTHER,PRINCIPAL,,CFPERF04211,+256710004211,perf.04211+uat@example.invalid,false
Perf04212,Load04212,1987-01-01,MALE,PRINCIPAL,,CFPERF04212,+256710004212,perf.04212+uat@example.invalid,false
Perf04213,Load04213,1988-02-02,FEMALE,PRINCIPAL,,CFPERF04213,+256710004213,perf.04213+uat@example.invalid,false
Perf04214,Load04214,1989-03-03,OTHER,PRINCIPAL,,CFPERF04214,+256710004214,perf.04214+uat@example.invalid,false
Perf04215,Load04215,1990-04-04,MALE,PRINCIPAL,,CFPERF04215,+256710004215,perf.04215+uat@example.invalid,false
Perf04216,Load04216,1991-05-05,FEMALE,PRINCIPAL,,CFPERF04216,+256710004216,perf.04216+uat@example.invalid,false
Perf04217,Load04217,1992-06-06,OTHER,PRINCIPAL,,CFPERF04217,+256710004217,perf.04217+uat@example.invalid,false
Perf04218,Load04218,1993-07-07,MALE,PRINCIPAL,,CFPERF04218,+256710004218,perf.04218+uat@example.invalid,false
Perf04219,Load04219,1994-08-08,FEMALE,PRINCIPAL,,CFPERF04219,+256710004219,perf.04219+uat@example.invalid,false
Perf04220,Load04220,1995-09-09,OTHER,PRINCIPAL,,CFPERF04220,+256710004220,perf.04220+uat@example.invalid,false
Perf04221,Load04221,1996-10-10,MALE,PRINCIPAL,,CFPERF04221,+256710004221,perf.04221+uat@example.invalid,false
Perf04222,Load04222,1997-11-11,FEMALE,PRINCIPAL,,CFPERF04222,+256710004222,perf.04222+uat@example.invalid,false
Perf04223,Load04223,1998-12-12,OTHER,PRINCIPAL,,CFPERF04223,+256710004223,perf.04223+uat@example.invalid,false
Perf04224,Load04224,1999-01-13,MALE,PRINCIPAL,,CFPERF04224,+256710004224,perf.04224+uat@example.invalid,false
Perf04225,Load04225,2000-02-14,FEMALE,PRINCIPAL,,CFPERF04225,+256710004225,perf.04225+uat@example.invalid,false
Perf04226,Load04226,2001-03-15,OTHER,PRINCIPAL,,CFPERF04226,+256710004226,perf.04226+uat@example.invalid,false
Perf04227,Load04227,2002-04-16,MALE,PRINCIPAL,,CFPERF04227,+256710004227,perf.04227+uat@example.invalid,false
Perf04228,Load04228,2003-05-17,FEMALE,PRINCIPAL,,CFPERF04228,+256710004228,perf.04228+uat@example.invalid,false
Perf04229,Load04229,2004-06-18,OTHER,PRINCIPAL,,CFPERF04229,+256710004229,perf.04229+uat@example.invalid,false
Perf04230,Load04230,1960-07-19,MALE,PRINCIPAL,,CFPERF04230,+256710004230,perf.04230+uat@example.invalid,false
Perf04231,Load04231,1961-08-20,FEMALE,PRINCIPAL,,CFPERF04231,+256710004231,perf.04231+uat@example.invalid,false
Perf04232,Load04232,1962-09-21,OTHER,PRINCIPAL,,CFPERF04232,+256710004232,perf.04232+uat@example.invalid,false
Perf04233,Load04233,1963-10-22,MALE,PRINCIPAL,,CFPERF04233,+256710004233,perf.04233+uat@example.invalid,false
Perf04234,Load04234,1964-11-23,FEMALE,PRINCIPAL,,CFPERF04234,+256710004234,perf.04234+uat@example.invalid,false
Perf04235,Load04235,1965-12-24,OTHER,PRINCIPAL,,CFPERF04235,+256710004235,perf.04235+uat@example.invalid,false
Perf04236,Load04236,1966-01-25,MALE,PRINCIPAL,,CFPERF04236,+256710004236,perf.04236+uat@example.invalid,false
Perf04237,Load04237,1967-02-26,FEMALE,PRINCIPAL,,CFPERF04237,+256710004237,perf.04237+uat@example.invalid,false
Perf04238,Load04238,1968-03-27,OTHER,PRINCIPAL,,CFPERF04238,+256710004238,perf.04238+uat@example.invalid,false
Perf04239,Load04239,1969-04-01,MALE,PRINCIPAL,,CFPERF04239,+256710004239,perf.04239+uat@example.invalid,false
Perf04240,Load04240,1970-05-02,FEMALE,PRINCIPAL,,CFPERF04240,+256710004240,perf.04240+uat@example.invalid,false
Perf04241,Load04241,1971-06-03,OTHER,PRINCIPAL,,CFPERF04241,+256710004241,perf.04241+uat@example.invalid,false
Perf04242,Load04242,1972-07-04,MALE,PRINCIPAL,,CFPERF04242,+256710004242,perf.04242+uat@example.invalid,false
Perf04243,Load04243,1973-08-05,FEMALE,PRINCIPAL,,CFPERF04243,+256710004243,perf.04243+uat@example.invalid,false
Perf04244,Load04244,1974-09-06,OTHER,PRINCIPAL,,CFPERF04244,+256710004244,perf.04244+uat@example.invalid,false
Perf04245,Load04245,1975-10-07,MALE,PRINCIPAL,,CFPERF04245,+256710004245,perf.04245+uat@example.invalid,false
Perf04246,Load04246,1976-11-08,FEMALE,PRINCIPAL,,CFPERF04246,+256710004246,perf.04246+uat@example.invalid,false
Perf04247,Load04247,1977-12-09,OTHER,PRINCIPAL,,CFPERF04247,+256710004247,perf.04247+uat@example.invalid,false
Perf04248,Load04248,1978-01-10,MALE,PRINCIPAL,,CFPERF04248,+256710004248,perf.04248+uat@example.invalid,false
Perf04249,Load04249,1979-02-11,FEMALE,PRINCIPAL,,CFPERF04249,+256710004249,perf.04249+uat@example.invalid,false
Perf04250,Load04250,1980-03-12,OTHER,PRINCIPAL,,CFPERF04250,+256710004250,perf.04250+uat@example.invalid,false
Perf04251,Load04251,1981-04-13,MALE,PRINCIPAL,,CFPERF04251,+256710004251,perf.04251+uat@example.invalid,false
Perf04252,Load04252,1982-05-14,FEMALE,PRINCIPAL,,CFPERF04252,+256710004252,perf.04252+uat@example.invalid,false
Perf04253,Load04253,1983-06-15,OTHER,PRINCIPAL,,CFPERF04253,+256710004253,perf.04253+uat@example.invalid,false
Perf04254,Load04254,1984-07-16,MALE,PRINCIPAL,,CFPERF04254,+256710004254,perf.04254+uat@example.invalid,false
Perf04255,Load04255,1985-08-17,FEMALE,PRINCIPAL,,CFPERF04255,+256710004255,perf.04255+uat@example.invalid,false
Perf04256,Load04256,1986-09-18,OTHER,PRINCIPAL,,CFPERF04256,+256710004256,perf.04256+uat@example.invalid,false
Perf04257,Load04257,1987-10-19,MALE,PRINCIPAL,,CFPERF04257,+256710004257,perf.04257+uat@example.invalid,false
Perf04258,Load04258,1988-11-20,FEMALE,PRINCIPAL,,CFPERF04258,+256710004258,perf.04258+uat@example.invalid,false
Perf04259,Load04259,1989-12-21,OTHER,PRINCIPAL,,CFPERF04259,+256710004259,perf.04259+uat@example.invalid,false
Perf04260,Load04260,1990-01-22,MALE,PRINCIPAL,,CFPERF04260,+256710004260,perf.04260+uat@example.invalid,false
Perf04261,Load04261,1991-02-23,FEMALE,PRINCIPAL,,CFPERF04261,+256710004261,perf.04261+uat@example.invalid,false
Perf04262,Load04262,1992-03-24,OTHER,PRINCIPAL,,CFPERF04262,+256710004262,perf.04262+uat@example.invalid,false
Perf04263,Load04263,1993-04-25,MALE,PRINCIPAL,,CFPERF04263,+256710004263,perf.04263+uat@example.invalid,false
Perf04264,Load04264,1994-05-26,FEMALE,PRINCIPAL,,CFPERF04264,+256710004264,perf.04264+uat@example.invalid,false
Perf04265,Load04265,1995-06-27,OTHER,PRINCIPAL,,CFPERF04265,+256710004265,perf.04265+uat@example.invalid,false
Perf04266,Load04266,1996-07-01,MALE,PRINCIPAL,,CFPERF04266,+256710004266,perf.04266+uat@example.invalid,false
Perf04267,Load04267,1997-08-02,FEMALE,PRINCIPAL,,CFPERF04267,+256710004267,perf.04267+uat@example.invalid,false
Perf04268,Load04268,1998-09-03,OTHER,PRINCIPAL,,CFPERF04268,+256710004268,perf.04268+uat@example.invalid,false
Perf04269,Load04269,1999-10-04,MALE,PRINCIPAL,,CFPERF04269,+256710004269,perf.04269+uat@example.invalid,false
Perf04270,Load04270,2000-11-05,FEMALE,PRINCIPAL,,CFPERF04270,+256710004270,perf.04270+uat@example.invalid,false
Perf04271,Load04271,2001-12-06,OTHER,PRINCIPAL,,CFPERF04271,+256710004271,perf.04271+uat@example.invalid,false
Perf04272,Load04272,2002-01-07,MALE,PRINCIPAL,,CFPERF04272,+256710004272,perf.04272+uat@example.invalid,false
Perf04273,Load04273,2003-02-08,FEMALE,PRINCIPAL,,CFPERF04273,+256710004273,perf.04273+uat@example.invalid,false
Perf04274,Load04274,2004-03-09,OTHER,PRINCIPAL,,CFPERF04274,+256710004274,perf.04274+uat@example.invalid,false
Perf04275,Load04275,1960-04-10,MALE,PRINCIPAL,,CFPERF04275,+256710004275,perf.04275+uat@example.invalid,false
Perf04276,Load04276,1961-05-11,FEMALE,PRINCIPAL,,CFPERF04276,+256710004276,perf.04276+uat@example.invalid,false
Perf04277,Load04277,1962-06-12,OTHER,PRINCIPAL,,CFPERF04277,+256710004277,perf.04277+uat@example.invalid,false
Perf04278,Load04278,1963-07-13,MALE,PRINCIPAL,,CFPERF04278,+256710004278,perf.04278+uat@example.invalid,false
Perf04279,Load04279,1964-08-14,FEMALE,PRINCIPAL,,CFPERF04279,+256710004279,perf.04279+uat@example.invalid,false
Perf04280,Load04280,1965-09-15,OTHER,PRINCIPAL,,CFPERF04280,+256710004280,perf.04280+uat@example.invalid,false
Perf04281,Load04281,1966-10-16,MALE,PRINCIPAL,,CFPERF04281,+256710004281,perf.04281+uat@example.invalid,false
Perf04282,Load04282,1967-11-17,FEMALE,PRINCIPAL,,CFPERF04282,+256710004282,perf.04282+uat@example.invalid,false
Perf04283,Load04283,1968-12-18,OTHER,PRINCIPAL,,CFPERF04283,+256710004283,perf.04283+uat@example.invalid,false
Perf04284,Load04284,1969-01-19,MALE,PRINCIPAL,,CFPERF04284,+256710004284,perf.04284+uat@example.invalid,false
Perf04285,Load04285,1970-02-20,FEMALE,PRINCIPAL,,CFPERF04285,+256710004285,perf.04285+uat@example.invalid,false
Perf04286,Load04286,1971-03-21,OTHER,PRINCIPAL,,CFPERF04286,+256710004286,perf.04286+uat@example.invalid,false
Perf04287,Load04287,1972-04-22,MALE,PRINCIPAL,,CFPERF04287,+256710004287,perf.04287+uat@example.invalid,false
Perf04288,Load04288,1973-05-23,FEMALE,PRINCIPAL,,CFPERF04288,+256710004288,perf.04288+uat@example.invalid,false
Perf04289,Load04289,1974-06-24,OTHER,PRINCIPAL,,CFPERF04289,+256710004289,perf.04289+uat@example.invalid,false
Perf04290,Load04290,1975-07-25,MALE,PRINCIPAL,,CFPERF04290,+256710004290,perf.04290+uat@example.invalid,false
Perf04291,Load04291,1976-08-26,FEMALE,PRINCIPAL,,CFPERF04291,+256710004291,perf.04291+uat@example.invalid,false
Perf04292,Load04292,1977-09-27,OTHER,PRINCIPAL,,CFPERF04292,+256710004292,perf.04292+uat@example.invalid,false
Perf04293,Load04293,1978-10-01,MALE,PRINCIPAL,,CFPERF04293,+256710004293,perf.04293+uat@example.invalid,false
Perf04294,Load04294,1979-11-02,FEMALE,PRINCIPAL,,CFPERF04294,+256710004294,perf.04294+uat@example.invalid,false
Perf04295,Load04295,1980-12-03,OTHER,PRINCIPAL,,CFPERF04295,+256710004295,perf.04295+uat@example.invalid,false
Perf04296,Load04296,1981-01-04,MALE,PRINCIPAL,,CFPERF04296,+256710004296,perf.04296+uat@example.invalid,false
Perf04297,Load04297,1982-02-05,FEMALE,PRINCIPAL,,CFPERF04297,+256710004297,perf.04297+uat@example.invalid,false
Perf04298,Load04298,1983-03-06,OTHER,PRINCIPAL,,CFPERF04298,+256710004298,perf.04298+uat@example.invalid,false
Perf04299,Load04299,1984-04-07,MALE,PRINCIPAL,,CFPERF04299,+256710004299,perf.04299+uat@example.invalid,false
Perf04300,Load04300,1985-05-08,FEMALE,PRINCIPAL,,CFPERF04300,+256710004300,perf.04300+uat@example.invalid,false
Perf04301,Load04301,1986-06-09,OTHER,PRINCIPAL,,CFPERF04301,+256710004301,perf.04301+uat@example.invalid,false
Perf04302,Load04302,1987-07-10,MALE,PRINCIPAL,,CFPERF04302,+256710004302,perf.04302+uat@example.invalid,false
Perf04303,Load04303,1988-08-11,FEMALE,PRINCIPAL,,CFPERF04303,+256710004303,perf.04303+uat@example.invalid,false
Perf04304,Load04304,1989-09-12,OTHER,PRINCIPAL,,CFPERF04304,+256710004304,perf.04304+uat@example.invalid,false
Perf04305,Load04305,1990-10-13,MALE,PRINCIPAL,,CFPERF04305,+256710004305,perf.04305+uat@example.invalid,false
Perf04306,Load04306,1991-11-14,FEMALE,PRINCIPAL,,CFPERF04306,+256710004306,perf.04306+uat@example.invalid,false
Perf04307,Load04307,1992-12-15,OTHER,PRINCIPAL,,CFPERF04307,+256710004307,perf.04307+uat@example.invalid,false
Perf04308,Load04308,1993-01-16,MALE,PRINCIPAL,,CFPERF04308,+256710004308,perf.04308+uat@example.invalid,false
Perf04309,Load04309,1994-02-17,FEMALE,PRINCIPAL,,CFPERF04309,+256710004309,perf.04309+uat@example.invalid,false
Perf04310,Load04310,1995-03-18,OTHER,PRINCIPAL,,CFPERF04310,+256710004310,perf.04310+uat@example.invalid,false
Perf04311,Load04311,1996-04-19,MALE,PRINCIPAL,,CFPERF04311,+256710004311,perf.04311+uat@example.invalid,false
Perf04312,Load04312,1997-05-20,FEMALE,PRINCIPAL,,CFPERF04312,+256710004312,perf.04312+uat@example.invalid,false
Perf04313,Load04313,1998-06-21,OTHER,PRINCIPAL,,CFPERF04313,+256710004313,perf.04313+uat@example.invalid,false
Perf04314,Load04314,1999-07-22,MALE,PRINCIPAL,,CFPERF04314,+256710004314,perf.04314+uat@example.invalid,false
Perf04315,Load04315,2000-08-23,FEMALE,PRINCIPAL,,CFPERF04315,+256710004315,perf.04315+uat@example.invalid,false
Perf04316,Load04316,2001-09-24,OTHER,PRINCIPAL,,CFPERF04316,+256710004316,perf.04316+uat@example.invalid,false
Perf04317,Load04317,2002-10-25,MALE,PRINCIPAL,,CFPERF04317,+256710004317,perf.04317+uat@example.invalid,false
Perf04318,Load04318,2003-11-26,FEMALE,PRINCIPAL,,CFPERF04318,+256710004318,perf.04318+uat@example.invalid,false
Perf04319,Load04319,2004-12-27,OTHER,PRINCIPAL,,CFPERF04319,+256710004319,perf.04319+uat@example.invalid,false
Perf04320,Load04320,1960-01-01,MALE,PRINCIPAL,,CFPERF04320,+256710004320,perf.04320+uat@example.invalid,false
Perf04321,Load04321,1961-02-02,FEMALE,PRINCIPAL,,CFPERF04321,+256710004321,perf.04321+uat@example.invalid,false
Perf04322,Load04322,1962-03-03,OTHER,PRINCIPAL,,CFPERF04322,+256710004322,perf.04322+uat@example.invalid,false
Perf04323,Load04323,1963-04-04,MALE,PRINCIPAL,,CFPERF04323,+256710004323,perf.04323+uat@example.invalid,false
Perf04324,Load04324,1964-05-05,FEMALE,PRINCIPAL,,CFPERF04324,+256710004324,perf.04324+uat@example.invalid,false
Perf04325,Load04325,1965-06-06,OTHER,PRINCIPAL,,CFPERF04325,+256710004325,perf.04325+uat@example.invalid,false
Perf04326,Load04326,1966-07-07,MALE,PRINCIPAL,,CFPERF04326,+256710004326,perf.04326+uat@example.invalid,false
Perf04327,Load04327,1967-08-08,FEMALE,PRINCIPAL,,CFPERF04327,+256710004327,perf.04327+uat@example.invalid,false
Perf04328,Load04328,1968-09-09,OTHER,PRINCIPAL,,CFPERF04328,+256710004328,perf.04328+uat@example.invalid,false
Perf04329,Load04329,1969-10-10,MALE,PRINCIPAL,,CFPERF04329,+256710004329,perf.04329+uat@example.invalid,false
Perf04330,Load04330,1970-11-11,FEMALE,PRINCIPAL,,CFPERF04330,+256710004330,perf.04330+uat@example.invalid,false
Perf04331,Load04331,1971-12-12,OTHER,PRINCIPAL,,CFPERF04331,+256710004331,perf.04331+uat@example.invalid,false
Perf04332,Load04332,1972-01-13,MALE,PRINCIPAL,,CFPERF04332,+256710004332,perf.04332+uat@example.invalid,false
Perf04333,Load04333,1973-02-14,FEMALE,PRINCIPAL,,CFPERF04333,+256710004333,perf.04333+uat@example.invalid,false
Perf04334,Load04334,1974-03-15,OTHER,PRINCIPAL,,CFPERF04334,+256710004334,perf.04334+uat@example.invalid,false
Perf04335,Load04335,1975-04-16,MALE,PRINCIPAL,,CFPERF04335,+256710004335,perf.04335+uat@example.invalid,false
Perf04336,Load04336,1976-05-17,FEMALE,PRINCIPAL,,CFPERF04336,+256710004336,perf.04336+uat@example.invalid,false
Perf04337,Load04337,1977-06-18,OTHER,PRINCIPAL,,CFPERF04337,+256710004337,perf.04337+uat@example.invalid,false
Perf04338,Load04338,1978-07-19,MALE,PRINCIPAL,,CFPERF04338,+256710004338,perf.04338+uat@example.invalid,false
Perf04339,Load04339,1979-08-20,FEMALE,PRINCIPAL,,CFPERF04339,+256710004339,perf.04339+uat@example.invalid,false
Perf04340,Load04340,1980-09-21,OTHER,PRINCIPAL,,CFPERF04340,+256710004340,perf.04340+uat@example.invalid,false
Perf04341,Load04341,1981-10-22,MALE,PRINCIPAL,,CFPERF04341,+256710004341,perf.04341+uat@example.invalid,false
Perf04342,Load04342,1982-11-23,FEMALE,PRINCIPAL,,CFPERF04342,+256710004342,perf.04342+uat@example.invalid,false
Perf04343,Load04343,1983-12-24,OTHER,PRINCIPAL,,CFPERF04343,+256710004343,perf.04343+uat@example.invalid,false
Perf04344,Load04344,1984-01-25,MALE,PRINCIPAL,,CFPERF04344,+256710004344,perf.04344+uat@example.invalid,false
Perf04345,Load04345,1985-02-26,FEMALE,PRINCIPAL,,CFPERF04345,+256710004345,perf.04345+uat@example.invalid,false
Perf04346,Load04346,1986-03-27,OTHER,PRINCIPAL,,CFPERF04346,+256710004346,perf.04346+uat@example.invalid,false
Perf04347,Load04347,1987-04-01,MALE,PRINCIPAL,,CFPERF04347,+256710004347,perf.04347+uat@example.invalid,false
Perf04348,Load04348,1988-05-02,FEMALE,PRINCIPAL,,CFPERF04348,+256710004348,perf.04348+uat@example.invalid,false
Perf04349,Load04349,1989-06-03,OTHER,PRINCIPAL,,CFPERF04349,+256710004349,perf.04349+uat@example.invalid,false
Perf04350,Load04350,1990-07-04,MALE,PRINCIPAL,,CFPERF04350,+256710004350,perf.04350+uat@example.invalid,false
Perf04351,Load04351,1991-08-05,FEMALE,PRINCIPAL,,CFPERF04351,+256710004351,perf.04351+uat@example.invalid,false
Perf04352,Load04352,1992-09-06,OTHER,PRINCIPAL,,CFPERF04352,+256710004352,perf.04352+uat@example.invalid,false
Perf04353,Load04353,1993-10-07,MALE,PRINCIPAL,,CFPERF04353,+256710004353,perf.04353+uat@example.invalid,false
Perf04354,Load04354,1994-11-08,FEMALE,PRINCIPAL,,CFPERF04354,+256710004354,perf.04354+uat@example.invalid,false
Perf04355,Load04355,1995-12-09,OTHER,PRINCIPAL,,CFPERF04355,+256710004355,perf.04355+uat@example.invalid,false
Perf04356,Load04356,1996-01-10,MALE,PRINCIPAL,,CFPERF04356,+256710004356,perf.04356+uat@example.invalid,false
Perf04357,Load04357,1997-02-11,FEMALE,PRINCIPAL,,CFPERF04357,+256710004357,perf.04357+uat@example.invalid,false
Perf04358,Load04358,1998-03-12,OTHER,PRINCIPAL,,CFPERF04358,+256710004358,perf.04358+uat@example.invalid,false
Perf04359,Load04359,1999-04-13,MALE,PRINCIPAL,,CFPERF04359,+256710004359,perf.04359+uat@example.invalid,false
Perf04360,Load04360,2000-05-14,FEMALE,PRINCIPAL,,CFPERF04360,+256710004360,perf.04360+uat@example.invalid,false
Perf04361,Load04361,2001-06-15,OTHER,PRINCIPAL,,CFPERF04361,+256710004361,perf.04361+uat@example.invalid,false
Perf04362,Load04362,2002-07-16,MALE,PRINCIPAL,,CFPERF04362,+256710004362,perf.04362+uat@example.invalid,false
Perf04363,Load04363,2003-08-17,FEMALE,PRINCIPAL,,CFPERF04363,+256710004363,perf.04363+uat@example.invalid,false
Perf04364,Load04364,2004-09-18,OTHER,PRINCIPAL,,CFPERF04364,+256710004364,perf.04364+uat@example.invalid,false
Perf04365,Load04365,1960-10-19,MALE,PRINCIPAL,,CFPERF04365,+256710004365,perf.04365+uat@example.invalid,false
Perf04366,Load04366,1961-11-20,FEMALE,PRINCIPAL,,CFPERF04366,+256710004366,perf.04366+uat@example.invalid,false
Perf04367,Load04367,1962-12-21,OTHER,PRINCIPAL,,CFPERF04367,+256710004367,perf.04367+uat@example.invalid,false
Perf04368,Load04368,1963-01-22,MALE,PRINCIPAL,,CFPERF04368,+256710004368,perf.04368+uat@example.invalid,false
Perf04369,Load04369,1964-02-23,FEMALE,PRINCIPAL,,CFPERF04369,+256710004369,perf.04369+uat@example.invalid,false
Perf04370,Load04370,1965-03-24,OTHER,PRINCIPAL,,CFPERF04370,+256710004370,perf.04370+uat@example.invalid,false
Perf04371,Load04371,1966-04-25,MALE,PRINCIPAL,,CFPERF04371,+256710004371,perf.04371+uat@example.invalid,false
Perf04372,Load04372,1967-05-26,FEMALE,PRINCIPAL,,CFPERF04372,+256710004372,perf.04372+uat@example.invalid,false
Perf04373,Load04373,1968-06-27,OTHER,PRINCIPAL,,CFPERF04373,+256710004373,perf.04373+uat@example.invalid,false
Perf04374,Load04374,1969-07-01,MALE,PRINCIPAL,,CFPERF04374,+256710004374,perf.04374+uat@example.invalid,false
Perf04375,Load04375,1970-08-02,FEMALE,PRINCIPAL,,CFPERF04375,+256710004375,perf.04375+uat@example.invalid,false
Perf04376,Load04376,1971-09-03,OTHER,PRINCIPAL,,CFPERF04376,+256710004376,perf.04376+uat@example.invalid,false
Perf04377,Load04377,1972-10-04,MALE,PRINCIPAL,,CFPERF04377,+256710004377,perf.04377+uat@example.invalid,false
Perf04378,Load04378,1973-11-05,FEMALE,PRINCIPAL,,CFPERF04378,+256710004378,perf.04378+uat@example.invalid,false
Perf04379,Load04379,1974-12-06,OTHER,PRINCIPAL,,CFPERF04379,+256710004379,perf.04379+uat@example.invalid,false
Perf04380,Load04380,1975-01-07,MALE,PRINCIPAL,,CFPERF04380,+256710004380,perf.04380+uat@example.invalid,false
Perf04381,Load04381,1976-02-08,FEMALE,PRINCIPAL,,CFPERF04381,+256710004381,perf.04381+uat@example.invalid,false
Perf04382,Load04382,1977-03-09,OTHER,PRINCIPAL,,CFPERF04382,+256710004382,perf.04382+uat@example.invalid,false
Perf04383,Load04383,1978-04-10,MALE,PRINCIPAL,,CFPERF04383,+256710004383,perf.04383+uat@example.invalid,false
Perf04384,Load04384,1979-05-11,FEMALE,PRINCIPAL,,CFPERF04384,+256710004384,perf.04384+uat@example.invalid,false
Perf04385,Load04385,1980-06-12,OTHER,PRINCIPAL,,CFPERF04385,+256710004385,perf.04385+uat@example.invalid,false
Perf04386,Load04386,1981-07-13,MALE,PRINCIPAL,,CFPERF04386,+256710004386,perf.04386+uat@example.invalid,false
Perf04387,Load04387,1982-08-14,FEMALE,PRINCIPAL,,CFPERF04387,+256710004387,perf.04387+uat@example.invalid,false
Perf04388,Load04388,1983-09-15,OTHER,PRINCIPAL,,CFPERF04388,+256710004388,perf.04388+uat@example.invalid,false
Perf04389,Load04389,1984-10-16,MALE,PRINCIPAL,,CFPERF04389,+256710004389,perf.04389+uat@example.invalid,false
Perf04390,Load04390,1985-11-17,FEMALE,PRINCIPAL,,CFPERF04390,+256710004390,perf.04390+uat@example.invalid,false
Perf04391,Load04391,1986-12-18,OTHER,PRINCIPAL,,CFPERF04391,+256710004391,perf.04391+uat@example.invalid,false
Perf04392,Load04392,1987-01-19,MALE,PRINCIPAL,,CFPERF04392,+256710004392,perf.04392+uat@example.invalid,false
Perf04393,Load04393,1988-02-20,FEMALE,PRINCIPAL,,CFPERF04393,+256710004393,perf.04393+uat@example.invalid,false
Perf04394,Load04394,1989-03-21,OTHER,PRINCIPAL,,CFPERF04394,+256710004394,perf.04394+uat@example.invalid,false
Perf04395,Load04395,1990-04-22,MALE,PRINCIPAL,,CFPERF04395,+256710004395,perf.04395+uat@example.invalid,false
Perf04396,Load04396,1991-05-23,FEMALE,PRINCIPAL,,CFPERF04396,+256710004396,perf.04396+uat@example.invalid,false
Perf04397,Load04397,1992-06-24,OTHER,PRINCIPAL,,CFPERF04397,+256710004397,perf.04397+uat@example.invalid,false
Perf04398,Load04398,1993-07-25,MALE,PRINCIPAL,,CFPERF04398,+256710004398,perf.04398+uat@example.invalid,false
Perf04399,Load04399,1994-08-26,FEMALE,PRINCIPAL,,CFPERF04399,+256710004399,perf.04399+uat@example.invalid,false
Perf04400,Load04400,1995-09-27,OTHER,PRINCIPAL,,CFPERF04400,+256710004400,perf.04400+uat@example.invalid,false
Perf04401,Load04401,1996-10-01,MALE,PRINCIPAL,,CFPERF04401,+256710004401,perf.04401+uat@example.invalid,false
Perf04402,Load04402,1997-11-02,FEMALE,PRINCIPAL,,CFPERF04402,+256710004402,perf.04402+uat@example.invalid,false
Perf04403,Load04403,1998-12-03,OTHER,PRINCIPAL,,CFPERF04403,+256710004403,perf.04403+uat@example.invalid,false
Perf04404,Load04404,1999-01-04,MALE,PRINCIPAL,,CFPERF04404,+256710004404,perf.04404+uat@example.invalid,false
Perf04405,Load04405,2000-02-05,FEMALE,PRINCIPAL,,CFPERF04405,+256710004405,perf.04405+uat@example.invalid,false
Perf04406,Load04406,2001-03-06,OTHER,PRINCIPAL,,CFPERF04406,+256710004406,perf.04406+uat@example.invalid,false
Perf04407,Load04407,2002-04-07,MALE,PRINCIPAL,,CFPERF04407,+256710004407,perf.04407+uat@example.invalid,false
Perf04408,Load04408,2003-05-08,FEMALE,PRINCIPAL,,CFPERF04408,+256710004408,perf.04408+uat@example.invalid,false
Perf04409,Load04409,2004-06-09,OTHER,PRINCIPAL,,CFPERF04409,+256710004409,perf.04409+uat@example.invalid,false
Perf04410,Load04410,1960-07-10,MALE,PRINCIPAL,,CFPERF04410,+256710004410,perf.04410+uat@example.invalid,false
Perf04411,Load04411,1961-08-11,FEMALE,PRINCIPAL,,CFPERF04411,+256710004411,perf.04411+uat@example.invalid,false
Perf04412,Load04412,1962-09-12,OTHER,PRINCIPAL,,CFPERF04412,+256710004412,perf.04412+uat@example.invalid,false
Perf04413,Load04413,1963-10-13,MALE,PRINCIPAL,,CFPERF04413,+256710004413,perf.04413+uat@example.invalid,false
Perf04414,Load04414,1964-11-14,FEMALE,PRINCIPAL,,CFPERF04414,+256710004414,perf.04414+uat@example.invalid,false
Perf04415,Load04415,1965-12-15,OTHER,PRINCIPAL,,CFPERF04415,+256710004415,perf.04415+uat@example.invalid,false
Perf04416,Load04416,1966-01-16,MALE,PRINCIPAL,,CFPERF04416,+256710004416,perf.04416+uat@example.invalid,false
Perf04417,Load04417,1967-02-17,FEMALE,PRINCIPAL,,CFPERF04417,+256710004417,perf.04417+uat@example.invalid,false
Perf04418,Load04418,1968-03-18,OTHER,PRINCIPAL,,CFPERF04418,+256710004418,perf.04418+uat@example.invalid,false
Perf04419,Load04419,1969-04-19,MALE,PRINCIPAL,,CFPERF04419,+256710004419,perf.04419+uat@example.invalid,false
Perf04420,Load04420,1970-05-20,FEMALE,PRINCIPAL,,CFPERF04420,+256710004420,perf.04420+uat@example.invalid,false
Perf04421,Load04421,1971-06-21,OTHER,PRINCIPAL,,CFPERF04421,+256710004421,perf.04421+uat@example.invalid,false
Perf04422,Load04422,1972-07-22,MALE,PRINCIPAL,,CFPERF04422,+256710004422,perf.04422+uat@example.invalid,false
Perf04423,Load04423,1973-08-23,FEMALE,PRINCIPAL,,CFPERF04423,+256710004423,perf.04423+uat@example.invalid,false
Perf04424,Load04424,1974-09-24,OTHER,PRINCIPAL,,CFPERF04424,+256710004424,perf.04424+uat@example.invalid,false
Perf04425,Load04425,1975-10-25,MALE,PRINCIPAL,,CFPERF04425,+256710004425,perf.04425+uat@example.invalid,false
Perf04426,Load04426,1976-11-26,FEMALE,PRINCIPAL,,CFPERF04426,+256710004426,perf.04426+uat@example.invalid,false
Perf04427,Load04427,1977-12-27,OTHER,PRINCIPAL,,CFPERF04427,+256710004427,perf.04427+uat@example.invalid,false
Perf04428,Load04428,1978-01-01,MALE,PRINCIPAL,,CFPERF04428,+256710004428,perf.04428+uat@example.invalid,false
Perf04429,Load04429,1979-02-02,FEMALE,PRINCIPAL,,CFPERF04429,+256710004429,perf.04429+uat@example.invalid,false
Perf04430,Load04430,1980-03-03,OTHER,PRINCIPAL,,CFPERF04430,+256710004430,perf.04430+uat@example.invalid,false
Perf04431,Load04431,1981-04-04,MALE,PRINCIPAL,,CFPERF04431,+256710004431,perf.04431+uat@example.invalid,false
Perf04432,Load04432,1982-05-05,FEMALE,PRINCIPAL,,CFPERF04432,+256710004432,perf.04432+uat@example.invalid,false
Perf04433,Load04433,1983-06-06,OTHER,PRINCIPAL,,CFPERF04433,+256710004433,perf.04433+uat@example.invalid,false
Perf04434,Load04434,1984-07-07,MALE,PRINCIPAL,,CFPERF04434,+256710004434,perf.04434+uat@example.invalid,false
Perf04435,Load04435,1985-08-08,FEMALE,PRINCIPAL,,CFPERF04435,+256710004435,perf.04435+uat@example.invalid,false
Perf04436,Load04436,1986-09-09,OTHER,PRINCIPAL,,CFPERF04436,+256710004436,perf.04436+uat@example.invalid,false
Perf04437,Load04437,1987-10-10,MALE,PRINCIPAL,,CFPERF04437,+256710004437,perf.04437+uat@example.invalid,false
Perf04438,Load04438,1988-11-11,FEMALE,PRINCIPAL,,CFPERF04438,+256710004438,perf.04438+uat@example.invalid,false
Perf04439,Load04439,1989-12-12,OTHER,PRINCIPAL,,CFPERF04439,+256710004439,perf.04439+uat@example.invalid,false
Perf04440,Load04440,1990-01-13,MALE,PRINCIPAL,,CFPERF04440,+256710004440,perf.04440+uat@example.invalid,false
Perf04441,Load04441,1991-02-14,FEMALE,PRINCIPAL,,CFPERF04441,+256710004441,perf.04441+uat@example.invalid,false
Perf04442,Load04442,1992-03-15,OTHER,PRINCIPAL,,CFPERF04442,+256710004442,perf.04442+uat@example.invalid,false
Perf04443,Load04443,1993-04-16,MALE,PRINCIPAL,,CFPERF04443,+256710004443,perf.04443+uat@example.invalid,false
Perf04444,Load04444,1994-05-17,FEMALE,PRINCIPAL,,CFPERF04444,+256710004444,perf.04444+uat@example.invalid,false
Perf04445,Load04445,1995-06-18,OTHER,PRINCIPAL,,CFPERF04445,+256710004445,perf.04445+uat@example.invalid,false
Perf04446,Load04446,1996-07-19,MALE,PRINCIPAL,,CFPERF04446,+256710004446,perf.04446+uat@example.invalid,false
Perf04447,Load04447,1997-08-20,FEMALE,PRINCIPAL,,CFPERF04447,+256710004447,perf.04447+uat@example.invalid,false
Perf04448,Load04448,1998-09-21,OTHER,PRINCIPAL,,CFPERF04448,+256710004448,perf.04448+uat@example.invalid,false
Perf04449,Load04449,1999-10-22,MALE,PRINCIPAL,,CFPERF04449,+256710004449,perf.04449+uat@example.invalid,false
Perf04450,Load04450,2000-11-23,FEMALE,PRINCIPAL,,CFPERF04450,+256710004450,perf.04450+uat@example.invalid,false
Perf04451,Load04451,2001-12-24,OTHER,PRINCIPAL,,CFPERF04451,+256710004451,perf.04451+uat@example.invalid,false
Perf04452,Load04452,2002-01-25,MALE,PRINCIPAL,,CFPERF04452,+256710004452,perf.04452+uat@example.invalid,false
Perf04453,Load04453,2003-02-26,FEMALE,PRINCIPAL,,CFPERF04453,+256710004453,perf.04453+uat@example.invalid,false
Perf04454,Load04454,2004-03-27,OTHER,PRINCIPAL,,CFPERF04454,+256710004454,perf.04454+uat@example.invalid,false
Perf04455,Load04455,1960-04-01,MALE,PRINCIPAL,,CFPERF04455,+256710004455,perf.04455+uat@example.invalid,false
Perf04456,Load04456,1961-05-02,FEMALE,PRINCIPAL,,CFPERF04456,+256710004456,perf.04456+uat@example.invalid,false
Perf04457,Load04457,1962-06-03,OTHER,PRINCIPAL,,CFPERF04457,+256710004457,perf.04457+uat@example.invalid,false
Perf04458,Load04458,1963-07-04,MALE,PRINCIPAL,,CFPERF04458,+256710004458,perf.04458+uat@example.invalid,false
Perf04459,Load04459,1964-08-05,FEMALE,PRINCIPAL,,CFPERF04459,+256710004459,perf.04459+uat@example.invalid,false
Perf04460,Load04460,1965-09-06,OTHER,PRINCIPAL,,CFPERF04460,+256710004460,perf.04460+uat@example.invalid,false
Perf04461,Load04461,1966-10-07,MALE,PRINCIPAL,,CFPERF04461,+256710004461,perf.04461+uat@example.invalid,false
Perf04462,Load04462,1967-11-08,FEMALE,PRINCIPAL,,CFPERF04462,+256710004462,perf.04462+uat@example.invalid,false
Perf04463,Load04463,1968-12-09,OTHER,PRINCIPAL,,CFPERF04463,+256710004463,perf.04463+uat@example.invalid,false
Perf04464,Load04464,1969-01-10,MALE,PRINCIPAL,,CFPERF04464,+256710004464,perf.04464+uat@example.invalid,false
Perf04465,Load04465,1970-02-11,FEMALE,PRINCIPAL,,CFPERF04465,+256710004465,perf.04465+uat@example.invalid,false
Perf04466,Load04466,1971-03-12,OTHER,PRINCIPAL,,CFPERF04466,+256710004466,perf.04466+uat@example.invalid,false
Perf04467,Load04467,1972-04-13,MALE,PRINCIPAL,,CFPERF04467,+256710004467,perf.04467+uat@example.invalid,false
Perf04468,Load04468,1973-05-14,FEMALE,PRINCIPAL,,CFPERF04468,+256710004468,perf.04468+uat@example.invalid,false
Perf04469,Load04469,1974-06-15,OTHER,PRINCIPAL,,CFPERF04469,+256710004469,perf.04469+uat@example.invalid,false
Perf04470,Load04470,1975-07-16,MALE,PRINCIPAL,,CFPERF04470,+256710004470,perf.04470+uat@example.invalid,false
Perf04471,Load04471,1976-08-17,FEMALE,PRINCIPAL,,CFPERF04471,+256710004471,perf.04471+uat@example.invalid,false
Perf04472,Load04472,1977-09-18,OTHER,PRINCIPAL,,CFPERF04472,+256710004472,perf.04472+uat@example.invalid,false
Perf04473,Load04473,1978-10-19,MALE,PRINCIPAL,,CFPERF04473,+256710004473,perf.04473+uat@example.invalid,false
Perf04474,Load04474,1979-11-20,FEMALE,PRINCIPAL,,CFPERF04474,+256710004474,perf.04474+uat@example.invalid,false
Perf04475,Load04475,1980-12-21,OTHER,PRINCIPAL,,CFPERF04475,+256710004475,perf.04475+uat@example.invalid,false
Perf04476,Load04476,1981-01-22,MALE,PRINCIPAL,,CFPERF04476,+256710004476,perf.04476+uat@example.invalid,false
Perf04477,Load04477,1982-02-23,FEMALE,PRINCIPAL,,CFPERF04477,+256710004477,perf.04477+uat@example.invalid,false
Perf04478,Load04478,1983-03-24,OTHER,PRINCIPAL,,CFPERF04478,+256710004478,perf.04478+uat@example.invalid,false
Perf04479,Load04479,1984-04-25,MALE,PRINCIPAL,,CFPERF04479,+256710004479,perf.04479+uat@example.invalid,false
Perf04480,Load04480,1985-05-26,FEMALE,PRINCIPAL,,CFPERF04480,+256710004480,perf.04480+uat@example.invalid,false
Perf04481,Load04481,1986-06-27,OTHER,PRINCIPAL,,CFPERF04481,+256710004481,perf.04481+uat@example.invalid,false
Perf04482,Load04482,1987-07-01,MALE,PRINCIPAL,,CFPERF04482,+256710004482,perf.04482+uat@example.invalid,false
Perf04483,Load04483,1988-08-02,FEMALE,PRINCIPAL,,CFPERF04483,+256710004483,perf.04483+uat@example.invalid,false
Perf04484,Load04484,1989-09-03,OTHER,PRINCIPAL,,CFPERF04484,+256710004484,perf.04484+uat@example.invalid,false
Perf04485,Load04485,1990-10-04,MALE,PRINCIPAL,,CFPERF04485,+256710004485,perf.04485+uat@example.invalid,false
Perf04486,Load04486,1991-11-05,FEMALE,PRINCIPAL,,CFPERF04486,+256710004486,perf.04486+uat@example.invalid,false
Perf04487,Load04487,1992-12-06,OTHER,PRINCIPAL,,CFPERF04487,+256710004487,perf.04487+uat@example.invalid,false
Perf04488,Load04488,1993-01-07,MALE,PRINCIPAL,,CFPERF04488,+256710004488,perf.04488+uat@example.invalid,false
Perf04489,Load04489,1994-02-08,FEMALE,PRINCIPAL,,CFPERF04489,+256710004489,perf.04489+uat@example.invalid,false
Perf04490,Load04490,1995-03-09,OTHER,PRINCIPAL,,CFPERF04490,+256710004490,perf.04490+uat@example.invalid,false
Perf04491,Load04491,1996-04-10,MALE,PRINCIPAL,,CFPERF04491,+256710004491,perf.04491+uat@example.invalid,false
Perf04492,Load04492,1997-05-11,FEMALE,PRINCIPAL,,CFPERF04492,+256710004492,perf.04492+uat@example.invalid,false
Perf04493,Load04493,1998-06-12,OTHER,PRINCIPAL,,CFPERF04493,+256710004493,perf.04493+uat@example.invalid,false
Perf04494,Load04494,1999-07-13,MALE,PRINCIPAL,,CFPERF04494,+256710004494,perf.04494+uat@example.invalid,false
Perf04495,Load04495,2000-08-14,FEMALE,PRINCIPAL,,CFPERF04495,+256710004495,perf.04495+uat@example.invalid,false
Perf04496,Load04496,2001-09-15,OTHER,PRINCIPAL,,CFPERF04496,+256710004496,perf.04496+uat@example.invalid,false
Perf04497,Load04497,2002-10-16,MALE,PRINCIPAL,,CFPERF04497,+256710004497,perf.04497+uat@example.invalid,false
Perf04498,Load04498,2003-11-17,FEMALE,PRINCIPAL,,CFPERF04498,+256710004498,perf.04498+uat@example.invalid,false
Perf04499,Load04499,2004-12-18,OTHER,PRINCIPAL,,CFPERF04499,+256710004499,perf.04499+uat@example.invalid,false
Perf04500,Load04500,1960-01-19,MALE,PRINCIPAL,,CFPERF04500,+256710004500,perf.04500+uat@example.invalid,false
Perf04501,Load04501,1961-02-20,FEMALE,PRINCIPAL,,CFPERF04501,+256710004501,perf.04501+uat@example.invalid,false
Perf04502,Load04502,1962-03-21,OTHER,PRINCIPAL,,CFPERF04502,+256710004502,perf.04502+uat@example.invalid,false
Perf04503,Load04503,1963-04-22,MALE,PRINCIPAL,,CFPERF04503,+256710004503,perf.04503+uat@example.invalid,false
Perf04504,Load04504,1964-05-23,FEMALE,PRINCIPAL,,CFPERF04504,+256710004504,perf.04504+uat@example.invalid,false
Perf04505,Load04505,1965-06-24,OTHER,PRINCIPAL,,CFPERF04505,+256710004505,perf.04505+uat@example.invalid,false
Perf04506,Load04506,1966-07-25,MALE,PRINCIPAL,,CFPERF04506,+256710004506,perf.04506+uat@example.invalid,false
Perf04507,Load04507,1967-08-26,FEMALE,PRINCIPAL,,CFPERF04507,+256710004507,perf.04507+uat@example.invalid,false
Perf04508,Load04508,1968-09-27,OTHER,PRINCIPAL,,CFPERF04508,+256710004508,perf.04508+uat@example.invalid,false
Perf04509,Load04509,1969-10-01,MALE,PRINCIPAL,,CFPERF04509,+256710004509,perf.04509+uat@example.invalid,false
Perf04510,Load04510,1970-11-02,FEMALE,PRINCIPAL,,CFPERF04510,+256710004510,perf.04510+uat@example.invalid,false
Perf04511,Load04511,1971-12-03,OTHER,PRINCIPAL,,CFPERF04511,+256710004511,perf.04511+uat@example.invalid,false
Perf04512,Load04512,1972-01-04,MALE,PRINCIPAL,,CFPERF04512,+256710004512,perf.04512+uat@example.invalid,false
Perf04513,Load04513,1973-02-05,FEMALE,PRINCIPAL,,CFPERF04513,+256710004513,perf.04513+uat@example.invalid,false
Perf04514,Load04514,1974-03-06,OTHER,PRINCIPAL,,CFPERF04514,+256710004514,perf.04514+uat@example.invalid,false
Perf04515,Load04515,1975-04-07,MALE,PRINCIPAL,,CFPERF04515,+256710004515,perf.04515+uat@example.invalid,false
Perf04516,Load04516,1976-05-08,FEMALE,PRINCIPAL,,CFPERF04516,+256710004516,perf.04516+uat@example.invalid,false
Perf04517,Load04517,1977-06-09,OTHER,PRINCIPAL,,CFPERF04517,+256710004517,perf.04517+uat@example.invalid,false
Perf04518,Load04518,1978-07-10,MALE,PRINCIPAL,,CFPERF04518,+256710004518,perf.04518+uat@example.invalid,false
Perf04519,Load04519,1979-08-11,FEMALE,PRINCIPAL,,CFPERF04519,+256710004519,perf.04519+uat@example.invalid,false
Perf04520,Load04520,1980-09-12,OTHER,PRINCIPAL,,CFPERF04520,+256710004520,perf.04520+uat@example.invalid,false
Perf04521,Load04521,1981-10-13,MALE,PRINCIPAL,,CFPERF04521,+256710004521,perf.04521+uat@example.invalid,false
Perf04522,Load04522,1982-11-14,FEMALE,PRINCIPAL,,CFPERF04522,+256710004522,perf.04522+uat@example.invalid,false
Perf04523,Load04523,1983-12-15,OTHER,PRINCIPAL,,CFPERF04523,+256710004523,perf.04523+uat@example.invalid,false
Perf04524,Load04524,1984-01-16,MALE,PRINCIPAL,,CFPERF04524,+256710004524,perf.04524+uat@example.invalid,false
Perf04525,Load04525,1985-02-17,FEMALE,PRINCIPAL,,CFPERF04525,+256710004525,perf.04525+uat@example.invalid,false
Perf04526,Load04526,1986-03-18,OTHER,PRINCIPAL,,CFPERF04526,+256710004526,perf.04526+uat@example.invalid,false
Perf04527,Load04527,1987-04-19,MALE,PRINCIPAL,,CFPERF04527,+256710004527,perf.04527+uat@example.invalid,false
Perf04528,Load04528,1988-05-20,FEMALE,PRINCIPAL,,CFPERF04528,+256710004528,perf.04528+uat@example.invalid,false
Perf04529,Load04529,1989-06-21,OTHER,PRINCIPAL,,CFPERF04529,+256710004529,perf.04529+uat@example.invalid,false
Perf04530,Load04530,1990-07-22,MALE,PRINCIPAL,,CFPERF04530,+256710004530,perf.04530+uat@example.invalid,false
Perf04531,Load04531,1991-08-23,FEMALE,PRINCIPAL,,CFPERF04531,+256710004531,perf.04531+uat@example.invalid,false
Perf04532,Load04532,1992-09-24,OTHER,PRINCIPAL,,CFPERF04532,+256710004532,perf.04532+uat@example.invalid,false
Perf04533,Load04533,1993-10-25,MALE,PRINCIPAL,,CFPERF04533,+256710004533,perf.04533+uat@example.invalid,false
Perf04534,Load04534,1994-11-26,FEMALE,PRINCIPAL,,CFPERF04534,+256710004534,perf.04534+uat@example.invalid,false
Perf04535,Load04535,1995-12-27,OTHER,PRINCIPAL,,CFPERF04535,+256710004535,perf.04535+uat@example.invalid,false
Perf04536,Load04536,1996-01-01,MALE,PRINCIPAL,,CFPERF04536,+256710004536,perf.04536+uat@example.invalid,false
Perf04537,Load04537,1997-02-02,FEMALE,PRINCIPAL,,CFPERF04537,+256710004537,perf.04537+uat@example.invalid,false
Perf04538,Load04538,1998-03-03,OTHER,PRINCIPAL,,CFPERF04538,+256710004538,perf.04538+uat@example.invalid,false
Perf04539,Load04539,1999-04-04,MALE,PRINCIPAL,,CFPERF04539,+256710004539,perf.04539+uat@example.invalid,false
Perf04540,Load04540,2000-05-05,FEMALE,PRINCIPAL,,CFPERF04540,+256710004540,perf.04540+uat@example.invalid,false
Perf04541,Load04541,2001-06-06,OTHER,PRINCIPAL,,CFPERF04541,+256710004541,perf.04541+uat@example.invalid,false
Perf04542,Load04542,2002-07-07,MALE,PRINCIPAL,,CFPERF04542,+256710004542,perf.04542+uat@example.invalid,false
Perf04543,Load04543,2003-08-08,FEMALE,PRINCIPAL,,CFPERF04543,+256710004543,perf.04543+uat@example.invalid,false
Perf04544,Load04544,2004-09-09,OTHER,PRINCIPAL,,CFPERF04544,+256710004544,perf.04544+uat@example.invalid,false
Perf04545,Load04545,1960-10-10,MALE,PRINCIPAL,,CFPERF04545,+256710004545,perf.04545+uat@example.invalid,false
Perf04546,Load04546,1961-11-11,FEMALE,PRINCIPAL,,CFPERF04546,+256710004546,perf.04546+uat@example.invalid,false
Perf04547,Load04547,1962-12-12,OTHER,PRINCIPAL,,CFPERF04547,+256710004547,perf.04547+uat@example.invalid,false
Perf04548,Load04548,1963-01-13,MALE,PRINCIPAL,,CFPERF04548,+256710004548,perf.04548+uat@example.invalid,false
Perf04549,Load04549,1964-02-14,FEMALE,PRINCIPAL,,CFPERF04549,+256710004549,perf.04549+uat@example.invalid,false
Perf04550,Load04550,1965-03-15,OTHER,PRINCIPAL,,CFPERF04550,+256710004550,perf.04550+uat@example.invalid,false
Perf04551,Load04551,1966-04-16,MALE,PRINCIPAL,,CFPERF04551,+256710004551,perf.04551+uat@example.invalid,false
Perf04552,Load04552,1967-05-17,FEMALE,PRINCIPAL,,CFPERF04552,+256710004552,perf.04552+uat@example.invalid,false
Perf04553,Load04553,1968-06-18,OTHER,PRINCIPAL,,CFPERF04553,+256710004553,perf.04553+uat@example.invalid,false
Perf04554,Load04554,1969-07-19,MALE,PRINCIPAL,,CFPERF04554,+256710004554,perf.04554+uat@example.invalid,false
Perf04555,Load04555,1970-08-20,FEMALE,PRINCIPAL,,CFPERF04555,+256710004555,perf.04555+uat@example.invalid,false
Perf04556,Load04556,1971-09-21,OTHER,PRINCIPAL,,CFPERF04556,+256710004556,perf.04556+uat@example.invalid,false
Perf04557,Load04557,1972-10-22,MALE,PRINCIPAL,,CFPERF04557,+256710004557,perf.04557+uat@example.invalid,false
Perf04558,Load04558,1973-11-23,FEMALE,PRINCIPAL,,CFPERF04558,+256710004558,perf.04558+uat@example.invalid,false
Perf04559,Load04559,1974-12-24,OTHER,PRINCIPAL,,CFPERF04559,+256710004559,perf.04559+uat@example.invalid,false
Perf04560,Load04560,1975-01-25,MALE,PRINCIPAL,,CFPERF04560,+256710004560,perf.04560+uat@example.invalid,false
Perf04561,Load04561,1976-02-26,FEMALE,PRINCIPAL,,CFPERF04561,+256710004561,perf.04561+uat@example.invalid,false
Perf04562,Load04562,1977-03-27,OTHER,PRINCIPAL,,CFPERF04562,+256710004562,perf.04562+uat@example.invalid,false
Perf04563,Load04563,1978-04-01,MALE,PRINCIPAL,,CFPERF04563,+256710004563,perf.04563+uat@example.invalid,false
Perf04564,Load04564,1979-05-02,FEMALE,PRINCIPAL,,CFPERF04564,+256710004564,perf.04564+uat@example.invalid,false
Perf04565,Load04565,1980-06-03,OTHER,PRINCIPAL,,CFPERF04565,+256710004565,perf.04565+uat@example.invalid,false
Perf04566,Load04566,1981-07-04,MALE,PRINCIPAL,,CFPERF04566,+256710004566,perf.04566+uat@example.invalid,false
Perf04567,Load04567,1982-08-05,FEMALE,PRINCIPAL,,CFPERF04567,+256710004567,perf.04567+uat@example.invalid,false
Perf04568,Load04568,1983-09-06,OTHER,PRINCIPAL,,CFPERF04568,+256710004568,perf.04568+uat@example.invalid,false
Perf04569,Load04569,1984-10-07,MALE,PRINCIPAL,,CFPERF04569,+256710004569,perf.04569+uat@example.invalid,false
Perf04570,Load04570,1985-11-08,FEMALE,PRINCIPAL,,CFPERF04570,+256710004570,perf.04570+uat@example.invalid,false
Perf04571,Load04571,1986-12-09,OTHER,PRINCIPAL,,CFPERF04571,+256710004571,perf.04571+uat@example.invalid,false
Perf04572,Load04572,1987-01-10,MALE,PRINCIPAL,,CFPERF04572,+256710004572,perf.04572+uat@example.invalid,false
Perf04573,Load04573,1988-02-11,FEMALE,PRINCIPAL,,CFPERF04573,+256710004573,perf.04573+uat@example.invalid,false
Perf04574,Load04574,1989-03-12,OTHER,PRINCIPAL,,CFPERF04574,+256710004574,perf.04574+uat@example.invalid,false
Perf04575,Load04575,1990-04-13,MALE,PRINCIPAL,,CFPERF04575,+256710004575,perf.04575+uat@example.invalid,false
Perf04576,Load04576,1991-05-14,FEMALE,PRINCIPAL,,CFPERF04576,+256710004576,perf.04576+uat@example.invalid,false
Perf04577,Load04577,1992-06-15,OTHER,PRINCIPAL,,CFPERF04577,+256710004577,perf.04577+uat@example.invalid,false
Perf04578,Load04578,1993-07-16,MALE,PRINCIPAL,,CFPERF04578,+256710004578,perf.04578+uat@example.invalid,false
Perf04579,Load04579,1994-08-17,FEMALE,PRINCIPAL,,CFPERF04579,+256710004579,perf.04579+uat@example.invalid,false
Perf04580,Load04580,1995-09-18,OTHER,PRINCIPAL,,CFPERF04580,+256710004580,perf.04580+uat@example.invalid,false
Perf04581,Load04581,1996-10-19,MALE,PRINCIPAL,,CFPERF04581,+256710004581,perf.04581+uat@example.invalid,false
Perf04582,Load04582,1997-11-20,FEMALE,PRINCIPAL,,CFPERF04582,+256710004582,perf.04582+uat@example.invalid,false
Perf04583,Load04583,1998-12-21,OTHER,PRINCIPAL,,CFPERF04583,+256710004583,perf.04583+uat@example.invalid,false
Perf04584,Load04584,1999-01-22,MALE,PRINCIPAL,,CFPERF04584,+256710004584,perf.04584+uat@example.invalid,false
Perf04585,Load04585,2000-02-23,FEMALE,PRINCIPAL,,CFPERF04585,+256710004585,perf.04585+uat@example.invalid,false
Perf04586,Load04586,2001-03-24,OTHER,PRINCIPAL,,CFPERF04586,+256710004586,perf.04586+uat@example.invalid,false
Perf04587,Load04587,2002-04-25,MALE,PRINCIPAL,,CFPERF04587,+256710004587,perf.04587+uat@example.invalid,false
Perf04588,Load04588,2003-05-26,FEMALE,PRINCIPAL,,CFPERF04588,+256710004588,perf.04588+uat@example.invalid,false
Perf04589,Load04589,2004-06-27,OTHER,PRINCIPAL,,CFPERF04589,+256710004589,perf.04589+uat@example.invalid,false
Perf04590,Load04590,1960-07-01,MALE,PRINCIPAL,,CFPERF04590,+256710004590,perf.04590+uat@example.invalid,false
Perf04591,Load04591,1961-08-02,FEMALE,PRINCIPAL,,CFPERF04591,+256710004591,perf.04591+uat@example.invalid,false
Perf04592,Load04592,1962-09-03,OTHER,PRINCIPAL,,CFPERF04592,+256710004592,perf.04592+uat@example.invalid,false
Perf04593,Load04593,1963-10-04,MALE,PRINCIPAL,,CFPERF04593,+256710004593,perf.04593+uat@example.invalid,false
Perf04594,Load04594,1964-11-05,FEMALE,PRINCIPAL,,CFPERF04594,+256710004594,perf.04594+uat@example.invalid,false
Perf04595,Load04595,1965-12-06,OTHER,PRINCIPAL,,CFPERF04595,+256710004595,perf.04595+uat@example.invalid,false
Perf04596,Load04596,1966-01-07,MALE,PRINCIPAL,,CFPERF04596,+256710004596,perf.04596+uat@example.invalid,false
Perf04597,Load04597,1967-02-08,FEMALE,PRINCIPAL,,CFPERF04597,+256710004597,perf.04597+uat@example.invalid,false
Perf04598,Load04598,1968-03-09,OTHER,PRINCIPAL,,CFPERF04598,+256710004598,perf.04598+uat@example.invalid,false
Perf04599,Load04599,1969-04-10,MALE,PRINCIPAL,,CFPERF04599,+256710004599,perf.04599+uat@example.invalid,false
Perf04600,Load04600,1970-05-11,FEMALE,PRINCIPAL,,CFPERF04600,+256710004600,perf.04600+uat@example.invalid,false
Perf04601,Load04601,1971-06-12,OTHER,PRINCIPAL,,CFPERF04601,+256710004601,perf.04601+uat@example.invalid,false
Perf04602,Load04602,1972-07-13,MALE,PRINCIPAL,,CFPERF04602,+256710004602,perf.04602+uat@example.invalid,false
Perf04603,Load04603,1973-08-14,FEMALE,PRINCIPAL,,CFPERF04603,+256710004603,perf.04603+uat@example.invalid,false
Perf04604,Load04604,1974-09-15,OTHER,PRINCIPAL,,CFPERF04604,+256710004604,perf.04604+uat@example.invalid,false
Perf04605,Load04605,1975-10-16,MALE,PRINCIPAL,,CFPERF04605,+256710004605,perf.04605+uat@example.invalid,false
Perf04606,Load04606,1976-11-17,FEMALE,PRINCIPAL,,CFPERF04606,+256710004606,perf.04606+uat@example.invalid,false
Perf04607,Load04607,1977-12-18,OTHER,PRINCIPAL,,CFPERF04607,+256710004607,perf.04607+uat@example.invalid,false
Perf04608,Load04608,1978-01-19,MALE,PRINCIPAL,,CFPERF04608,+256710004608,perf.04608+uat@example.invalid,false
Perf04609,Load04609,1979-02-20,FEMALE,PRINCIPAL,,CFPERF04609,+256710004609,perf.04609+uat@example.invalid,false
Perf04610,Load04610,1980-03-21,OTHER,PRINCIPAL,,CFPERF04610,+256710004610,perf.04610+uat@example.invalid,false
Perf04611,Load04611,1981-04-22,MALE,PRINCIPAL,,CFPERF04611,+256710004611,perf.04611+uat@example.invalid,false
Perf04612,Load04612,1982-05-23,FEMALE,PRINCIPAL,,CFPERF04612,+256710004612,perf.04612+uat@example.invalid,false
Perf04613,Load04613,1983-06-24,OTHER,PRINCIPAL,,CFPERF04613,+256710004613,perf.04613+uat@example.invalid,false
Perf04614,Load04614,1984-07-25,MALE,PRINCIPAL,,CFPERF04614,+256710004614,perf.04614+uat@example.invalid,false
Perf04615,Load04615,1985-08-26,FEMALE,PRINCIPAL,,CFPERF04615,+256710004615,perf.04615+uat@example.invalid,false
Perf04616,Load04616,1986-09-27,OTHER,PRINCIPAL,,CFPERF04616,+256710004616,perf.04616+uat@example.invalid,false
Perf04617,Load04617,1987-10-01,MALE,PRINCIPAL,,CFPERF04617,+256710004617,perf.04617+uat@example.invalid,false
Perf04618,Load04618,1988-11-02,FEMALE,PRINCIPAL,,CFPERF04618,+256710004618,perf.04618+uat@example.invalid,false
Perf04619,Load04619,1989-12-03,OTHER,PRINCIPAL,,CFPERF04619,+256710004619,perf.04619+uat@example.invalid,false
Perf04620,Load04620,1990-01-04,MALE,PRINCIPAL,,CFPERF04620,+256710004620,perf.04620+uat@example.invalid,false
Perf04621,Load04621,1991-02-05,FEMALE,PRINCIPAL,,CFPERF04621,+256710004621,perf.04621+uat@example.invalid,false
Perf04622,Load04622,1992-03-06,OTHER,PRINCIPAL,,CFPERF04622,+256710004622,perf.04622+uat@example.invalid,false
Perf04623,Load04623,1993-04-07,MALE,PRINCIPAL,,CFPERF04623,+256710004623,perf.04623+uat@example.invalid,false
Perf04624,Load04624,1994-05-08,FEMALE,PRINCIPAL,,CFPERF04624,+256710004624,perf.04624+uat@example.invalid,false
Perf04625,Load04625,1995-06-09,OTHER,PRINCIPAL,,CFPERF04625,+256710004625,perf.04625+uat@example.invalid,false
Perf04626,Load04626,1996-07-10,MALE,PRINCIPAL,,CFPERF04626,+256710004626,perf.04626+uat@example.invalid,false
Perf04627,Load04627,1997-08-11,FEMALE,PRINCIPAL,,CFPERF04627,+256710004627,perf.04627+uat@example.invalid,false
Perf04628,Load04628,1998-09-12,OTHER,PRINCIPAL,,CFPERF04628,+256710004628,perf.04628+uat@example.invalid,false
Perf04629,Load04629,1999-10-13,MALE,PRINCIPAL,,CFPERF04629,+256710004629,perf.04629+uat@example.invalid,false
Perf04630,Load04630,2000-11-14,FEMALE,PRINCIPAL,,CFPERF04630,+256710004630,perf.04630+uat@example.invalid,false
Perf04631,Load04631,2001-12-15,OTHER,PRINCIPAL,,CFPERF04631,+256710004631,perf.04631+uat@example.invalid,false
Perf04632,Load04632,2002-01-16,MALE,PRINCIPAL,,CFPERF04632,+256710004632,perf.04632+uat@example.invalid,false
Perf04633,Load04633,2003-02-17,FEMALE,PRINCIPAL,,CFPERF04633,+256710004633,perf.04633+uat@example.invalid,false
Perf04634,Load04634,2004-03-18,OTHER,PRINCIPAL,,CFPERF04634,+256710004634,perf.04634+uat@example.invalid,false
Perf04635,Load04635,1960-04-19,MALE,PRINCIPAL,,CFPERF04635,+256710004635,perf.04635+uat@example.invalid,false
Perf04636,Load04636,1961-05-20,FEMALE,PRINCIPAL,,CFPERF04636,+256710004636,perf.04636+uat@example.invalid,false
Perf04637,Load04637,1962-06-21,OTHER,PRINCIPAL,,CFPERF04637,+256710004637,perf.04637+uat@example.invalid,false
Perf04638,Load04638,1963-07-22,MALE,PRINCIPAL,,CFPERF04638,+256710004638,perf.04638+uat@example.invalid,false
Perf04639,Load04639,1964-08-23,FEMALE,PRINCIPAL,,CFPERF04639,+256710004639,perf.04639+uat@example.invalid,false
Perf04640,Load04640,1965-09-24,OTHER,PRINCIPAL,,CFPERF04640,+256710004640,perf.04640+uat@example.invalid,false
Perf04641,Load04641,1966-10-25,MALE,PRINCIPAL,,CFPERF04641,+256710004641,perf.04641+uat@example.invalid,false
Perf04642,Load04642,1967-11-26,FEMALE,PRINCIPAL,,CFPERF04642,+256710004642,perf.04642+uat@example.invalid,false
Perf04643,Load04643,1968-12-27,OTHER,PRINCIPAL,,CFPERF04643,+256710004643,perf.04643+uat@example.invalid,false
Perf04644,Load04644,1969-01-01,MALE,PRINCIPAL,,CFPERF04644,+256710004644,perf.04644+uat@example.invalid,false
Perf04645,Load04645,1970-02-02,FEMALE,PRINCIPAL,,CFPERF04645,+256710004645,perf.04645+uat@example.invalid,false
Perf04646,Load04646,1971-03-03,OTHER,PRINCIPAL,,CFPERF04646,+256710004646,perf.04646+uat@example.invalid,false
Perf04647,Load04647,1972-04-04,MALE,PRINCIPAL,,CFPERF04647,+256710004647,perf.04647+uat@example.invalid,false
Perf04648,Load04648,1973-05-05,FEMALE,PRINCIPAL,,CFPERF04648,+256710004648,perf.04648+uat@example.invalid,false
Perf04649,Load04649,1974-06-06,OTHER,PRINCIPAL,,CFPERF04649,+256710004649,perf.04649+uat@example.invalid,false
Perf04650,Load04650,1975-07-07,MALE,PRINCIPAL,,CFPERF04650,+256710004650,perf.04650+uat@example.invalid,false
Perf04651,Load04651,1976-08-08,FEMALE,PRINCIPAL,,CFPERF04651,+256710004651,perf.04651+uat@example.invalid,false
Perf04652,Load04652,1977-09-09,OTHER,PRINCIPAL,,CFPERF04652,+256710004652,perf.04652+uat@example.invalid,false
Perf04653,Load04653,1978-10-10,MALE,PRINCIPAL,,CFPERF04653,+256710004653,perf.04653+uat@example.invalid,false
Perf04654,Load04654,1979-11-11,FEMALE,PRINCIPAL,,CFPERF04654,+256710004654,perf.04654+uat@example.invalid,false
Perf04655,Load04655,1980-12-12,OTHER,PRINCIPAL,,CFPERF04655,+256710004655,perf.04655+uat@example.invalid,false
Perf04656,Load04656,1981-01-13,MALE,PRINCIPAL,,CFPERF04656,+256710004656,perf.04656+uat@example.invalid,false
Perf04657,Load04657,1982-02-14,FEMALE,PRINCIPAL,,CFPERF04657,+256710004657,perf.04657+uat@example.invalid,false
Perf04658,Load04658,1983-03-15,OTHER,PRINCIPAL,,CFPERF04658,+256710004658,perf.04658+uat@example.invalid,false
Perf04659,Load04659,1984-04-16,MALE,PRINCIPAL,,CFPERF04659,+256710004659,perf.04659+uat@example.invalid,false
Perf04660,Load04660,1985-05-17,FEMALE,PRINCIPAL,,CFPERF04660,+256710004660,perf.04660+uat@example.invalid,false
Perf04661,Load04661,1986-06-18,OTHER,PRINCIPAL,,CFPERF04661,+256710004661,perf.04661+uat@example.invalid,false
Perf04662,Load04662,1987-07-19,MALE,PRINCIPAL,,CFPERF04662,+256710004662,perf.04662+uat@example.invalid,false
Perf04663,Load04663,1988-08-20,FEMALE,PRINCIPAL,,CFPERF04663,+256710004663,perf.04663+uat@example.invalid,false
Perf04664,Load04664,1989-09-21,OTHER,PRINCIPAL,,CFPERF04664,+256710004664,perf.04664+uat@example.invalid,false
Perf04665,Load04665,1990-10-22,MALE,PRINCIPAL,,CFPERF04665,+256710004665,perf.04665+uat@example.invalid,false
Perf04666,Load04666,1991-11-23,FEMALE,PRINCIPAL,,CFPERF04666,+256710004666,perf.04666+uat@example.invalid,false
Perf04667,Load04667,1992-12-24,OTHER,PRINCIPAL,,CFPERF04667,+256710004667,perf.04667+uat@example.invalid,false
Perf04668,Load04668,1993-01-25,MALE,PRINCIPAL,,CFPERF04668,+256710004668,perf.04668+uat@example.invalid,false
Perf04669,Load04669,1994-02-26,FEMALE,PRINCIPAL,,CFPERF04669,+256710004669,perf.04669+uat@example.invalid,false
Perf04670,Load04670,1995-03-27,OTHER,PRINCIPAL,,CFPERF04670,+256710004670,perf.04670+uat@example.invalid,false
Perf04671,Load04671,1996-04-01,MALE,PRINCIPAL,,CFPERF04671,+256710004671,perf.04671+uat@example.invalid,false
Perf04672,Load04672,1997-05-02,FEMALE,PRINCIPAL,,CFPERF04672,+256710004672,perf.04672+uat@example.invalid,false
Perf04673,Load04673,1998-06-03,OTHER,PRINCIPAL,,CFPERF04673,+256710004673,perf.04673+uat@example.invalid,false
Perf04674,Load04674,1999-07-04,MALE,PRINCIPAL,,CFPERF04674,+256710004674,perf.04674+uat@example.invalid,false
Perf04675,Load04675,2000-08-05,FEMALE,PRINCIPAL,,CFPERF04675,+256710004675,perf.04675+uat@example.invalid,false
Perf04676,Load04676,2001-09-06,OTHER,PRINCIPAL,,CFPERF04676,+256710004676,perf.04676+uat@example.invalid,false
Perf04677,Load04677,2002-10-07,MALE,PRINCIPAL,,CFPERF04677,+256710004677,perf.04677+uat@example.invalid,false
Perf04678,Load04678,2003-11-08,FEMALE,PRINCIPAL,,CFPERF04678,+256710004678,perf.04678+uat@example.invalid,false
Perf04679,Load04679,2004-12-09,OTHER,PRINCIPAL,,CFPERF04679,+256710004679,perf.04679+uat@example.invalid,false
Perf04680,Load04680,1960-01-10,MALE,PRINCIPAL,,CFPERF04680,+256710004680,perf.04680+uat@example.invalid,false
Perf04681,Load04681,1961-02-11,FEMALE,PRINCIPAL,,CFPERF04681,+256710004681,perf.04681+uat@example.invalid,false
Perf04682,Load04682,1962-03-12,OTHER,PRINCIPAL,,CFPERF04682,+256710004682,perf.04682+uat@example.invalid,false
Perf04683,Load04683,1963-04-13,MALE,PRINCIPAL,,CFPERF04683,+256710004683,perf.04683+uat@example.invalid,false
Perf04684,Load04684,1964-05-14,FEMALE,PRINCIPAL,,CFPERF04684,+256710004684,perf.04684+uat@example.invalid,false
Perf04685,Load04685,1965-06-15,OTHER,PRINCIPAL,,CFPERF04685,+256710004685,perf.04685+uat@example.invalid,false
Perf04686,Load04686,1966-07-16,MALE,PRINCIPAL,,CFPERF04686,+256710004686,perf.04686+uat@example.invalid,false
Perf04687,Load04687,1967-08-17,FEMALE,PRINCIPAL,,CFPERF04687,+256710004687,perf.04687+uat@example.invalid,false
Perf04688,Load04688,1968-09-18,OTHER,PRINCIPAL,,CFPERF04688,+256710004688,perf.04688+uat@example.invalid,false
Perf04689,Load04689,1969-10-19,MALE,PRINCIPAL,,CFPERF04689,+256710004689,perf.04689+uat@example.invalid,false
Perf04690,Load04690,1970-11-20,FEMALE,PRINCIPAL,,CFPERF04690,+256710004690,perf.04690+uat@example.invalid,false
Perf04691,Load04691,1971-12-21,OTHER,PRINCIPAL,,CFPERF04691,+256710004691,perf.04691+uat@example.invalid,false
Perf04692,Load04692,1972-01-22,MALE,PRINCIPAL,,CFPERF04692,+256710004692,perf.04692+uat@example.invalid,false
Perf04693,Load04693,1973-02-23,FEMALE,PRINCIPAL,,CFPERF04693,+256710004693,perf.04693+uat@example.invalid,false
Perf04694,Load04694,1974-03-24,OTHER,PRINCIPAL,,CFPERF04694,+256710004694,perf.04694+uat@example.invalid,false
Perf04695,Load04695,1975-04-25,MALE,PRINCIPAL,,CFPERF04695,+256710004695,perf.04695+uat@example.invalid,false
Perf04696,Load04696,1976-05-26,FEMALE,PRINCIPAL,,CFPERF04696,+256710004696,perf.04696+uat@example.invalid,false
Perf04697,Load04697,1977-06-27,OTHER,PRINCIPAL,,CFPERF04697,+256710004697,perf.04697+uat@example.invalid,false
Perf04698,Load04698,1978-07-01,MALE,PRINCIPAL,,CFPERF04698,+256710004698,perf.04698+uat@example.invalid,false
Perf04699,Load04699,1979-08-02,FEMALE,PRINCIPAL,,CFPERF04699,+256710004699,perf.04699+uat@example.invalid,false
Perf04700,Load04700,1980-09-03,OTHER,PRINCIPAL,,CFPERF04700,+256710004700,perf.04700+uat@example.invalid,false
Perf04701,Load04701,1981-10-04,MALE,PRINCIPAL,,CFPERF04701,+256710004701,perf.04701+uat@example.invalid,false
Perf04702,Load04702,1982-11-05,FEMALE,PRINCIPAL,,CFPERF04702,+256710004702,perf.04702+uat@example.invalid,false
Perf04703,Load04703,1983-12-06,OTHER,PRINCIPAL,,CFPERF04703,+256710004703,perf.04703+uat@example.invalid,false
Perf04704,Load04704,1984-01-07,MALE,PRINCIPAL,,CFPERF04704,+256710004704,perf.04704+uat@example.invalid,false
Perf04705,Load04705,1985-02-08,FEMALE,PRINCIPAL,,CFPERF04705,+256710004705,perf.04705+uat@example.invalid,false
Perf04706,Load04706,1986-03-09,OTHER,PRINCIPAL,,CFPERF04706,+256710004706,perf.04706+uat@example.invalid,false
Perf04707,Load04707,1987-04-10,MALE,PRINCIPAL,,CFPERF04707,+256710004707,perf.04707+uat@example.invalid,false
Perf04708,Load04708,1988-05-11,FEMALE,PRINCIPAL,,CFPERF04708,+256710004708,perf.04708+uat@example.invalid,false
Perf04709,Load04709,1989-06-12,OTHER,PRINCIPAL,,CFPERF04709,+256710004709,perf.04709+uat@example.invalid,false
Perf04710,Load04710,1990-07-13,MALE,PRINCIPAL,,CFPERF04710,+256710004710,perf.04710+uat@example.invalid,false
Perf04711,Load04711,1991-08-14,FEMALE,PRINCIPAL,,CFPERF04711,+256710004711,perf.04711+uat@example.invalid,false
Perf04712,Load04712,1992-09-15,OTHER,PRINCIPAL,,CFPERF04712,+256710004712,perf.04712+uat@example.invalid,false
Perf04713,Load04713,1993-10-16,MALE,PRINCIPAL,,CFPERF04713,+256710004713,perf.04713+uat@example.invalid,false
Perf04714,Load04714,1994-11-17,FEMALE,PRINCIPAL,,CFPERF04714,+256710004714,perf.04714+uat@example.invalid,false
Perf04715,Load04715,1995-12-18,OTHER,PRINCIPAL,,CFPERF04715,+256710004715,perf.04715+uat@example.invalid,false
Perf04716,Load04716,1996-01-19,MALE,PRINCIPAL,,CFPERF04716,+256710004716,perf.04716+uat@example.invalid,false
Perf04717,Load04717,1997-02-20,FEMALE,PRINCIPAL,,CFPERF04717,+256710004717,perf.04717+uat@example.invalid,false
Perf04718,Load04718,1998-03-21,OTHER,PRINCIPAL,,CFPERF04718,+256710004718,perf.04718+uat@example.invalid,false
Perf04719,Load04719,1999-04-22,MALE,PRINCIPAL,,CFPERF04719,+256710004719,perf.04719+uat@example.invalid,false
Perf04720,Load04720,2000-05-23,FEMALE,PRINCIPAL,,CFPERF04720,+256710004720,perf.04720+uat@example.invalid,false
Perf04721,Load04721,2001-06-24,OTHER,PRINCIPAL,,CFPERF04721,+256710004721,perf.04721+uat@example.invalid,false
Perf04722,Load04722,2002-07-25,MALE,PRINCIPAL,,CFPERF04722,+256710004722,perf.04722+uat@example.invalid,false
Perf04723,Load04723,2003-08-26,FEMALE,PRINCIPAL,,CFPERF04723,+256710004723,perf.04723+uat@example.invalid,false
Perf04724,Load04724,2004-09-27,OTHER,PRINCIPAL,,CFPERF04724,+256710004724,perf.04724+uat@example.invalid,false
Perf04725,Load04725,1960-10-01,MALE,PRINCIPAL,,CFPERF04725,+256710004725,perf.04725+uat@example.invalid,false
Perf04726,Load04726,1961-11-02,FEMALE,PRINCIPAL,,CFPERF04726,+256710004726,perf.04726+uat@example.invalid,false
Perf04727,Load04727,1962-12-03,OTHER,PRINCIPAL,,CFPERF04727,+256710004727,perf.04727+uat@example.invalid,false
Perf04728,Load04728,1963-01-04,MALE,PRINCIPAL,,CFPERF04728,+256710004728,perf.04728+uat@example.invalid,false
Perf04729,Load04729,1964-02-05,FEMALE,PRINCIPAL,,CFPERF04729,+256710004729,perf.04729+uat@example.invalid,false
Perf04730,Load04730,1965-03-06,OTHER,PRINCIPAL,,CFPERF04730,+256710004730,perf.04730+uat@example.invalid,false
Perf04731,Load04731,1966-04-07,MALE,PRINCIPAL,,CFPERF04731,+256710004731,perf.04731+uat@example.invalid,false
Perf04732,Load04732,1967-05-08,FEMALE,PRINCIPAL,,CFPERF04732,+256710004732,perf.04732+uat@example.invalid,false
Perf04733,Load04733,1968-06-09,OTHER,PRINCIPAL,,CFPERF04733,+256710004733,perf.04733+uat@example.invalid,false
Perf04734,Load04734,1969-07-10,MALE,PRINCIPAL,,CFPERF04734,+256710004734,perf.04734+uat@example.invalid,false
Perf04735,Load04735,1970-08-11,FEMALE,PRINCIPAL,,CFPERF04735,+256710004735,perf.04735+uat@example.invalid,false
Perf04736,Load04736,1971-09-12,OTHER,PRINCIPAL,,CFPERF04736,+256710004736,perf.04736+uat@example.invalid,false
Perf04737,Load04737,1972-10-13,MALE,PRINCIPAL,,CFPERF04737,+256710004737,perf.04737+uat@example.invalid,false
Perf04738,Load04738,1973-11-14,FEMALE,PRINCIPAL,,CFPERF04738,+256710004738,perf.04738+uat@example.invalid,false
Perf04739,Load04739,1974-12-15,OTHER,PRINCIPAL,,CFPERF04739,+256710004739,perf.04739+uat@example.invalid,false
Perf04740,Load04740,1975-01-16,MALE,PRINCIPAL,,CFPERF04740,+256710004740,perf.04740+uat@example.invalid,false
Perf04741,Load04741,1976-02-17,FEMALE,PRINCIPAL,,CFPERF04741,+256710004741,perf.04741+uat@example.invalid,false
Perf04742,Load04742,1977-03-18,OTHER,PRINCIPAL,,CFPERF04742,+256710004742,perf.04742+uat@example.invalid,false
Perf04743,Load04743,1978-04-19,MALE,PRINCIPAL,,CFPERF04743,+256710004743,perf.04743+uat@example.invalid,false
Perf04744,Load04744,1979-05-20,FEMALE,PRINCIPAL,,CFPERF04744,+256710004744,perf.04744+uat@example.invalid,false
Perf04745,Load04745,1980-06-21,OTHER,PRINCIPAL,,CFPERF04745,+256710004745,perf.04745+uat@example.invalid,false
Perf04746,Load04746,1981-07-22,MALE,PRINCIPAL,,CFPERF04746,+256710004746,perf.04746+uat@example.invalid,false
Perf04747,Load04747,1982-08-23,FEMALE,PRINCIPAL,,CFPERF04747,+256710004747,perf.04747+uat@example.invalid,false
Perf04748,Load04748,1983-09-24,OTHER,PRINCIPAL,,CFPERF04748,+256710004748,perf.04748+uat@example.invalid,false
Perf04749,Load04749,1984-10-25,MALE,PRINCIPAL,,CFPERF04749,+256710004749,perf.04749+uat@example.invalid,false
Perf04750,Load04750,1985-11-26,FEMALE,PRINCIPAL,,CFPERF04750,+256710004750,perf.04750+uat@example.invalid,false
Perf04751,Load04751,1986-12-27,OTHER,PRINCIPAL,,CFPERF04751,+256710004751,perf.04751+uat@example.invalid,false
Perf04752,Load04752,1987-01-01,MALE,PRINCIPAL,,CFPERF04752,+256710004752,perf.04752+uat@example.invalid,false
Perf04753,Load04753,1988-02-02,FEMALE,PRINCIPAL,,CFPERF04753,+256710004753,perf.04753+uat@example.invalid,false
Perf04754,Load04754,1989-03-03,OTHER,PRINCIPAL,,CFPERF04754,+256710004754,perf.04754+uat@example.invalid,false
Perf04755,Load04755,1990-04-04,MALE,PRINCIPAL,,CFPERF04755,+256710004755,perf.04755+uat@example.invalid,false
Perf04756,Load04756,1991-05-05,FEMALE,PRINCIPAL,,CFPERF04756,+256710004756,perf.04756+uat@example.invalid,false
Perf04757,Load04757,1992-06-06,OTHER,PRINCIPAL,,CFPERF04757,+256710004757,perf.04757+uat@example.invalid,false
Perf04758,Load04758,1993-07-07,MALE,PRINCIPAL,,CFPERF04758,+256710004758,perf.04758+uat@example.invalid,false
Perf04759,Load04759,1994-08-08,FEMALE,PRINCIPAL,,CFPERF04759,+256710004759,perf.04759+uat@example.invalid,false
Perf04760,Load04760,1995-09-09,OTHER,PRINCIPAL,,CFPERF04760,+256710004760,perf.04760+uat@example.invalid,false
Perf04761,Load04761,1996-10-10,MALE,PRINCIPAL,,CFPERF04761,+256710004761,perf.04761+uat@example.invalid,false
Perf04762,Load04762,1997-11-11,FEMALE,PRINCIPAL,,CFPERF04762,+256710004762,perf.04762+uat@example.invalid,false
Perf04763,Load04763,1998-12-12,OTHER,PRINCIPAL,,CFPERF04763,+256710004763,perf.04763+uat@example.invalid,false
Perf04764,Load04764,1999-01-13,MALE,PRINCIPAL,,CFPERF04764,+256710004764,perf.04764+uat@example.invalid,false
Perf04765,Load04765,2000-02-14,FEMALE,PRINCIPAL,,CFPERF04765,+256710004765,perf.04765+uat@example.invalid,false
Perf04766,Load04766,2001-03-15,OTHER,PRINCIPAL,,CFPERF04766,+256710004766,perf.04766+uat@example.invalid,false
Perf04767,Load04767,2002-04-16,MALE,PRINCIPAL,,CFPERF04767,+256710004767,perf.04767+uat@example.invalid,false
Perf04768,Load04768,2003-05-17,FEMALE,PRINCIPAL,,CFPERF04768,+256710004768,perf.04768+uat@example.invalid,false
Perf04769,Load04769,2004-06-18,OTHER,PRINCIPAL,,CFPERF04769,+256710004769,perf.04769+uat@example.invalid,false
Perf04770,Load04770,1960-07-19,MALE,PRINCIPAL,,CFPERF04770,+256710004770,perf.04770+uat@example.invalid,false
Perf04771,Load04771,1961-08-20,FEMALE,PRINCIPAL,,CFPERF04771,+256710004771,perf.04771+uat@example.invalid,false
Perf04772,Load04772,1962-09-21,OTHER,PRINCIPAL,,CFPERF04772,+256710004772,perf.04772+uat@example.invalid,false
Perf04773,Load04773,1963-10-22,MALE,PRINCIPAL,,CFPERF04773,+256710004773,perf.04773+uat@example.invalid,false
Perf04774,Load04774,1964-11-23,FEMALE,PRINCIPAL,,CFPERF04774,+256710004774,perf.04774+uat@example.invalid,false
Perf04775,Load04775,1965-12-24,OTHER,PRINCIPAL,,CFPERF04775,+256710004775,perf.04775+uat@example.invalid,false
Perf04776,Load04776,1966-01-25,MALE,PRINCIPAL,,CFPERF04776,+256710004776,perf.04776+uat@example.invalid,false
Perf04777,Load04777,1967-02-26,FEMALE,PRINCIPAL,,CFPERF04777,+256710004777,perf.04777+uat@example.invalid,false
Perf04778,Load04778,1968-03-27,OTHER,PRINCIPAL,,CFPERF04778,+256710004778,perf.04778+uat@example.invalid,false
Perf04779,Load04779,1969-04-01,MALE,PRINCIPAL,,CFPERF04779,+256710004779,perf.04779+uat@example.invalid,false
Perf04780,Load04780,1970-05-02,FEMALE,PRINCIPAL,,CFPERF04780,+256710004780,perf.04780+uat@example.invalid,false
Perf04781,Load04781,1971-06-03,OTHER,PRINCIPAL,,CFPERF04781,+256710004781,perf.04781+uat@example.invalid,false
Perf04782,Load04782,1972-07-04,MALE,PRINCIPAL,,CFPERF04782,+256710004782,perf.04782+uat@example.invalid,false
Perf04783,Load04783,1973-08-05,FEMALE,PRINCIPAL,,CFPERF04783,+256710004783,perf.04783+uat@example.invalid,false
Perf04784,Load04784,1974-09-06,OTHER,PRINCIPAL,,CFPERF04784,+256710004784,perf.04784+uat@example.invalid,false
Perf04785,Load04785,1975-10-07,MALE,PRINCIPAL,,CFPERF04785,+256710004785,perf.04785+uat@example.invalid,false
Perf04786,Load04786,1976-11-08,FEMALE,PRINCIPAL,,CFPERF04786,+256710004786,perf.04786+uat@example.invalid,false
Perf04787,Load04787,1977-12-09,OTHER,PRINCIPAL,,CFPERF04787,+256710004787,perf.04787+uat@example.invalid,false
Perf04788,Load04788,1978-01-10,MALE,PRINCIPAL,,CFPERF04788,+256710004788,perf.04788+uat@example.invalid,false
Perf04789,Load04789,1979-02-11,FEMALE,PRINCIPAL,,CFPERF04789,+256710004789,perf.04789+uat@example.invalid,false
Perf04790,Load04790,1980-03-12,OTHER,PRINCIPAL,,CFPERF04790,+256710004790,perf.04790+uat@example.invalid,false
Perf04791,Load04791,1981-04-13,MALE,PRINCIPAL,,CFPERF04791,+256710004791,perf.04791+uat@example.invalid,false
Perf04792,Load04792,1982-05-14,FEMALE,PRINCIPAL,,CFPERF04792,+256710004792,perf.04792+uat@example.invalid,false
Perf04793,Load04793,1983-06-15,OTHER,PRINCIPAL,,CFPERF04793,+256710004793,perf.04793+uat@example.invalid,false
Perf04794,Load04794,1984-07-16,MALE,PRINCIPAL,,CFPERF04794,+256710004794,perf.04794+uat@example.invalid,false
Perf04795,Load04795,1985-08-17,FEMALE,PRINCIPAL,,CFPERF04795,+256710004795,perf.04795+uat@example.invalid,false
Perf04796,Load04796,1986-09-18,OTHER,PRINCIPAL,,CFPERF04796,+256710004796,perf.04796+uat@example.invalid,false
Perf04797,Load04797,1987-10-19,MALE,PRINCIPAL,,CFPERF04797,+256710004797,perf.04797+uat@example.invalid,false
Perf04798,Load04798,1988-11-20,FEMALE,PRINCIPAL,,CFPERF04798,+256710004798,perf.04798+uat@example.invalid,false
Perf04799,Load04799,1989-12-21,OTHER,PRINCIPAL,,CFPERF04799,+256710004799,perf.04799+uat@example.invalid,false
Perf04800,Load04800,1990-01-22,MALE,PRINCIPAL,,CFPERF04800,+256710004800,perf.04800+uat@example.invalid,false
Perf04801,Load04801,1991-02-23,FEMALE,PRINCIPAL,,CFPERF04801,+256710004801,perf.04801+uat@example.invalid,false
Perf04802,Load04802,1992-03-24,OTHER,PRINCIPAL,,CFPERF04802,+256710004802,perf.04802+uat@example.invalid,false
Perf04803,Load04803,1993-04-25,MALE,PRINCIPAL,,CFPERF04803,+256710004803,perf.04803+uat@example.invalid,false
Perf04804,Load04804,1994-05-26,FEMALE,PRINCIPAL,,CFPERF04804,+256710004804,perf.04804+uat@example.invalid,false
Perf04805,Load04805,1995-06-27,OTHER,PRINCIPAL,,CFPERF04805,+256710004805,perf.04805+uat@example.invalid,false
Perf04806,Load04806,1996-07-01,MALE,PRINCIPAL,,CFPERF04806,+256710004806,perf.04806+uat@example.invalid,false
Perf04807,Load04807,1997-08-02,FEMALE,PRINCIPAL,,CFPERF04807,+256710004807,perf.04807+uat@example.invalid,false
Perf04808,Load04808,1998-09-03,OTHER,PRINCIPAL,,CFPERF04808,+256710004808,perf.04808+uat@example.invalid,false
Perf04809,Load04809,1999-10-04,MALE,PRINCIPAL,,CFPERF04809,+256710004809,perf.04809+uat@example.invalid,false
Perf04810,Load04810,2000-11-05,FEMALE,PRINCIPAL,,CFPERF04810,+256710004810,perf.04810+uat@example.invalid,false
Perf04811,Load04811,2001-12-06,OTHER,PRINCIPAL,,CFPERF04811,+256710004811,perf.04811+uat@example.invalid,false
Perf04812,Load04812,2002-01-07,MALE,PRINCIPAL,,CFPERF04812,+256710004812,perf.04812+uat@example.invalid,false
Perf04813,Load04813,2003-02-08,FEMALE,PRINCIPAL,,CFPERF04813,+256710004813,perf.04813+uat@example.invalid,false
Perf04814,Load04814,2004-03-09,OTHER,PRINCIPAL,,CFPERF04814,+256710004814,perf.04814+uat@example.invalid,false
Perf04815,Load04815,1960-04-10,MALE,PRINCIPAL,,CFPERF04815,+256710004815,perf.04815+uat@example.invalid,false
Perf04816,Load04816,1961-05-11,FEMALE,PRINCIPAL,,CFPERF04816,+256710004816,perf.04816+uat@example.invalid,false
Perf04817,Load04817,1962-06-12,OTHER,PRINCIPAL,,CFPERF04817,+256710004817,perf.04817+uat@example.invalid,false
Perf04818,Load04818,1963-07-13,MALE,PRINCIPAL,,CFPERF04818,+256710004818,perf.04818+uat@example.invalid,false
Perf04819,Load04819,1964-08-14,FEMALE,PRINCIPAL,,CFPERF04819,+256710004819,perf.04819+uat@example.invalid,false
Perf04820,Load04820,1965-09-15,OTHER,PRINCIPAL,,CFPERF04820,+256710004820,perf.04820+uat@example.invalid,false
Perf04821,Load04821,1966-10-16,MALE,PRINCIPAL,,CFPERF04821,+256710004821,perf.04821+uat@example.invalid,false
Perf04822,Load04822,1967-11-17,FEMALE,PRINCIPAL,,CFPERF04822,+256710004822,perf.04822+uat@example.invalid,false
Perf04823,Load04823,1968-12-18,OTHER,PRINCIPAL,,CFPERF04823,+256710004823,perf.04823+uat@example.invalid,false
Perf04824,Load04824,1969-01-19,MALE,PRINCIPAL,,CFPERF04824,+256710004824,perf.04824+uat@example.invalid,false
Perf04825,Load04825,1970-02-20,FEMALE,PRINCIPAL,,CFPERF04825,+256710004825,perf.04825+uat@example.invalid,false
Perf04826,Load04826,1971-03-21,OTHER,PRINCIPAL,,CFPERF04826,+256710004826,perf.04826+uat@example.invalid,false
Perf04827,Load04827,1972-04-22,MALE,PRINCIPAL,,CFPERF04827,+256710004827,perf.04827+uat@example.invalid,false
Perf04828,Load04828,1973-05-23,FEMALE,PRINCIPAL,,CFPERF04828,+256710004828,perf.04828+uat@example.invalid,false
Perf04829,Load04829,1974-06-24,OTHER,PRINCIPAL,,CFPERF04829,+256710004829,perf.04829+uat@example.invalid,false
Perf04830,Load04830,1975-07-25,MALE,PRINCIPAL,,CFPERF04830,+256710004830,perf.04830+uat@example.invalid,false
Perf04831,Load04831,1976-08-26,FEMALE,PRINCIPAL,,CFPERF04831,+256710004831,perf.04831+uat@example.invalid,false
Perf04832,Load04832,1977-09-27,OTHER,PRINCIPAL,,CFPERF04832,+256710004832,perf.04832+uat@example.invalid,false
Perf04833,Load04833,1978-10-01,MALE,PRINCIPAL,,CFPERF04833,+256710004833,perf.04833+uat@example.invalid,false
Perf04834,Load04834,1979-11-02,FEMALE,PRINCIPAL,,CFPERF04834,+256710004834,perf.04834+uat@example.invalid,false
Perf04835,Load04835,1980-12-03,OTHER,PRINCIPAL,,CFPERF04835,+256710004835,perf.04835+uat@example.invalid,false
Perf04836,Load04836,1981-01-04,MALE,PRINCIPAL,,CFPERF04836,+256710004836,perf.04836+uat@example.invalid,false
Perf04837,Load04837,1982-02-05,FEMALE,PRINCIPAL,,CFPERF04837,+256710004837,perf.04837+uat@example.invalid,false
Perf04838,Load04838,1983-03-06,OTHER,PRINCIPAL,,CFPERF04838,+256710004838,perf.04838+uat@example.invalid,false
Perf04839,Load04839,1984-04-07,MALE,PRINCIPAL,,CFPERF04839,+256710004839,perf.04839+uat@example.invalid,false
Perf04840,Load04840,1985-05-08,FEMALE,PRINCIPAL,,CFPERF04840,+256710004840,perf.04840+uat@example.invalid,false
Perf04841,Load04841,1986-06-09,OTHER,PRINCIPAL,,CFPERF04841,+256710004841,perf.04841+uat@example.invalid,false
Perf04842,Load04842,1987-07-10,MALE,PRINCIPAL,,CFPERF04842,+256710004842,perf.04842+uat@example.invalid,false
Perf04843,Load04843,1988-08-11,FEMALE,PRINCIPAL,,CFPERF04843,+256710004843,perf.04843+uat@example.invalid,false
Perf04844,Load04844,1989-09-12,OTHER,PRINCIPAL,,CFPERF04844,+256710004844,perf.04844+uat@example.invalid,false
Perf04845,Load04845,1990-10-13,MALE,PRINCIPAL,,CFPERF04845,+256710004845,perf.04845+uat@example.invalid,false
Perf04846,Load04846,1991-11-14,FEMALE,PRINCIPAL,,CFPERF04846,+256710004846,perf.04846+uat@example.invalid,false
Perf04847,Load04847,1992-12-15,OTHER,PRINCIPAL,,CFPERF04847,+256710004847,perf.04847+uat@example.invalid,false
Perf04848,Load04848,1993-01-16,MALE,PRINCIPAL,,CFPERF04848,+256710004848,perf.04848+uat@example.invalid,false
Perf04849,Load04849,1994-02-17,FEMALE,PRINCIPAL,,CFPERF04849,+256710004849,perf.04849+uat@example.invalid,false
Perf04850,Load04850,1995-03-18,OTHER,PRINCIPAL,,CFPERF04850,+256710004850,perf.04850+uat@example.invalid,false
Perf04851,Load04851,1996-04-19,MALE,PRINCIPAL,,CFPERF04851,+256710004851,perf.04851+uat@example.invalid,false
Perf04852,Load04852,1997-05-20,FEMALE,PRINCIPAL,,CFPERF04852,+256710004852,perf.04852+uat@example.invalid,false
Perf04853,Load04853,1998-06-21,OTHER,PRINCIPAL,,CFPERF04853,+256710004853,perf.04853+uat@example.invalid,false
Perf04854,Load04854,1999-07-22,MALE,PRINCIPAL,,CFPERF04854,+256710004854,perf.04854+uat@example.invalid,false
Perf04855,Load04855,2000-08-23,FEMALE,PRINCIPAL,,CFPERF04855,+256710004855,perf.04855+uat@example.invalid,false
Perf04856,Load04856,2001-09-24,OTHER,PRINCIPAL,,CFPERF04856,+256710004856,perf.04856+uat@example.invalid,false
Perf04857,Load04857,2002-10-25,MALE,PRINCIPAL,,CFPERF04857,+256710004857,perf.04857+uat@example.invalid,false
Perf04858,Load04858,2003-11-26,FEMALE,PRINCIPAL,,CFPERF04858,+256710004858,perf.04858+uat@example.invalid,false
Perf04859,Load04859,2004-12-27,OTHER,PRINCIPAL,,CFPERF04859,+256710004859,perf.04859+uat@example.invalid,false
Perf04860,Load04860,1960-01-01,MALE,PRINCIPAL,,CFPERF04860,+256710004860,perf.04860+uat@example.invalid,false
Perf04861,Load04861,1961-02-02,FEMALE,PRINCIPAL,,CFPERF04861,+256710004861,perf.04861+uat@example.invalid,false
Perf04862,Load04862,1962-03-03,OTHER,PRINCIPAL,,CFPERF04862,+256710004862,perf.04862+uat@example.invalid,false
Perf04863,Load04863,1963-04-04,MALE,PRINCIPAL,,CFPERF04863,+256710004863,perf.04863+uat@example.invalid,false
Perf04864,Load04864,1964-05-05,FEMALE,PRINCIPAL,,CFPERF04864,+256710004864,perf.04864+uat@example.invalid,false
Perf04865,Load04865,1965-06-06,OTHER,PRINCIPAL,,CFPERF04865,+256710004865,perf.04865+uat@example.invalid,false
Perf04866,Load04866,1966-07-07,MALE,PRINCIPAL,,CFPERF04866,+256710004866,perf.04866+uat@example.invalid,false
Perf04867,Load04867,1967-08-08,FEMALE,PRINCIPAL,,CFPERF04867,+256710004867,perf.04867+uat@example.invalid,false
Perf04868,Load04868,1968-09-09,OTHER,PRINCIPAL,,CFPERF04868,+256710004868,perf.04868+uat@example.invalid,false
Perf04869,Load04869,1969-10-10,MALE,PRINCIPAL,,CFPERF04869,+256710004869,perf.04869+uat@example.invalid,false
Perf04870,Load04870,1970-11-11,FEMALE,PRINCIPAL,,CFPERF04870,+256710004870,perf.04870+uat@example.invalid,false
Perf04871,Load04871,1971-12-12,OTHER,PRINCIPAL,,CFPERF04871,+256710004871,perf.04871+uat@example.invalid,false
Perf04872,Load04872,1972-01-13,MALE,PRINCIPAL,,CFPERF04872,+256710004872,perf.04872+uat@example.invalid,false
Perf04873,Load04873,1973-02-14,FEMALE,PRINCIPAL,,CFPERF04873,+256710004873,perf.04873+uat@example.invalid,false
Perf04874,Load04874,1974-03-15,OTHER,PRINCIPAL,,CFPERF04874,+256710004874,perf.04874+uat@example.invalid,false
Perf04875,Load04875,1975-04-16,MALE,PRINCIPAL,,CFPERF04875,+256710004875,perf.04875+uat@example.invalid,false
Perf04876,Load04876,1976-05-17,FEMALE,PRINCIPAL,,CFPERF04876,+256710004876,perf.04876+uat@example.invalid,false
Perf04877,Load04877,1977-06-18,OTHER,PRINCIPAL,,CFPERF04877,+256710004877,perf.04877+uat@example.invalid,false
Perf04878,Load04878,1978-07-19,MALE,PRINCIPAL,,CFPERF04878,+256710004878,perf.04878+uat@example.invalid,false
Perf04879,Load04879,1979-08-20,FEMALE,PRINCIPAL,,CFPERF04879,+256710004879,perf.04879+uat@example.invalid,false
Perf04880,Load04880,1980-09-21,OTHER,PRINCIPAL,,CFPERF04880,+256710004880,perf.04880+uat@example.invalid,false
Perf04881,Load04881,1981-10-22,MALE,PRINCIPAL,,CFPERF04881,+256710004881,perf.04881+uat@example.invalid,false
Perf04882,Load04882,1982-11-23,FEMALE,PRINCIPAL,,CFPERF04882,+256710004882,perf.04882+uat@example.invalid,false
Perf04883,Load04883,1983-12-24,OTHER,PRINCIPAL,,CFPERF04883,+256710004883,perf.04883+uat@example.invalid,false
Perf04884,Load04884,1984-01-25,MALE,PRINCIPAL,,CFPERF04884,+256710004884,perf.04884+uat@example.invalid,false
Perf04885,Load04885,1985-02-26,FEMALE,PRINCIPAL,,CFPERF04885,+256710004885,perf.04885+uat@example.invalid,false
Perf04886,Load04886,1986-03-27,OTHER,PRINCIPAL,,CFPERF04886,+256710004886,perf.04886+uat@example.invalid,false
Perf04887,Load04887,1987-04-01,MALE,PRINCIPAL,,CFPERF04887,+256710004887,perf.04887+uat@example.invalid,false
Perf04888,Load04888,1988-05-02,FEMALE,PRINCIPAL,,CFPERF04888,+256710004888,perf.04888+uat@example.invalid,false
Perf04889,Load04889,1989-06-03,OTHER,PRINCIPAL,,CFPERF04889,+256710004889,perf.04889+uat@example.invalid,false
Perf04890,Load04890,1990-07-04,MALE,PRINCIPAL,,CFPERF04890,+256710004890,perf.04890+uat@example.invalid,false
Perf04891,Load04891,1991-08-05,FEMALE,PRINCIPAL,,CFPERF04891,+256710004891,perf.04891+uat@example.invalid,false
Perf04892,Load04892,1992-09-06,OTHER,PRINCIPAL,,CFPERF04892,+256710004892,perf.04892+uat@example.invalid,false
Perf04893,Load04893,1993-10-07,MALE,PRINCIPAL,,CFPERF04893,+256710004893,perf.04893+uat@example.invalid,false
Perf04894,Load04894,1994-11-08,FEMALE,PRINCIPAL,,CFPERF04894,+256710004894,perf.04894+uat@example.invalid,false
Perf04895,Load04895,1995-12-09,OTHER,PRINCIPAL,,CFPERF04895,+256710004895,perf.04895+uat@example.invalid,false
Perf04896,Load04896,1996-01-10,MALE,PRINCIPAL,,CFPERF04896,+256710004896,perf.04896+uat@example.invalid,false
Perf04897,Load04897,1997-02-11,FEMALE,PRINCIPAL,,CFPERF04897,+256710004897,perf.04897+uat@example.invalid,false
Perf04898,Load04898,1998-03-12,OTHER,PRINCIPAL,,CFPERF04898,+256710004898,perf.04898+uat@example.invalid,false
Perf04899,Load04899,1999-04-13,MALE,PRINCIPAL,,CFPERF04899,+256710004899,perf.04899+uat@example.invalid,false
Perf04900,Load04900,2000-05-14,FEMALE,PRINCIPAL,,CFPERF04900,+256710004900,perf.04900+uat@example.invalid,false
Perf04901,Load04901,2001-06-15,OTHER,PRINCIPAL,,CFPERF04901,+256710004901,perf.04901+uat@example.invalid,false
Perf04902,Load04902,2002-07-16,MALE,PRINCIPAL,,CFPERF04902,+256710004902,perf.04902+uat@example.invalid,false
Perf04903,Load04903,2003-08-17,FEMALE,PRINCIPAL,,CFPERF04903,+256710004903,perf.04903+uat@example.invalid,false
Perf04904,Load04904,2004-09-18,OTHER,PRINCIPAL,,CFPERF04904,+256710004904,perf.04904+uat@example.invalid,false
Perf04905,Load04905,1960-10-19,MALE,PRINCIPAL,,CFPERF04905,+256710004905,perf.04905+uat@example.invalid,false
Perf04906,Load04906,1961-11-20,FEMALE,PRINCIPAL,,CFPERF04906,+256710004906,perf.04906+uat@example.invalid,false
Perf04907,Load04907,1962-12-21,OTHER,PRINCIPAL,,CFPERF04907,+256710004907,perf.04907+uat@example.invalid,false
Perf04908,Load04908,1963-01-22,MALE,PRINCIPAL,,CFPERF04908,+256710004908,perf.04908+uat@example.invalid,false
Perf04909,Load04909,1964-02-23,FEMALE,PRINCIPAL,,CFPERF04909,+256710004909,perf.04909+uat@example.invalid,false
Perf04910,Load04910,1965-03-24,OTHER,PRINCIPAL,,CFPERF04910,+256710004910,perf.04910+uat@example.invalid,false
Perf04911,Load04911,1966-04-25,MALE,PRINCIPAL,,CFPERF04911,+256710004911,perf.04911+uat@example.invalid,false
Perf04912,Load04912,1967-05-26,FEMALE,PRINCIPAL,,CFPERF04912,+256710004912,perf.04912+uat@example.invalid,false
Perf04913,Load04913,1968-06-27,OTHER,PRINCIPAL,,CFPERF04913,+256710004913,perf.04913+uat@example.invalid,false
Perf04914,Load04914,1969-07-01,MALE,PRINCIPAL,,CFPERF04914,+256710004914,perf.04914+uat@example.invalid,false
Perf04915,Load04915,1970-08-02,FEMALE,PRINCIPAL,,CFPERF04915,+256710004915,perf.04915+uat@example.invalid,false
Perf04916,Load04916,1971-09-03,OTHER,PRINCIPAL,,CFPERF04916,+256710004916,perf.04916+uat@example.invalid,false
Perf04917,Load04917,1972-10-04,MALE,PRINCIPAL,,CFPERF04917,+256710004917,perf.04917+uat@example.invalid,false
Perf04918,Load04918,1973-11-05,FEMALE,PRINCIPAL,,CFPERF04918,+256710004918,perf.04918+uat@example.invalid,false
Perf04919,Load04919,1974-12-06,OTHER,PRINCIPAL,,CFPERF04919,+256710004919,perf.04919+uat@example.invalid,false
Perf04920,Load04920,1975-01-07,MALE,PRINCIPAL,,CFPERF04920,+256710004920,perf.04920+uat@example.invalid,false
Perf04921,Load04921,1976-02-08,FEMALE,PRINCIPAL,,CFPERF04921,+256710004921,perf.04921+uat@example.invalid,false
Perf04922,Load04922,1977-03-09,OTHER,PRINCIPAL,,CFPERF04922,+256710004922,perf.04922+uat@example.invalid,false
Perf04923,Load04923,1978-04-10,MALE,PRINCIPAL,,CFPERF04923,+256710004923,perf.04923+uat@example.invalid,false
Perf04924,Load04924,1979-05-11,FEMALE,PRINCIPAL,,CFPERF04924,+256710004924,perf.04924+uat@example.invalid,false
Perf04925,Load04925,1980-06-12,OTHER,PRINCIPAL,,CFPERF04925,+256710004925,perf.04925+uat@example.invalid,false
Perf04926,Load04926,1981-07-13,MALE,PRINCIPAL,,CFPERF04926,+256710004926,perf.04926+uat@example.invalid,false
Perf04927,Load04927,1982-08-14,FEMALE,PRINCIPAL,,CFPERF04927,+256710004927,perf.04927+uat@example.invalid,false
Perf04928,Load04928,1983-09-15,OTHER,PRINCIPAL,,CFPERF04928,+256710004928,perf.04928+uat@example.invalid,false
Perf04929,Load04929,1984-10-16,MALE,PRINCIPAL,,CFPERF04929,+256710004929,perf.04929+uat@example.invalid,false
Perf04930,Load04930,1985-11-17,FEMALE,PRINCIPAL,,CFPERF04930,+256710004930,perf.04930+uat@example.invalid,false
Perf04931,Load04931,1986-12-18,OTHER,PRINCIPAL,,CFPERF04931,+256710004931,perf.04931+uat@example.invalid,false
Perf04932,Load04932,1987-01-19,MALE,PRINCIPAL,,CFPERF04932,+256710004932,perf.04932+uat@example.invalid,false
Perf04933,Load04933,1988-02-20,FEMALE,PRINCIPAL,,CFPERF04933,+256710004933,perf.04933+uat@example.invalid,false
Perf04934,Load04934,1989-03-21,OTHER,PRINCIPAL,,CFPERF04934,+256710004934,perf.04934+uat@example.invalid,false
Perf04935,Load04935,1990-04-22,MALE,PRINCIPAL,,CFPERF04935,+256710004935,perf.04935+uat@example.invalid,false
Perf04936,Load04936,1991-05-23,FEMALE,PRINCIPAL,,CFPERF04936,+256710004936,perf.04936+uat@example.invalid,false
Perf04937,Load04937,1992-06-24,OTHER,PRINCIPAL,,CFPERF04937,+256710004937,perf.04937+uat@example.invalid,false
Perf04938,Load04938,1993-07-25,MALE,PRINCIPAL,,CFPERF04938,+256710004938,perf.04938+uat@example.invalid,false
Perf04939,Load04939,1994-08-26,FEMALE,PRINCIPAL,,CFPERF04939,+256710004939,perf.04939+uat@example.invalid,false
Perf04940,Load04940,1995-09-27,OTHER,PRINCIPAL,,CFPERF04940,+256710004940,perf.04940+uat@example.invalid,false
Perf04941,Load04941,1996-10-01,MALE,PRINCIPAL,,CFPERF04941,+256710004941,perf.04941+uat@example.invalid,false
Perf04942,Load04942,1997-11-02,FEMALE,PRINCIPAL,,CFPERF04942,+256710004942,perf.04942+uat@example.invalid,false
Perf04943,Load04943,1998-12-03,OTHER,PRINCIPAL,,CFPERF04943,+256710004943,perf.04943+uat@example.invalid,false
Perf04944,Load04944,1999-01-04,MALE,PRINCIPAL,,CFPERF04944,+256710004944,perf.04944+uat@example.invalid,false
Perf04945,Load04945,2000-02-05,FEMALE,PRINCIPAL,,CFPERF04945,+256710004945,perf.04945+uat@example.invalid,false
Perf04946,Load04946,2001-03-06,OTHER,PRINCIPAL,,CFPERF04946,+256710004946,perf.04946+uat@example.invalid,false
Perf04947,Load04947,2002-04-07,MALE,PRINCIPAL,,CFPERF04947,+256710004947,perf.04947+uat@example.invalid,false
Perf04948,Load04948,2003-05-08,FEMALE,PRINCIPAL,,CFPERF04948,+256710004948,perf.04948+uat@example.invalid,false
Perf04949,Load04949,2004-06-09,OTHER,PRINCIPAL,,CFPERF04949,+256710004949,perf.04949+uat@example.invalid,false
Perf04950,Load04950,1960-07-10,MALE,PRINCIPAL,,CFPERF04950,+256710004950,perf.04950+uat@example.invalid,false
Perf04951,Load04951,1961-08-11,FEMALE,PRINCIPAL,,CFPERF04951,+256710004951,perf.04951+uat@example.invalid,false
Perf04952,Load04952,1962-09-12,OTHER,PRINCIPAL,,CFPERF04952,+256710004952,perf.04952+uat@example.invalid,false
Perf04953,Load04953,1963-10-13,MALE,PRINCIPAL,,CFPERF04953,+256710004953,perf.04953+uat@example.invalid,false
Perf04954,Load04954,1964-11-14,FEMALE,PRINCIPAL,,CFPERF04954,+256710004954,perf.04954+uat@example.invalid,false
Perf04955,Load04955,1965-12-15,OTHER,PRINCIPAL,,CFPERF04955,+256710004955,perf.04955+uat@example.invalid,false
Perf04956,Load04956,1966-01-16,MALE,PRINCIPAL,,CFPERF04956,+256710004956,perf.04956+uat@example.invalid,false
Perf04957,Load04957,1967-02-17,FEMALE,PRINCIPAL,,CFPERF04957,+256710004957,perf.04957+uat@example.invalid,false
Perf04958,Load04958,1968-03-18,OTHER,PRINCIPAL,,CFPERF04958,+256710004958,perf.04958+uat@example.invalid,false
Perf04959,Load04959,1969-04-19,MALE,PRINCIPAL,,CFPERF04959,+256710004959,perf.04959+uat@example.invalid,false
Perf04960,Load04960,1970-05-20,FEMALE,PRINCIPAL,,CFPERF04960,+256710004960,perf.04960+uat@example.invalid,false
Perf04961,Load04961,1971-06-21,OTHER,PRINCIPAL,,CFPERF04961,+256710004961,perf.04961+uat@example.invalid,false
Perf04962,Load04962,1972-07-22,MALE,PRINCIPAL,,CFPERF04962,+256710004962,perf.04962+uat@example.invalid,false
Perf04963,Load04963,1973-08-23,FEMALE,PRINCIPAL,,CFPERF04963,+256710004963,perf.04963+uat@example.invalid,false
Perf04964,Load04964,1974-09-24,OTHER,PRINCIPAL,,CFPERF04964,+256710004964,perf.04964+uat@example.invalid,false
Perf04965,Load04965,1975-10-25,MALE,PRINCIPAL,,CFPERF04965,+256710004965,perf.04965+uat@example.invalid,false
Perf04966,Load04966,1976-11-26,FEMALE,PRINCIPAL,,CFPERF04966,+256710004966,perf.04966+uat@example.invalid,false
Perf04967,Load04967,1977-12-27,OTHER,PRINCIPAL,,CFPERF04967,+256710004967,perf.04967+uat@example.invalid,false
Perf04968,Load04968,1978-01-01,MALE,PRINCIPAL,,CFPERF04968,+256710004968,perf.04968+uat@example.invalid,false
Perf04969,Load04969,1979-02-02,FEMALE,PRINCIPAL,,CFPERF04969,+256710004969,perf.04969+uat@example.invalid,false
Perf04970,Load04970,1980-03-03,OTHER,PRINCIPAL,,CFPERF04970,+256710004970,perf.04970+uat@example.invalid,false
Perf04971,Load04971,1981-04-04,MALE,PRINCIPAL,,CFPERF04971,+256710004971,perf.04971+uat@example.invalid,false
Perf04972,Load04972,1982-05-05,FEMALE,PRINCIPAL,,CFPERF04972,+256710004972,perf.04972+uat@example.invalid,false
Perf04973,Load04973,1983-06-06,OTHER,PRINCIPAL,,CFPERF04973,+256710004973,perf.04973+uat@example.invalid,false
Perf04974,Load04974,1984-07-07,MALE,PRINCIPAL,,CFPERF04974,+256710004974,perf.04974+uat@example.invalid,false
Perf04975,Load04975,1985-08-08,FEMALE,PRINCIPAL,,CFPERF04975,+256710004975,perf.04975+uat@example.invalid,false
Perf04976,Load04976,1986-09-09,OTHER,PRINCIPAL,,CFPERF04976,+256710004976,perf.04976+uat@example.invalid,false
Perf04977,Load04977,1987-10-10,MALE,PRINCIPAL,,CFPERF04977,+256710004977,perf.04977+uat@example.invalid,false
Perf04978,Load04978,1988-11-11,FEMALE,PRINCIPAL,,CFPERF04978,+256710004978,perf.04978+uat@example.invalid,false
Perf04979,Load04979,1989-12-12,OTHER,PRINCIPAL,,CFPERF04979,+256710004979,perf.04979+uat@example.invalid,false
Perf04980,Load04980,1990-01-13,MALE,PRINCIPAL,,CFPERF04980,+256710004980,perf.04980+uat@example.invalid,false
Perf04981,Load04981,1991-02-14,FEMALE,PRINCIPAL,,CFPERF04981,+256710004981,perf.04981+uat@example.invalid,false
Perf04982,Load04982,1992-03-15,OTHER,PRINCIPAL,,CFPERF04982,+256710004982,perf.04982+uat@example.invalid,false
Perf04983,Load04983,1993-04-16,MALE,PRINCIPAL,,CFPERF04983,+256710004983,perf.04983+uat@example.invalid,false
Perf04984,Load04984,1994-05-17,FEMALE,PRINCIPAL,,CFPERF04984,+256710004984,perf.04984+uat@example.invalid,false
Perf04985,Load04985,1995-06-18,OTHER,PRINCIPAL,,CFPERF04985,+256710004985,perf.04985+uat@example.invalid,false
Perf04986,Load04986,1996-07-19,MALE,PRINCIPAL,,CFPERF04986,+256710004986,perf.04986+uat@example.invalid,false
Perf04987,Load04987,1997-08-20,FEMALE,PRINCIPAL,,CFPERF04987,+256710004987,perf.04987+uat@example.invalid,false
Perf04988,Load04988,1998-09-21,OTHER,PRINCIPAL,,CFPERF04988,+256710004988,perf.04988+uat@example.invalid,false
Perf04989,Load04989,1999-10-22,MALE,PRINCIPAL,,CFPERF04989,+256710004989,perf.04989+uat@example.invalid,false
Perf04990,Load04990,2000-11-23,FEMALE,PRINCIPAL,,CFPERF04990,+256710004990,perf.04990+uat@example.invalid,false
Perf04991,Load04991,2001-12-24,OTHER,PRINCIPAL,,CFPERF04991,+256710004991,perf.04991+uat@example.invalid,false
Perf04992,Load04992,2002-01-25,MALE,PRINCIPAL,,CFPERF04992,+256710004992,perf.04992+uat@example.invalid,false
Perf04993,Load04993,2003-02-26,FEMALE,PRINCIPAL,,CFPERF04993,+256710004993,perf.04993+uat@example.invalid,false
Perf04994,Load04994,2004-03-27,OTHER,PRINCIPAL,,CFPERF04994,+256710004994,perf.04994+uat@example.invalid,false
Perf04995,Load04995,1960-04-01,MALE,PRINCIPAL,,CFPERF04995,+256710004995,perf.04995+uat@example.invalid,false
Perf04996,Load04996,1961-05-02,FEMALE,PRINCIPAL,,CFPERF04996,+256710004996,perf.04996+uat@example.invalid,false
Perf04997,Load04997,1962-06-03,OTHER,PRINCIPAL,,CFPERF04997,+256710004997,perf.04997+uat@example.invalid,false
Perf04998,Load04998,1963-07-04,MALE,PRINCIPAL,,CFPERF04998,+256710004998,perf.04998+uat@example.invalid,false
Perf04999,Load04999,1964-08-05,FEMALE,PRINCIPAL,,CFPERF04999,+256710004999,perf.04999+uat@example.invalid,false
Perf05000,Load05000,1965-09-06,OTHER,PRINCIPAL,,CFPERF05000,+256710005000,perf.05000+uat@example.invalid,false
